year,game_id,team,week,opponent,result,qb_epa,pass_epa,receiver_epa,rb_epa,off_epa,protection,sack_rate,rush_block_proxy,pass_rush,coverage,run_defense,qb_n,receiver_n,rb_n,pass_n,non_wrte_n,non_wrte_epa,clean_qb_epa,clean_qb_n,nonstuff_rb_epa,nonstuff_rb_n,clean_coverage,clean_coverage_n
2024,2024_01_ARI_BUF,ARI,1,BUF,-6.0,0.17328418137630863,0.26224897294973526,0.20523546105323467,-0.13975567388999804,0.0633349994481932,-0.17142857142857143,0.11428571428571428,0.9,0.12,-0.6818790845205985,0.21083233520766956,39,24,20,31,7,0.45772387088059446,0.28492270704382705,29,-0.010466770374875613,18,-0.5706452747412679,22
2024,2024_01_ARI_BUF,BUF,1,ARI,6.0,0.5369328525957309,0.6818790845205985,0.7080386147831121,-0.21083233520766956,0.22208435246798333,-0.12,0.08,0.75,0.17142857142857143,-0.26224897294973526,0.13975567388999804,33,18,24,23,5,0.5877047755755495,0.5706452747412679,22,0.013151673325208078,18,-0.28492270704382705,29
2024,2024_01_BAL_KC,BAL,1,KC,-7.0,0.043397631954722383,0.07524326903665043,0.07659212587036895,0.18828086548351855,0.08064930100139901,-0.047619047619047616,0.023809523809523808,0.9285714285714286,0.2,-0.49352544255525493,0.23997809228946146,58,30,14,41,11,0.07156456858105448,0.10795317884003594,40,0.26629252645831875,13,-0.568563871637404,24
2024,2024_01_BAL_KC,KC,1,BAL,7.0,0.3905289957729805,0.49352544255525493,0.661181120795385,-0.23997809228946146,0.2084062224455951,-0.2,0.06666666666666667,0.8823529411764706,0.047619047619047616,-0.07524326903665043,-0.18828086548351855,31,21,17,28,7,-0.009441592165135404,0.568563871637404,24,-0.1754639942101979,15,-0.10795317884003594,40
2024,2024_01_CAR_NO,CAR,1,NO,-37.0,-0.3901123067389075,-0.39524384658391926,-0.37917536055357376,-0.44572536200673,-0.4854165381306122,-0.17142857142857143,0.11428571428571428,0.8666666666666667,0.04,-0.37103423138089053,-0.06829723454866372,39,27,15,31,4,-0.5037061272887513,-0.31516328191254916,29,-0.2728025122509839,13,-0.37103423138089053,24
2024,2024_01_CAR_NO,NO,1,CAR,37.0,0.28400714343584565,0.37103423138089053,0.4315927603030849,0.06829723454866372,0.2058199877417748,-0.04,0.04,0.8333333333333334,0.17142857142857143,0.39524384658391926,0.44572536200673,27,18,30,24,6,0.1893586446143075,0.37103423138089053,24,0.3173970759077925,25,0.31516328191254916,29
2024,2024_01_DAL_CLE,CLE,1,DAL,-16.0,-0.3503281267741323,-0.2899332072055486,-0.29668797625786164,0.041990557999399714,-0.2718643898194259,-0.3333333333333333,0.11764705882352941,0.8571428571428572,0.11428571428571428,0.0857764727740043,0.024361051890178228,56,33,14,45,12,-0.2713575923116876,-0.21459391894955746,34,0.26181584130730085,12,0.07544314289043937,31
2024,2024_01_DAL_CLE,DAL,1,CLE,16.0,-0.17319961617419016,-0.0857764727740043,-0.14752148629924255,-0.024361051890178228,-0.11094499589713303,-0.11428571428571428,0.08571428571428572,0.8947368421052632,0.3333333333333333,0.2899332072055486,-0.041990557999399714,36,26,19,32,6,0.18178525250202812,-0.07544314289043937,31,0.08054754564107157,17,0.21459391894955746,34
2024,2024_01_DEN_SEA,DEN,1,SEA,-6.0,-0.3585417883181374,-0.46894635746763197,-0.2921604611131977,-0.19478937197709423,-0.3110773198134872,-0.20454545454545456,0.045454545454545456,0.8,0.25925925925925924,0.09707563869997925,0.06465115091123155,49,34,20,42,8,-1.2202864169739776,-0.3403779400238222,35,0.0010129871225216802,16,-0.1346245342708819,20
2024,2024_01_DEN_SEA,SEA,1,DEN,6.0,-0.049011452267944865,-0.09707563869997925,-0.11026419487219911,-0.06465115091123155,-0.06467581254462003,-0.25925925925925924,0.07407407407407407,0.7142857142857143,0.20454545454545456,0.46894635746763197,0.19478937197709423,28,19,28,25,6,-0.05531187748794967,0.1346245342708819,20,0.2590185791981641,20,0.3403779400238222,35
2024,2024_01_GB_PHI,GB,1,PHI,-5.0,0.06415354802939773,0.06451151642395749,0.21229064900267508,0.23855792748440255,0.18244728270952576,-0.13513513513513514,0.05405405405405406,0.6666666666666667,0.14285714285714285,-0.41947909500661573,0.00736685400363066,37,26,21,35,9,-0.36240597769233784,0.16638002292338117,32,0.8108204191292838,14,-0.47413386616778286,30
2024,2024_01_GB_PHI,PHI,1,GB,5.0,0.08958671433479821,0.41947909500661573,0.4861708570343373,-0.00736685400363066,0.05638343750656913,-0.14285714285714285,0.05714285714285714,0.84,0.13513513513513514,-0.06451151642395749,-0.23855792748440255,48,26,25,33,7,0.1717668360465068,0.47413386616778286,30,0.19729135459887678,21,-0.16638002292338117,32
2024,2024_01_HOU_IND,HOU,1,IND,2.0,0.18109976717290083,0.46303222781411657,0.6268425375081437,0.09515099916119567,0.1407447836963438,-0.25,0.1111111111111111,0.8529411764705882,0.09523809523809523,-0.08366427233589674,0.20275927365924623,38,27,34,32,5,-0.42154344453362996,0.3552078655453613,27,0.25493040945128037,29,-0.08366427233589674,19
2024,2024_01_HOU_IND,IND,1,HOU,-2.0,0.21222082234453407,0.08366427233589674,0.08366427233589674,-0.20275927365924623,0.051887603433982604,-0.09523809523809523,0.09523809523809523,0.7647058823529411,0.25,-0.46303222781411657,-0.09515099916119567,27,19,17,19,0,,0.08366427233589674,19,0.1736130319253647,13,-0.3552078655453613,27
2024,2024_01_JAX_MIA,JAX,1,MIA,-3.0,0.10802820682446188,0.25993950467550875,0.38304128270465254,-0.47104584029633156,-0.14796364907913517,-0.16666666666666666,0.125,0.7916666666666666,0.1,-0.22018330086227053,0.16248393059698055,25,16,24,21,5,-0.1339861850177515,0.3100118954539617,20,-0.19398978705775297,19,-0.2359197853117876,36
2024,2024_01_JAX_MIA,MIA,1,JAX,3.0,0.12986246828742187,0.22018330086227053,0.16744022166742817,-0.16248393059698055,0.024073320350967462,-0.1,0.075,0.6956521739130435,0.16666666666666666,-0.25993950467550875,0.47104584029633156,41,25,23,37,12,0.33006471585152547,0.2359197853117876,36,0.2829113046360688,16,-0.3100118954539617,20
2024,2024_01_LA_DET,DET,1,LA,6.0,-0.10319176975825066,-0.07600549967626487,-0.0959328655416484,0.29394503268538,0.10577639370049995,-0.16666666666666666,0.06666666666666667,0.9285714285714286,0.21568627450980393,-0.127044556523837,0.09892633381854248,31,21,28,28,7,-0.016223402080114253,-0.09736151039525405,25,0.3777205367962149,26,-0.12459381668133089,40
2024,2024_01_LA_DET,LA,1,DET,-6.0,0.08894942955929064,0.127044556523837,0.18088162453731566,-0.09892633381854248,0.04388225834316135,-0.21568627450980393,0.0392156862745098,0.8,0.16666666666666666,0.07600549967626487,-0.29394503268538,51,45,20,49,4,-0.4786224586277976,0.12459381668133089,40,0.056913107695052326,16,0.09736151039525405,25
2024,2024_01_LV_LAC,LAC,1,LV,12.0,-0.19263246427673034,-0.09343872560564698,0.06607375751994016,0.04535705855167088,-0.08854648322839696,-0.18518518518518517,0.037037037037037035,0.7727272727272727,0.16216216216216217,-0.3064941409416995,0.8309641173950193,28,20,22,26,6,-0.6251470026909375,-0.058920644988642516,22,0.28718499700977135,17,-0.2935617128994486,31
2024,2024_01_LV_LAC,LV,1,LAC,-12.0,-0.1130509018063485,0.3064941409416995,0.5751792742492506,-0.8309641173950193,-0.33483836367411807,-0.16216216216216217,0.10810810810810811,0.7222222222222222,0.18518518518518517,0.09343872560564698,-0.04535705855167088,40,24,18,33,9,-0.4099995478784366,0.2935617128994486,31,-0.5931727035920351,13,0.058920644988642516,22
2024,2024_01_MIN_NYG,MIN,1,NYG,22.0,0.2512162365040875,0.355644160614853,0.8018433455581537,0.043256450057252385,0.15555473473854334,-0.08,0.04,0.8695652173913043,0.2553191489361702,0.4100203227261781,0.22562324274830278,27,16,23,24,8,-0.5367542092717486,0.3181329015642402,23,0.20278261847270146,20,0.4103322427987959,35
2024,2024_01_MIN_NYG,NYG,1,MIN,-22.0,-0.4218103103207471,-0.4100203227261781,-0.4139667561818124,-0.22562324274830278,-0.35724221298858233,-0.2553191489361702,0.10638297872340426,0.8571428571428572,0.08,-0.355644160614853,-0.043256450057252385,53,29,14,42,13,-0.40121674040207095,-0.4103322427987959,35,-0.1725762565232196,12,-0.3181329015642402,23
2024,2024_01_NE_CIN,CIN,1,NE,-6.0,-0.29791501492947137,-0.20130044647396125,-0.19969997020565317,0.17794650707704332,-0.17894963442784265,-0.09375,0.09375,0.9166666666666666,0.28,0.09015151176310354,0.05514376083556258,36,22,12,29,7,-0.20633051474578665,-0.20130044647396125,29,0.26663954995720746,11,0.14463236417349393,18
2024,2024_01_NE_CIN,NE,1,CIN,6.0,0.04633600925769764,-0.09015151176310354,0.07184568420689033,-0.05514376083556258,-0.006899279971553654,-0.28,0.04,0.84375,0.09375,0.20130044647396125,-0.17794650707704332,29,20,32,24,4,-0.9001374916130729,-0.14463236417349393,18,0.08709585846022344,27,0.20130044647396125,29
2024,2024_01_NYJ_SF,NYJ,1,SF,-13.0,0.07382357639688729,0.10841319089502541,0.2772375706898117,-0.2116500986812685,-0.031044304244067865,-0.13333333333333333,0.03333333333333333,0.7777777777777778,0.125,-0.3056352779615112,-0.09074503887573618,31,22,18,29,7,-0.42217771703144574,0.17433168139653493,26,0.020257514315225322,14,-0.37850861423572585,28
2024,2024_01_NYJ_SF,SF,1,NYJ,13.0,0.15373304539477145,0.3056352779615112,0.2235402748604139,0.09074503887573618,0.1005991533829057,-0.125,0.09375,0.9285714285714286,0.13333333333333333,-0.10841319089502541,0.2116500986812685,33,25,28,29,4,0.8187290473433695,0.37850861423572585,28,0.16132635342140783,26,-0.17433168139653493,26
2024,2024_01_PIT_ATL,ATL,1,PIT,-8.0,-0.6061932345352794,-0.36466943812829944,-0.5680732526751754,-0.0116407620315882,-0.3513850320336975,-0.25925925925925924,0.07407407407407407,0.8571428571428572,0.16,-0.12485381718377835,0.1134148474988326,28,18,21,25,7,0.1583689421350957,-0.36112308031930096,20,0.12409634307389061,18,0.02936103744369015,21
2024,2024_01_PIT_ATL,PIT,1,ATL,8.0,-0.048389906250231846,0.12485381718377835,0.23256885675502698,-0.1134148474988326,-0.09979451265639382,-0.16,0.08,0.8846153846153846,0.25925925925925924,0.36466943812829944,0.0116407620315882,39,18,26,23,5,-0.26292032527271675,-0.02936103744369015,21,0.008835260190979227,23,0.36112308031930096,20
2024,2024_01_TEN_CHI,CHI,1,TEN,7.0,-0.3564301240956491,-0.31463354904896845,-0.29527792231697164,-0.20519890038745578,-0.2744242092432489,-0.12903225806451613,0.06451612903225806,0.6428571428571428,0.2857142857142857,0.33015711150078975,-0.016434646710695444,34,28,14,29,1,-0.8565910975448787,-0.24214641841987433,27,0.30649195741473945,9,0.21307911717106498,25
2024,2024_01_TEN_CHI,TEN,1,CHI,-7.0,-0.3976259355759066,-0.33015711150078975,0.23611334827422223,0.016434646710695444,-0.26414464840040236,-0.2857142857142857,0.08571428571428572,0.85,0.12903225806451613,0.31463354904896845,0.20519890038745578,39,19,20,32,13,-1.1577831680950381,-0.21307911717106498,25,0.14747849779087144,17,0.24214641841987433,27
2024,2024_01_WAS_TB,TB,1,WAS,17.0,0.6208400488800687,0.7721394219380336,0.8490752669615181,-0.20562093385888114,0.26636196361922104,-0.12903225806451613,0.03225806451612903,0.6666666666666667,0.07692307692307693,-0.13074624056972176,0.01514178921310588,34,21,24,30,9,0.5926224502165698,0.754103920282675,27,0.16316666272359698,16,-0.13074624056972176,24
2024,2024_01_WAS_TB,WAS,1,TB,-17.0,0.1930312940731642,0.13074624056972176,-0.09132506622553513,-0.01514178921310588,0.14004178196393177,-0.07692307692307693,0.07692307692307693,0.7857142857142857,0.12903225806451613,-0.7721394219380336,0.20562093385888114,41,16,14,24,8,0.5748888541602355,0.13074624056972176,24,0.24399285177721372,11,-0.754103920282675,27
2024,2024_02_ATL_PHI,ATL,2,PHI,1.0,0.2628386055824412,0.40189174359245927,0.48183264546247073,0.06506585345082208,0.17132550093152224,-0.06666666666666667,0.03333333333333333,0.9130434782608696,0.16129032258064516,-0.09784272287420541,0.10457064874178723,32,23,23,29,6,0.09545161975741549,0.36099253087303607,28,0.276981581767489,21,-0.1491666619203759,26
2024,2024_02_ATL_PHI,PHI,2,ATL,-1.0,0.2494882328908975,0.09784272287420541,0.04676701975404305,-0.10457064874178723,0.11931952640829276,-0.16129032258064516,0.03225806451612903,0.84,0.06666666666666667,-0.40189174359245927,-0.06506585345082208,43,24,25,30,6,0.30214553535485483,0.1491666619203759,26,0.025290761301659706,21,-0.36099253087303607,28
2024,2024_02_BUF_MIA,BUF,2,MIA,21.0,0.5411838519268977,0.5869164675423513,0.32670946911133086,-0.032563921958041885,0.23071621487760668,0.0,0.0,0.7142857142857143,0.12195121951219512,0.25845516481865743,0.20792516041346354,20,14,21,19,5,1.3154960631492085,0.5869164675423513,19,0.3740858955289392,15,0.037380396330318644,36
2024,2024_02_BUF_MIA,MIA,2,BUF,-21.0,-0.34428200419250604,-0.25845516481865743,-0.35031684224564524,-0.20792516041346354,-0.2667295842509362,-0.12195121951219512,0.04878048780487805,0.6551724137931034,0.0,-0.5869164675423513,0.032563921958041885,44,28,29,39,11,-0.024625440459052038,-0.037380396330318644,36,0.25342503978601233,19,-0.5869164675423513,19
2024,2024_02_CHI_HOU,CHI,2,HOU,-6.0,-0.40672374791417115,-0.2677620032278364,-0.17659488470030638,-0.04533616120769537,-0.31363906648977585,-0.22727272727272727,0.1590909090909091,0.7058823529411764,0.10256410256410256,-0.1932770142587562,0.5630212816015246,49,27,17,37,10,-0.5139132232521673,-0.23684355658051098,34,0.3075304481972128,12,-0.17043202003634286,35
2024,2024_02_CHI_HOU,HOU,2,CHI,6.0,0.04125272102735067,0.1932770142587562,0.26428325718906476,-0.5630212816015246,-0.14967986270336808,-0.10256410256410256,0.07692307692307693,0.7222222222222222,0.22727272727272727,0.2677620032278364,0.04533616120769537,39,26,18,36,10,0.00866078263995398,0.17043202003634286,35,-0.17310057664200534,13,0.23684355658051098,34
2024,2024_02_CIN_KC,CIN,2,KC,-1.0,0.08208381910736447,0.3557974379047512,0.4114349037874764,-0.055982610276259955,0.04586967369526623,-0.15384615384615385,0.07692307692307693,0.9375,0.14814814814814814,0.2710028041332227,-0.11521163195991156,45,33,16,36,3,-0.25621468680522597,0.42373408502407306,33,0.04021390038154404,15,0.2699592226370878,23
2024,2024_02_CIN_KC,KC,2,CIN,1.0,-0.2239915243260751,-0.2710028041332227,-0.2203464959711715,0.11521163195991156,-0.07000056183861557,-0.14814814814814814,0.07407407407407407,0.8846153846153846,0.15384615384615385,-0.3557974379047512,0.055982610276259955,31,16,26,25,9,-0.3610584630879804,-0.2699592226370878,23,0.2430859348139626,23,-0.42373408502407306,33
2024,2024_02_CLE_JAX,CLE,2,JAX,5.0,0.10152064641647437,0.13348613019802633,0.2385419315670498,-0.13242556900050584,0.022338850429188747,-0.2222222222222222,0.05555555555555555,0.8636363636363636,0.21212121212121213,-0.011429636868045713,-0.01883304627618753,43,28,22,34,6,-0.35677427619075,0.03294981748151825,28,-0.04445035919228484,19,-0.06746774479544024,26
2024,2024_02_CLE_JAX,JAX,2,CLE,-5.0,-0.05861198765361324,0.011429636868045713,0.18191203654226396,0.01883304627618753,-0.03399286179975271,-0.21212121212121213,0.12121212121212122,0.7777777777777778,0.2222222222222222,-0.13348613019802633,0.13242556900050584,35,23,18,29,6,-0.6420862285497909,0.06746774479544024,26,0.34536739939773886,14,-0.03294981748151825,28
2024,2024_02_IND_GB,GB,2,IND,6.0,0.44768372414980906,0.6419138473180961,0.839637287735183,-0.25301207572993095,-0.002082110913909059,0.0,0.0,0.8372093023255813,0.08823529411764706,0.19591906796906725,-0.0468099372552943,20,12,43,14,2,-0.5444267951844255,0.6419138473180961,14,-0.15149469318653835,36,0.16936177421443818,31
2024,2024_02_IND_GB,IND,2,GB,-6.0,-0.14819538596336299,-0.19591906796906725,-0.13484715876605535,0.0468099372552943,-0.09569395278910911,-0.08823529411764706,0.029411764705882353,0.7857142857142857,0.0,-0.6419138473180961,0.25301207572993095,38,25,14,33,8,-0.3867687842284795,-0.16936177421443818,31,0.4328682431263253,11,-0.6419138473180961,14
2024,2024_02_LAC_CAR,CAR,2,LAC,-23.0,-0.7542305633402293,-0.6587024255557942,-0.6038024392329294,-0.04089411718579131,-0.4906062245440241,-0.07142857142857142,0.07142857142857142,0.9411764705882353,0.09523809523809523,-0.299171828724343,-0.10054829028196606,29,18,17,26,8,-0.7822273947822398,-0.6587024255557942,26,0.02364570603094736,16,-0.3496636225990378,19
2024,2024_02_LAC_CAR,LAC,2,CAR,23.0,0.12845477717430265,0.299171828724343,0.41320273160638665,0.10054829028196606,0.11135080133706407,-0.09523809523809523,0.047619047619047616,0.8421052631578947,0.07142857142857142,0.6587024255557942,0.04089411718579131,24,18,38,20,2,-0.7271062972140498,0.3496636225990378,19,0.31486508773923555,32,0.6587024255557942,26
2024,2024_02_LA_ARI,ARI,2,LA,31.0,0.5765783461815526,0.9463852998763184,1.0489844571145,0.15762501641395776,0.34682974598641997,-0.045454545454545456,0.045454545454545456,0.8529411764705882,0.28125,-0.07985021342648345,0.1259297728349341,28,19,34,21,2,-0.02830669388640672,0.9463852998763184,21,0.33025511661705026,29,-0.16512544446943603,23
2024,2024_02_LA_ARI,LA,2,ARI,-31.0,-0.3487372697369565,0.07985021342648345,0.1397629424283781,-0.1259297728349341,-0.263042078620794,-0.28125,0.15625,0.7,0.045454545454545456,-0.9463852998763184,-0.15762501641395776,32,21,20,27,6,-0.12984433808014795,0.16512544446943603,23,0.24566306659627463,14,-0.9463852998763184,21
2024,2024_02_LV_BAL,BAL,2,LV,-3.0,0.01108600008194298,0.11109925153883941,0.16793227671766803,-0.04971897191188086,-0.010843661948616416,-0.058823529411764705,0.058823529411764705,0.7727272727272727,0.20930232558139536,-0.1688810368084835,0.4597096483726882,39,27,22,32,5,-0.19579908442683508,0.11109925153883941,32,0.19577346171375754,17,-0.18526160103775732,34
2024,2024_02_LV_BAL,LV,2,BAL,3.0,-0.05618912852811075,0.1688810368084835,0.3795376489763545,-0.4597096483726882,-0.16523290203071817,-0.20930232558139536,0.11627906976744186,0.7333333333333334,0.058823529411764705,-0.11109925153883941,0.04971897191188086,43,30,15,38,8,-0.6210812588210328,0.18526160103775732,34,-0.17811805860249166,11,-0.11109925153883941,32
2024,2024_02_NO_DAL,DAL,2,NO,-25.0,-0.17447202234770692,-0.14027954361046993,-0.20441490675693763,-0.1005953876301647,-0.17185714665842453,-0.06818181818181818,0.06818181818181818,1.0,0.11764705882352941,-0.9291683942174127,-0.24822252716169055,46,32,17,41,9,0.08775730313252635,-0.14027954361046993,41,-0.1005953876301647,17,-0.5983763485254402,15
2024,2024_02_NO_DAL,NO,2,DAL,25.0,0.8184298700070936,0.9291683942174127,0.9773698963214298,0.24822252716169055,0.4612524633274665,-0.11764705882352941,0.058823529411764705,0.9285714285714286,0.06818181818181818,0.14027954361046993,0.1005953876301647,18,11,28,16,5,0.8231250895885751,0.5983763485254402,15,0.3469916495970786,26,0.14027954361046993,41
2024,2024_02_NYG_WAS,NYG,2,WAS,-3.0,0.2921953847159302,0.34731651462997026,0.4164264111112479,-0.16481238155050495,0.13985946262711846,-0.13793103448275862,0.034482758620689655,0.8235294117647058,0.20588235294117646,-0.36562068764543126,-0.15955366638844218,34,26,17,28,2,-0.551112139626639,0.2907763711316509,25,-0.05270803574239796,14,-0.3558262732334225,27
2024,2024_02_NYG_WAS,WAS,2,NYG,3.0,0.15466335623262303,0.36562068764543126,0.31643619816572055,0.15955366638844218,0.15648809882807796,-0.20588235294117646,0.14705882352941177,0.8,0.13793103448275862,-0.34731651462997026,0.16481238155050495,42,23,25,29,6,0.554161230650989,0.3558262732334225,27,0.4648537658504206,20,-0.2907763711316509,25
2024,2024_02_NYJ_TEN,NYJ,2,TEN,7.0,0.040200844663879604,0.15970717955999228,0.15103253572079436,0.01174642279788516,0.035649044995437466,-0.09375,0.0625,0.7142857142857143,0.1875,-0.06299085230940778,0.1286798915525965,33,17,21,30,13,0.17105094458048187,0.18356225959841832,29,0.44477591827356566,15,-0.10341565575352187,26
2024,2024_02_NYJ_TEN,TEN,2,NYJ,-7.0,-0.11535115954757175,0.06299085230940778,0.058130442737724705,-0.1286798915525965,-0.08954142496916552,-0.1875,0.125,0.8695652173913043,0.09375,-0.15970717955999228,-0.01174642279788516,36,19,23,28,9,0.07325171696073868,0.10341565575352187,26,-0.04353727512979248,20,-0.18356225959841832,29
2024,2024_02_PIT_DEN,DEN,2,PIT,-7.0,-0.19095614379095094,-0.13340542344475384,-0.20270520936530906,-0.3856903352619461,-0.24311708793496753,-0.1891891891891892,0.05405405405405406,0.7333333333333334,0.2727272727272727,-0.21132094455288147,0.19907681802505683,41,26,15,35,9,0.06679395810351678,-0.12918491109260424,30,-0.015394452324306883,11,-0.30493206282392366,16
2024,2024_02_PIT_DEN,PIT,2,DEN,7.0,-0.047407996999572384,0.21132094455288147,0.35612928394052085,-0.19907681802505683,-0.1206274278394614,-0.2727272727272727,0.09090909090909091,0.9285714285714286,0.1891891891891892,0.13340542344475384,0.3856903352619461,30,14,28,20,6,-0.1265651806849437,0.30493206282392366,16,-0.17386061544764847,26,0.12918491109260424,30
2024,2024_02_SEA_NE,NE,2,SEA,-3.0,0.024547718408567558,0.2230797223084758,0.45910445097218006,0.10993016967514618,0.056435423998235645,-0.23333333333333334,0.1,0.8787878787878788,0.10869565217391304,-0.28850425707939786,0.6594744542383987,32,18,33,27,9,-0.24896973501893271,0.36882731811820807,23,0.2829496291975876,29,-0.22830142007243434,41
2024,2024_02_SEA_NE,SEA,2,NE,3.0,0.21310695825028225,0.28850425707939786,0.2959964973943944,-0.6594744542383987,0.022229774268383316,-0.10869565217391304,0.06521739130434782,0.7142857142857143,0.23333333333333334,-0.2230797223084758,-0.10993016967514618,50,38,14,43,5,0.23156323068542442,0.22830142007243434,41,-0.321356826147977,10,-0.36882731811820807,23
2024,2024_02_SF_MIN,MIN,2,SF,6.0,-0.17205057742615704,-0.10788219122261661,0.402546227423928,0.1764592810592867,-0.04221357132373687,-0.20689655172413793,0.13793103448275862,0.9473684210526316,0.19047619047619047,-0.32921746646186656,0.009435627091165617,32,18,19,25,7,-1.4204124105994453,0.047280241259000044,23,0.2585145603099744,18,-0.49400774593317776,34
2024,2024_02_SF_MIN,SF,2,MIN,-6.0,-0.023339264200000542,0.32921746646186656,0.5424624103907263,-0.009435627091165617,-0.0744840244598597,-0.19047619047619047,0.14285714285714285,0.7619047619047619,0.20689655172413793,0.10788219122261661,-0.1764592810592867,44,30,21,36,6,-0.7370072531824322,0.49400774593317776,34,0.25534505832183646,16,-0.047280241259000044,23
2024,2024_02_TB_DET,DET,2,TB,-4.0,-0.1744942840075868,-0.18206430442731447,-0.17307389241352544,0.14020635737930767,-0.06947292027417673,-0.18181818181818182,0.0,0.75,0.20833333333333334,-0.3379349797963133,0.2339064744369622,57,41,24,55,14,-0.20839336818198242,0.035153844364625514,45,0.46106368333049513,18,-0.3379349797963133,19
2024,2024_02_TB_DET,TB,2,DET,4.0,0.02476170624038978,0.3379349797963133,0.3623832344645652,-0.2339064744369622,-0.09997592314016013,-0.20833333333333334,0.20833333333333334,0.7647058823529411,0.18181818181818182,0.18206430442731447,-0.14020635737930767,28,18,17,19,1,-0.10213360423222184,0.3379349797963133,19,-0.06972654161150953,13,-0.035153844364625514,45
2024,2024_03_BAL_DAL,BAL,3,DAL,3.0,0.6481605180392587,0.711390576985043,0.646111693616451,0.14108543013189034,0.37345552815082955,-0.06666666666666667,0.0,0.9,0.14814814814814814,-0.159887888977834,0.07662872272507809,27,12,30,15,3,0.9725061104594112,0.828225789782923,14,0.2598665576683156,27,-0.1393072055931126,46
2024,2024_03_BAL_DAL,DAL,3,BAL,-3.0,0.0684504956073347,0.159887888977834,0.23750988437441806,-0.07662872272507809,0.03341425007207743,-0.14814814814814814,0.05555555555555555,0.9230769230769231,0.06666666666666667,-0.711390576985043,-0.14108543013189034,56,37,13,51,14,-0.045255955998852446,0.1393072055931126,46,-0.0341891090210995,12,-0.828225789782923,14
2024,2024_03_CAR_LV,CAR,3,LV,14.0,0.3410712517052794,0.4503548227887298,0.39246561725161644,0.07518472944274339,0.21875657078119679,-0.10256410256410256,0.05128205128205128,0.8928571428571429,0.13953488372093023,-0.11422313948101462,0.33013768203986343,39,30,28,37,7,0.698451417947787,0.4064536926287917,35,0.1477441698613143,25,-0.02124966602153352,37
2024,2024_03_CAR_LV,LV,3,CAR,-14.0,-0.03793188750280164,0.11422313948101462,0.06183849213443645,-0.33013768203986343,-0.10231621511266271,-0.13953488372093023,0.06976744186046512,1.0,0.10256410256410256,-0.4503548227887298,-0.07518472944274339,46,34,13,40,6,0.4110694744449575,0.02124966602153352,37,-0.33013768203986343,13,-0.4064536926287917,35
2024,2024_03_CHI_IND,CHI,3,IND,-5.0,-0.10709266717841585,0.0824055527591563,0.13544446372963362,-0.32721218965249166,-0.19259360238624068,-0.09090909090909091,0.07272727272727272,0.84,0.14285714285714285,0.4086599110014504,0.05385980634600804,56,39,25,51,12,-0.08997090789489492,0.11640563207016484,50,0.0019989794818682026,21,0.4018354439597008,18
2024,2024_03_CHI_IND,IND,3,CHI,5.0,-0.3661895730373754,-0.4086599110014504,-0.49629342667685694,-0.05385980634600804,-0.21308674622788168,-0.14285714285714285,0.047619047619047616,0.88,0.09090909090909091,-0.0824055527591563,0.32721218965249166,26,16,25,20,4,-0.058125848299824145,-0.4018354439597008,18,0.05121713456967691,22,-0.11640563207016484,50
2024,2024_03_DEN_TB,DEN,3,TB,19.0,0.21829596773505203,0.05877375622067585,0.03899426768560471,-0.22521974359589972,0.08453726114317778,-0.05555555555555555,0.0,0.8421052631578947,0.225,0.35411166257284976,-0.12628064375166956,44,29,19,36,7,0.14071735158025625,0.09926698341972771,34,-0.05295464775917885,16,0.38715429897814446,31
2024,2024_03_DEN_TB,TB,3,DEN,-19.0,-0.5772586287486775,-0.35411166257284976,-0.362119344598361,0.12628064375166956,-0.3762474080342927,-0.225,0.175,0.75,0.05555555555555555,-0.05877375622067585,0.22521974359589972,40,23,16,33,10,-0.3356939939141739,-0.38715429897814446,31,0.3406159828809898,12,-0.09926698341972771,34
2024,2024_03_DET_ARI,ARI,3,DET,-7.0,-0.2032953105253006,-0.12586626002142656,-0.13237891791912768,-0.3464362822907944,-0.23840536020362918,-0.11428571428571428,0.02857142857142857,0.8461538461538461,0.08,-0.42416220643992875,0.05933381767961386,40,33,13,34,1,0.08905145060271025,-0.10641524831601577,31,-0.22385471393837272,11,-0.42416220643992875,23
2024,2024_03_DET_ARI,DET,3,ARI,7.0,0.2541742314933796,0.42416220643992875,0.49485408747262344,-0.05933381767961386,0.04477957045839353,-0.08,0.08,0.8205128205128205,0.11428571428571428,0.12586626002142656,0.3464362822907944,26,19,39,23,4,0.08837577153462917,0.42416220643992875,23,0.20719957554320012,32,0.10641524831601577,31
2024,2024_03_GB_TEN,GB,3,TEN,16.0,0.42150114710622233,0.39181356053782285,0.2817675722129358,-0.21398839767187333,0.11607764740370291,-0.13636363636363635,0.13636363636363635,0.7241379310344828,0.23809523809523808,-0.03512993357178522,0.24272906385886012,28,16,29,19,3,0.9787254982705539,0.39181356053782285,19,-0.011768840100904333,21,-0.03191375093228983,32
2024,2024_03_GB_TEN,TEN,3,GB,-16.0,-0.38934913293536133,0.03512993357178522,0.03721271123056515,-0.24272906385886012,-0.3672178017540027,-0.23809523809523808,0.19047619047619047,1.0,0.13636363636363635,-0.39181356053782285,0.21398839767187333,45,26,8,34,8,0.02836090618075042,0.03191375093228983,32,-0.24272906385886012,8,-0.39181356053782285,19
2024,2024_03_HOU_MIN,HOU,3,MIN,-27.0,-0.1923665381636513,0.008051326353473836,0.024817769879633703,-0.3411196806383401,-0.2187582247317413,-0.16666666666666666,0.10416666666666667,0.7272727272727273,0.21875,-0.32881094043626063,0.03044759318044504,51,36,11,43,7,-0.07817609749534833,-0.01687379155781533,40,-0.07337363732222013,8,-0.4986121631110163,25
2024,2024_03_HOU_MIN,MIN,3,HOU,27.0,0.16414412292754305,0.32881094043626063,0.3503868896635601,-0.03044759318044504,0.10881717221105351,-0.21875,0.125,0.8846153846153846,0.16666666666666666,-0.008051326353473836,0.3411196806383401,32,19,26,28,9,0.28326171428973956,0.4986121631110163,25,0.06294531237749036,23,0.01687379155781533,40
2024,2024_03_JAX_BUF,BUF,3,JAX,37.0,0.7479397103782777,0.6897162579252601,0.8410212412785686,-0.017649322224315193,0.446529584894625,-0.03225806451612903,0.0,0.7619047619047619,0.19607843137254902,0.2682825047548837,-0.5980098904498546,37,21,21,31,10,0.37197579288331256,0.7390812865385731,30,0.2741656816870093,16,0.17110407509616551,41
2024,2024_03_JAX_BUF,JAX,3,BUF,-37.0,-0.4815527104920443,-0.2682825047548837,-0.20617808435889215,0.5980098904498546,-0.24341390146074307,-0.19607843137254902,0.09803921568627451,1.0,0.03225806451612903,-0.6897162579252601,0.017649322224315193,53,37,15,46,9,-0.5236006774939601,-0.17110407509616551,41,0.5980098904498546,15,-0.7390812865385731,30
2024,2024_03_KC_ATL,ATL,3,KC,-5.0,0.09021707641217522,0.2154623152347876,0.25113667114404903,-0.4184817267080728,-0.0995105104249488,-0.3225806451612903,0.06451612903225806,0.7391304347826086,0.1794871794871795,-0.0618686630589862,0.01992007945785031,31,25,23,29,4,-0.007502409198096416,0.4187421362720898,21,-0.080061046016293,17,-0.24045197952600053,32
2024,2024_03_KC_ATL,KC,3,ATL,5.0,0.1190039589277001,0.0618686630589862,0.2440287625578099,-0.01992007945785031,0.09948727250851204,-0.1794871794871795,0.0,0.8695652173913043,0.3225806451612903,-0.2154623152347876,0.4184817267080728,42,30,23,39,9,-0.5453316686037595,0.24045197952600053,32,0.21042261819238767,20,-0.4187421362720898,21
2024,2024_03_LAC_PIT,LAC,3,PIT,-10.0,-0.12774946529337003,0.3017607012364395,0.5095323006982022,-0.26359867254440245,-0.16468273679844458,-0.28,0.2,0.8333333333333334,0.14705882352941177,-0.3444806491036555,-0.00043955360772056194,26,16,18,20,4,-0.5293256966106115,0.3020911783040849,18,-0.1509744506988983,15,-0.2601898179968536,29
2024,2024_03_LAC_PIT,PIT,3,LAC,10.0,0.21790139362051594,0.3444806491036555,1.0116596928048873,0.00043955360772056194,0.13160701266305747,-0.14705882352941177,0.058823529411764705,0.8,0.28,-0.3017607012364395,0.26359867254440245,38,19,25,32,13,-0.6306271839981448,0.2601898179968536,29,0.24276195047132143,20,-0.3020911783040849,18
2024,2024_03_MIA_SEA,MIA,3,SEA,-21.0,-0.4348089437512685,-0.22889426624446094,-0.13992115198103083,-0.42087754258638777,-0.430579768397644,-0.34210526315789475,0.15789473684210525,0.7058823529411764,0.1891891891891892,-0.13176444435034407,-0.025882168494198363,39,23,17,32,9,-0.45627000269544893,-0.0873309661995624,25,0.12363518342802603,12,-0.30626965133430123,30
2024,2024_03_MIA_SEA,SEA,3,MIA,21.0,-0.021964816726747095,0.13176444435034407,0.3696730476830743,0.025882168494198363,-0.0046409082846805925,-0.1891891891891892,0.08108108108108109,0.9047619047619048,0.34210526315789475,0.22889426624446094,0.42087754258638777,37,29,21,34,5,-1.2481054549794914,0.30626965133430123,30,0.10289071691927122,19,0.0873309661995624,25
2024,2024_03_NE_NYJ,NE,3,NYJ,-21.0,-0.43778192233687707,-0.05166301742734693,0.06443070978136922,-0.385162086851778,-0.39966586856870684,-0.36363636363636365,0.21212121212121213,0.9166666666666666,0.10810810810810811,-0.5935815415788079,0.05559584947380554,35,21,12,26,5,-0.5392566717039549,0.004295406069346467,21,-0.3576572178492572,11,-0.5863323714665853,33
2024,2024_03_NE_NYJ,NYJ,3,NE,21.0,0.4904942232964594,0.5935815415788079,0.7684210418097438,-0.05559584947380554,0.25645562068063155,-0.10810810810810811,0.05405405405405406,0.9,0.36363636363636365,0.05166301742734693,0.385162086851778,40,26,30,35,9,0.08848965202277112,0.5863323714665853,33,0.0643041570653655,27,-0.004295406069346467,21
2024,2024_03_NYG_CLE,CLE,3,NYG,-6.0,-0.4692608962603126,-0.07669338312887299,-0.055557229820893936,-0.11374942496574175,-0.40045222439684736,-0.3111111111111111,0.17777777777777778,0.8333333333333334,0.24324324324324326,-0.3452456046635884,0.27559320819119626,50,31,12,37,6,-0.18589684188676478,0.004820097739162122,31,0.005400841590016992,10,-0.3704500767396114,28
2024,2024_03_NYG_CLE,NYG,3,CLE,6.0,0.17289763478800615,0.3452456046635884,0.3908458539151103,-0.27559320819119626,0.04435736410041129,-0.24324324324324326,0.05405405405405406,0.7727272727272727,0.3111111111111111,0.07669338312887299,0.11374942496574175,42,27,22,35,8,0.19134476343970186,0.3704500767396114,28,-0.025385361133718004,17,-0.004820097739162122,31
2024,2024_03_PHI_NO,NO,3,PHI,-3.0,0.05188276752414781,0.1446466146459712,0.2402355263183816,-0.4292421424653619,-0.18867968747060704,-0.15384615384615385,0.038461538461538464,0.7037037037037037,0.16666666666666666,-0.19462759016825787,-0.4083532397643431,27,17,27,25,8,-0.05847982265790086,0.27350372665912626,22,0.022845545480346424,19,-0.25121944215165337,35
2024,2024_03_PHI_NO,PHI,3,NO,3.0,-0.11157018835069585,0.19462759016825787,0.4041024033376371,0.4083532397643431,0.03240860712731489,-0.16666666666666666,0.09523809523809523,0.7777777777777778,0.15384615384615385,-0.1446466146459712,0.4292421424653619,47,29,18,38,9,-0.48034680782196404,0.25121944215165337,35,0.8783002802156344,14,-0.27350372665912626,22
2024,2024_03_SF_LA,LA,3,SF,3.0,0.0998972227686311,0.2344414053665904,0.26704844550332046,0.14151304963453867,0.11957015910524196,-0.1724137931034483,0.10344827586206896,0.8846153846153846,0.12903225806451613,-0.5802611394484607,0.11976959185966986,29,21,26,26,5,0.0974918367923241,0.324480325925323,24,0.275738156100237,23,-0.6718632812122385,27
2024,2024_03_SF_LA,SF,3,LA,-3.0,0.38767857745770723,0.5802611394484607,0.6239594481939332,-0.11976959185966986,0.20031309955590645,-0.12903225806451613,0.03225806451612903,0.7916666666666666,0.1724137931034483,-0.2344414053665904,-0.14151304963453867,41,27,24,30,3,0.18697636073920876,0.6718632812122385,27,0.16236553991850688,19,-0.324480325925323,24
2024,2024_03_WAS_CIN,CIN,3,WAS,-5.0,0.42772372368468686,0.5119619752461894,0.671702860169417,0.31104590462392107,0.3907757476487777,-0.1,0.05,0.9473684210526316,0.12,-1.0573018341144063,-0.05897511284420043,41,29,19,38,9,-0.0027586539508774877,0.49249092220375246,36,0.3692751322992592,18,-0.9267296028530946,22
2024,2024_03_WAS_CIN,WAS,3,CIN,5.0,0.7761203754261562,1.0573018341144063,1.1256848820455814,0.05897511284420043,0.5153402799418086,-0.12,0.08,0.75,0.1,-0.5119619752461894,-0.31104590462392107,35,19,20,23,4,0.7324823564413236,0.9267296028530946,22,0.22010795660705007,15,-0.49249092220375246,36
2024,2024_04_BUF_BAL,BAL,4,BUF,25.0,0.3020196147464543,0.48507440724643014,0.2696000588863776,0.2859153623773771,0.293669261666192,-0.15,0.05,0.75,0.2647058823529412,-0.022626197650923833,0.08059555502361894,26,9,28,19,10,0.6790013207704775,0.7573182873379937,17,0.6271679414272687,21,0.00201607448514552,25
2024,2024_04_BUF_BAL,BUF,4,BAL,-25.0,-0.17285713081321544,0.022626197650923833,0.11119377165764166,-0.08059555502361894,-0.13561953114747205,-0.2647058823529412,0.08823529411764706,0.8235294117647058,0.15,-0.48507440724643014,-0.2859153623773771,39,26,17,31,5,-0.4379251871840089,-0.00201607448514552,25,0.11201450073193488,14,-0.7573182873379937,17
2024,2024_04_CIN_CAR,CAR,4,CIN,-10.0,-0.0034480968260340267,0.0017191750394721318,0.07060607347481652,0.012199061520125993,0.003686762715682848,-0.04878048780487805,0.0,0.8333333333333334,0.06451612903225806,-0.28994177838115265,-0.020865009570526172,43,32,24,41,9,-0.2432120193973079,-0.11780715189661674,39,0.3309256303677105,20,-0.5006994877526426,29
2024,2024_04_CIN_CAR,CIN,4,CAR,10.0,0.3042999039325881,0.28994177838115265,0.21794238679348926,0.020865009570526172,0.16715398730578396,-0.06451612903225806,0.0,0.9,0.04878048780487805,-0.0017191750394721318,-0.012199061520125993,32,23,30,31,8,0.4969400291956849,0.5006994877526426,29,0.12359240443164715,27,0.11780715189661674,39
2024,2024_04_CLE_LV,CLE,4,LV,-4.0,-0.19414570810296675,-0.04518488525718577,0.037622841540723796,0.11609810456866401,-0.11794547341168903,-0.2857142857142857,0.08571428571428572,0.7142857142857143,0.15384615384615385,0.026059730512910436,0.42095880866294166,43,24,14,32,8,-0.29360806565091446,-0.04470171809196491,25,0.43405193267390085,10,-0.004220812030172918,22
2024,2024_04_CLE_LV,LV,4,CLE,4.0,-0.14519916244757944,-0.026059730512910436,0.09033086563652193,-0.42095880866294166,-0.15934773658131038,-0.15384615384615385,0.07692307692307693,0.8181818181818181,0.2857142857142857,0.04518488525718577,-0.11609810456866401,26,22,22,24,2,-1.3063562881566664,0.004220812030172918,22,0.0882070063089483,18,0.04470171809196491,25
2024,2024_04_DAL_NYG,DAL,4,NYG,5.0,0.35142846942475586,0.44248695182887565,0.43096820520445794,0.06650755085343998,0.20791502489900998,-0.10714285714285714,0.03571428571428571,0.8888888888888888,0.07317073170731707,-0.13544250555996723,0.2457665476831608,29,22,18,27,5,0.4931694369763136,0.39331273651977255,25,0.19315449361378684,16,-0.15417626805863474,38
2024,2024_04_DAL_NYG,NYG,4,DAL,-5.0,0.06591434747637698,0.13544250555996723,0.11425982316874639,-0.2457665476831608,-0.04494051165357953,-0.07317073170731707,0.024390243902439025,0.7894736842105263,0.10714285714285714,-0.44248695182887565,-0.06650755085343998,44,36,19,40,4,0.3260866470809549,0.15417626805863474,38,-0.1006566519111704,15,-0.39331273651977255,25
2024,2024_04_DEN_NYJ,DEN,4,NYJ,1.0,-0.6210961324751993,-0.6321170626464306,-0.39816214957520313,0.07711229947936776,-0.28492170227485214,-0.08,0.0,0.8076923076923077,0.2765957446808511,0.11405687359300105,0.24559229255805695,28,18,26,25,7,-1.2337154105438728,-0.6137204431883146,23,0.2947302194273408,21,0.08237271765777698,34
2024,2024_04_DEN_NYJ,NYJ,4,DEN,-1.0,-0.29838453255229286,-0.11405687359300105,-0.07867339150028642,-0.24559229255805695,-0.2848093851252036,-0.2765957446808511,0.10638297872340426,0.5555555555555556,0.08,0.6321170626464306,-0.07711229947936776,52,35,18,42,7,-0.2909742840565742,-0.08237271765777698,34,0.1655236148745202,10,0.6137204431883146,23
2024,2024_04_JAX_HOU,HOU,4,JAX,4.0,0.3592170999194606,0.4109116969062899,0.27187108229301504,-0.25490018577935797,0.15695022509361495,-0.14285714285714285,0.047619047619047616,0.8571428571428572,0.08823529411764706,-0.024922649471833702,-0.20198002820834532,46,34,21,40,6,1.1988085130481811,0.434643747351334,36,-0.17567584532015537,18,-0.1325692732395536,31
2024,2024_04_JAX_HOU,JAX,4,HOU,-4.0,-0.15614882783317857,0.024922649471833702,0.1198185132109326,0.20198002820834532,-0.013452732502280636,-0.08823529411764706,0.029411764705882353,0.85,0.14285714285714285,-0.4109116969062899,0.25490018577935797,36,30,20,33,3,-0.9240359879191553,0.1325692732395536,31,0.3828923064968825,17,-0.434643747351334,36
2024,2024_04_KC_LAC,KC,4,LAC,7.0,-0.03938070240208401,0.13537160955893632,0.24670531828530945,-0.16668706573823125,-0.08798858658497656,-0.15625,0.09375,0.9523809523809523,0.3448275862068966,-0.010604912803430809,0.3827378322698169,34,22,21,29,7,-0.21453433215252207,0.15156371468318405,27,-0.15180691493151258,20,-0.22890032390717066,19
2024,2024_04_KC_LAC,LAC,4,KC,-7.0,-0.11989069269819441,0.010604912803430809,-0.061459564413081556,-0.3827378322698169,-0.21402583743203488,-0.3448275862068966,0.06896551724137931,0.75,0.15625,-0.13537160955893632,0.16668706573823125,32,22,20,27,5,0.3276886125560852,0.22890032390717066,19,-0.22275485881939414,15,-0.15156371468318405,27
2024,2024_04_LA_CHI,CHI,4,LA,6.0,0.07254150718008244,0.2829035496515254,0.2369242745147262,0.09677295070571769,0.08325926104719036,-0.15384615384615385,0.11538461538461539,0.9130434782608696,0.1875,-0.2594253171614817,-0.17981728352912982,29,15,23,23,8,0.369114690533024,0.21063106855291977,22,0.16248889974390499,21,-0.37918390362243,26
2024,2024_04_LA_CHI,LA,4,CHI,-6.0,-0.04189455301692385,0.2594253171614817,0.36887244371861916,0.17981728352912982,0.055347480555906714,-0.1875,0.09375,0.84,0.15384615384615385,-0.2829035496515254,-0.09677295070571769,32,25,25,29,4,-0.42461922382062767,0.37918390362243,26,0.3598625646896272,21,-0.21063106855291977,22
2024,2024_04_MIN_GB,GB,4,MIN,-2.0,-0.15251866579658832,-0.1569524606319026,-0.1663903005800153,-0.08336900513591725,-0.1399840508460243,-0.18181818181818182,0.01818181818181818,0.8823529411764706,0.1,-0.55525326456071,0.17898593390127668,56,47,17,54,7,-0.09358410669457433,0.01132951474386161,45,0.03632386771496434,15,-0.5266675443896748,27
2024,2024_04_MIN_GB,MIN,4,GB,2.0,0.24400538564244356,0.55525326456071,0.8805344270603238,-0.17898593390127668,0.03344733430047281,-0.1,0.06666666666666667,0.76,0.18181818181818182,0.1569524606319026,0.08336900513591725,34,21,25,28,7,-0.42059022293813164,0.5266675443896748,27,0.08053842591011488,19,-0.01132951474386161,45
2024,2024_04_NE_SF,NE,4,SF,-17.0,-0.40239644077291975,-0.19144221045360352,-0.4887005355649339,-0.6101347896502539,-0.47611004843907057,-0.3157894736842105,0.15789473684210525,0.7272727272727273,0.14285714285714285,-0.30553268612464857,0.03138759225141247,40,22,22,32,10,0.46252610479132333,0.20162894760939432,26,-0.009344085692907528,16,-0.27525423715216074,24
2024,2024_04_NE_SF,SF,4,NE,17.0,0.24191676529618217,0.30553268612464857,0.2536500833297694,-0.03138759225141247,0.1335487611542043,-0.14285714285714285,0.03571428571428571,0.8,0.3157894736842105,0.19144221045360352,0.6101347896502539,32,22,25,27,5,0.533816138422117,0.27525423715216074,24,0.11073929890408203,20,-0.20162894760939432,26
2024,2024_04_NO_ATL,ATL,4,NO,2.0,-0.02969990720533364,0.02342137971040711,-0.08966732917870017,0.13824935884525372,0.019696935750721477,-0.1111111111111111,0.027777777777777776,0.8666666666666667,0.08108108108108109,-0.026067816873710577,0.03264723462978674,36,28,15,35,7,0.4757762152668362,0.221025155358212,32,0.23149832517195207,13,-0.006630095580307595,34
2024,2024_04_NO_ATL,NO,4,ATL,-2.0,-0.035396025121879476,0.026067816873710577,0.012928902544080856,-0.03264723462978674,0.060148734435872396,-0.08108108108108109,0.02702702702702703,0.6818181818181819,0.1111111111111111,-0.02342137971040711,-0.13824935884525372,40,25,22,36,11,0.05592898580468721,0.006630095580307595,34,0.42439851944024376,15,-0.221025155358212,32
2024,2024_04_PHI_TB,PHI,4,TB,-17.0,-0.15184066050312334,0.1221496731450316,0.13996611817613816,0.24232323718024484,-0.06584126464493391,-0.2222222222222222,0.16666666666666666,0.75,0.04081632653061224,-0.27490960434493455,-0.12556938540157184,43,24,12,30,6,0.0508838930206054,0.16499064425547022,28,0.606605409207987,9,-0.27490960434493455,47
2024,2024_04_PHI_TB,TB,4,PHI,17.0,0.24234791668819836,0.27490960434493455,0.2556641088286449,0.12556938540157184,0.2087540926194428,-0.04081632653061224,0.04081632653061224,0.8095238095238095,0.2222222222222222,-0.1221496731450316,-0.24232323718024484,52,41,21,47,6,0.4064204903729139,0.27490960434493455,47,0.31362165749648246,17,-0.16499064425547022,28
2024,2024_04_PIT_IND,IND,4,PIT,3.0,0.3727752902046678,0.4894493060182195,0.6547212153134215,-0.2836049447113816,0.11364081754727405,-0.1875,0.0625,0.8076923076923077,0.1891891891891892,-0.18902140369314271,0.17704910151369452,36,24,26,30,6,-0.17163833116258834,0.5477577199473875,26,-0.07288999249577406,21,-0.2369725023629148,30
2024,2024_04_PIT_IND,PIT,4,IND,-3.0,-0.008784020510303888,0.18902140369314271,0.23621056974661783,-0.17704910151369452,-0.05901240289937574,-0.1891891891891892,0.10810810810810811,0.8,0.1875,-0.4894493060182195,0.2836049447113816,47,24,20,33,9,0.06318362755054234,0.2369725023629148,30,-0.0009197166182277478,16,-0.5477577199473875,26
2024,2024_04_SEA_DET,DET,4,SEA,13.0,0.8919328863187487,1.3034679015553072,1.217324247018791,0.0902894569198208,0.45770936206099605,-0.18181818181818182,0.13636363636363635,0.8461538461538461,0.13559322033898305,-0.08148644046835782,-0.18528176899417376,22,17,26,19,2,2.0356889651156944,1.2969734502354797,18,0.2752307091855488,22,-0.16082971531935075,51
2024,2024_04_SEA_DET,SEA,4,DET,-13.0,0.08058337775165149,0.08148644046835782,0.10575196771804864,0.18528176899417376,0.09937539669261701,-0.13559322033898305,0.05084745762711865,0.7857142857142857,0.18181818181818182,-1.3034679015553072,-0.0902894569198208,64,43,14,56,13,0.001223542642457404,0.16082971531935075,51,0.5672621873514312,11,-1.2969734502354797,18
2024,2024_04_TEN_MIA,MIA,4,TEN,-19.0,-0.4475448892544145,-0.3226872707684459,-0.17356470525869255,-0.3175506643984646,-0.43450432293722385,-0.20833333333333334,0.08333333333333333,0.5789473684210527,0.14285714285714285,0.27400593073119556,0.014322304138692074,32,17,19,22,5,-0.8297039935016073,-0.1372127448501673,19,0.14611719040178947,11,0.2907974471940934,18
2024,2024_04_TEN_MIA,TEN,4,MIA,19.0,-0.34704047897031426,-0.27400593073119556,-0.23229141495498995,-0.014322304138692074,-0.12303492048345094,-0.14285714285714285,0.047619047619047616,0.7027027027027026,0.20833333333333334,0.3226872707684459,0.3175506643984646,23,14,37,20,6,-0.37133980087567525,-0.2907974471940934,18,0.393440740399933,26,0.1372127448501673,19
2024,2024_04_WAS_ARI,ARI,4,WAS,-28.0,-0.23287277078876853,0.06517347446589951,0.12039178539125779,0.041527589088335946,-0.08621050947514373,-0.19230769230769232,0.15384615384615385,0.7741935483870968,0.03333333333333333,-0.43694194267431985,-0.39700204064737915,27,20,31,22,2,-0.48700963478768333,0.023836076001836782,21,0.23477233933711758,24,-0.4198358125174363,29
2024,2024_04_WAS_ARI,WAS,4,ARI,28.0,0.4131774528289517,0.43694194267431985,0.5434654912880013,0.39700204064737915,0.40617615501901727,-0.03333333333333333,0.0,0.9310344827586207,0.19230769230769232,-0.06517347446589951,-0.041527589088335946,38,26,29,30,4,-0.2554611233146096,0.4198358125174363,29,0.49203322724117493,27,-0.023836076001836782,21
2024,2024_05_ARI_SF,ARI,5,SF,1.0,0.1343810991274118,-0.014499022246648547,0.24146419505929057,0.10411958790137435,0.12357341654668415,-0.06451612903225806,0.03225806451612903,0.8,0.13513513513513514,-0.05629416953846853,0.20641564300259313,36,26,20,30,4,-1.6782599347352527,-0.11597634878186161,29,0.2984885525575083,16,-0.02493097061823995,32
2024,2024_05_ARI_SF,SF,5,ARI,-1.0,0.04261561565599462,0.05629416953846853,0.13828240227162836,-0.20641564300259313,-0.04176984130080597,-0.13513513513513514,0.05405405405405406,0.8421052631578947,0.06451612903225806,0.014499022246648547,-0.10411958790137435,41,31,19,35,4,-0.57911463414352,0.02493097061823995,32,0.18363327988845404,16,0.11597634878186161,29
2024,2024_05_BAL_CIN,BAL,5,CIN,3.0,0.2766882190963497,0.5403367151417241,0.6125863161850627,0.22177992558309642,0.29044860130393063,-0.16279069767441862,0.023255813953488372,0.85,0.21428571428571427,-0.7340269870175501,0.23528774243564185,54,38,20,42,4,-0.1460344947699923,0.5520025216372484,36,0.4036492028975458,17,-0.5563153248001597,33
2024,2024_05_BAL_CIN,CIN,5,BAL,-3.0,0.5169870385090523,0.7340269870175501,0.8639103445311773,-0.23528774243564185,0.2662287781941543,-0.21428571428571427,0.07142857142857142,0.6818181818181819,0.16279069767441862,-0.5403367151417241,-0.22177992558309642,44,32,22,39,7,0.14027449552668259,0.5563153248001597,33,0.10642542755135039,15,-0.5520025216372484,36
2024,2024_05_BUF_HOU,BUF,5,HOU,-3.0,0.04167392742532247,-0.12451584409326809,-0.09934978919222696,-0.06113498685021029,-0.015058117891767113,-0.2903225806451613,0.03225806451612903,0.782608695652174,0.1794871794871795,-0.28869707417030793,0.3938493503471064,35,24,23,30,6,-0.2251800636974326,0.09143922093548461,22,0.13427994776995755,18,-0.346453835070347,32
2024,2024_05_BUF_HOU,HOU,5,BUF,3.0,0.16700959450775735,0.28869707417030793,0.3951439261510062,-0.3938493503471064,-0.05796927169545823,-0.1794871794871795,0.02564102564102564,0.7083333333333333,0.2903225806451613,0.12451584409326809,0.06113498685021029,42,25,24,38,13,0.083991589592042,0.346453835070347,32,0.005878667042398925,17,-0.09143922093548461,22
2024,2024_05_CAR_CHI,CAR,5,CHI,-26.0,-0.493070897800798,-0.3130200969535271,-0.07509542015896234,0.20657657193175194,-0.25997198687286355,-0.20512820512820512,0.10256410256410256,1.0,0.06666666666666667,-0.5883995379693837,0.09290621639511006,41,26,15,35,9,-1.0003580521378255,-0.3712984699614346,31,0.20657657193175194,15,-0.6389811807332061,28
2024,2024_05_CAR_CHI,CHI,5,CAR,26.0,0.5196975983429196,0.5883995379693837,0.5649434320780017,-0.09290621639511006,0.23195944293566326,-0.06666666666666667,0.03333333333333333,0.8709677419354839,0.20512820512820512,0.3130200969535271,-0.20657657193175194,35,26,31,29,3,0.791685789028028,0.6389811807332061,28,0.10092011390629017,27,0.3712984699614346,31
2024,2024_05_CLE_WAS,CLE,5,WAS,-21.0,-0.40181854481985424,-0.01776057447644077,0.08529432329511127,-0.10330846435451674,-0.30568817992423697,-0.2777777777777778,0.19444444444444445,0.736842105263158,0.0967741935483871,-0.1380678060993041,-0.45099168351007446,40,23,19,29,6,-0.41280434926739024,0.06768099451885289,26,0.26636688609557624,14,-0.1380678060993041,28
2024,2024_05_CLE_WAS,WAS,5,CLE,21.0,0.047994442788955045,0.1380678060993041,0.08334278990892202,0.45099168351007446,0.08449649525226188,-0.0967741935483871,0.0967741935483871,0.75,0.2777777777777778,0.01776057447644077,0.10330846435451674,44,25,20,28,3,0.5941096076858216,0.1380678060993041,28,0.8017040538077718,15,-0.06768099451885289,26
2024,2024_05_DAL_PIT,DAL,5,PIT,3.0,0.2430490497832603,0.4060527272172321,0.40323066590170753,-0.02148693987754923,0.1131753628813,-0.13636363636363635,0.045454545454545456,0.8214285714285714,0.1935483870967742,-0.11404820307195375,0.011841494090254107,45,37,28,42,5,0.42693598095211416,0.4438371214801757,38,0.16264649557819943,23,-0.1888177818211264,25
2024,2024_05_DAL_PIT,PIT,5,DAL,-3.0,0.07637867010969378,0.11404820307195375,0.06150554542691718,-0.011841494090254107,0.045424226530764715,-0.1935483870967742,0.0967741935483871,0.85,0.13636363636363635,-0.4060527272172321,0.02148693987754923,37,20,20,28,8,0.2454048471845452,0.1888177818211264,25,0.1078425908403913,17,-0.4438371214801757,38
2024,2024_05_GB_LA,GB,5,LA,5.0,0.05755254945246855,0.1455879069246268,0.4038530191659021,-0.07010923711117348,0.018795206468425477,-0.10714285714285714,0.07142857142857142,0.92,0.1875,0.07595489977522651,-0.0814218458167658,29,23,25,26,3,-1.834444620258484,0.3881463237413528,25,0.018683282810303833,23,-0.07490672884234344,39
2024,2024_05_GB_LA,LA,5,GB,-5.0,-0.18657601421606776,-0.07595489977522651,-0.09185333164858224,0.0814218458167658,-0.09714081889496777,-0.1875,0.0625,0.9259259259259259,0.10714285714285714,-0.1455879069246268,0.07010923711117348,48,43,27,45,2,0.2658613855019214,0.07490672884234344,39,0.1546399254561403,25,-0.3881463237413528,25
2024,2024_05_IND_JAX,IND,5,JAX,-3.0,0.3121887687565324,0.41023013628060595,0.4733994683638652,0.036059982546915136,0.25687316895732537,-0.12244897959183673,0.08163265306122448,0.8,0.0,-0.39638889776816694,-0.006701451066212605,51,36,15,45,9,0.157552807947569,0.4437176542916874,43,0.2169492246224154,12,-0.39638889776816694,34
2024,2024_05_IND_JAX,JAX,5,IND,3.0,0.4463139962560187,0.39638889776816694,0.46425129519775515,0.006701451066212605,0.27860417896024947,0.0,0.0,0.85,0.12244897959183673,-0.41023013628060595,-0.036059982546915136,36,23,20,34,11,0.25449479405175524,0.39638889776816694,34,0.3194997816392461,17,-0.4437176542916874,43
2024,2024_05_LV_DEN,DEN,5,LV,16.0,0.009219758501098848,0.2677356435306952,0.463641948396495,0.08924796076577202,0.06907282755617078,-0.13793103448275862,0.10344827586206896,0.736842105263158,0.15,0.3145924270255813,0.09611479733817814,34,15,19,26,11,0.0005906823500590716,0.2029535892362158,25,0.4799737214426772,14,0.30756508319538084,34
2024,2024_05_LV_DEN,LV,5,DEN,-16.0,-0.2667252867129648,-0.3145924270255813,-0.3724632433990725,-0.09611479733817814,-0.1988110435703088,-0.15,0.075,0.6190476190476191,0.13793103448275862,-0.2677356435306952,-0.08924796076577202,42,30,21,37,7,-0.0665746425677618,-0.30756508319538084,34,0.22262481063081374,13,-0.2029535892362158,25
2024,2024_05_MIA_NE,MIA,5,NE,5.0,-0.15346157205561115,0.052550590196149556,-0.019417793212535128,0.1276226000142443,-0.06211089044840092,-0.11764705882352941,0.08823529411764706,0.9444444444444444,0.2571428571428571,0.15668689388148316,-0.18755995203358344,37,28,36,31,3,0.72425550201054,0.07515914522900542,30,0.16663386687115964,34,0.10381409869072587,26
2024,2024_05_MIA_NE,NE,5,MIA,-5.0,-0.21621822675600896,-0.15668689388148316,-0.10662476940110462,0.18755995203358344,-0.0816255004928115,-0.2571428571428571,0.05714285714285714,1.0,0.11764705882352941,-0.052550590196149556,-0.1276226000142443,36,25,18,33,8,-0.3131310328826661,-0.10381409869072587,26,0.18755995203358344,18,-0.07515914522900542,30
2024,2024_05_NO_KC,KC,5,NO,13.0,0.1670398737436989,0.13209035705294356,0.2613794539621091,0.09581829959343686,0.14729314001804247,-0.14634146341463414,0.04878048780487805,0.90625,0.25,0.027621103711759215,0.19703699607634942,44,31,32,39,8,-0.36890489347007294,0.13952870951925447,35,0.2283805202687813,29,0.001013896712619677,27
2024,2024_05_NO_KC,NO,5,KC,-13.0,-0.06640531865904419,-0.027621103711759215,-0.058176914661696395,-0.19703699607634942,-0.09970358937325927,-0.25,0.027777777777777776,0.8461538461538461,0.14634146341463414,-0.13209035705294356,-0.09581829959343686,38,24,13,35,11,0.039046120179012815,-0.001013896712619677,27,-0.11195914758983179,11,-0.13952870951925447,35
2024,2024_05_NYG_SEA,NYG,5,SEA,9.0,0.24338319371766245,0.3589698253919594,0.4460869450622358,-0.40721359696577913,0.013006962179552412,-0.13513513513513514,0.08108108108108109,0.9090909090909091,0.1702127659574468,-0.08138952515153319,0.0060913004646347335,46,25,22,34,9,0.11697782630785822,0.41293593371313236,32,0.1863067134137969,20,-0.03859428410240533,39
2024,2024_05_NYG_SEA,SEA,5,NYG,-9.0,-0.10768439323069685,0.08138952515153319,0.08759815247332871,-0.0060913004646347335,-0.09542315789686176,-0.1702127659574468,0.14893617021276595,0.8571428571428572,0.13513513513513514,-0.3589698253919594,0.40721359696577913,51,26,7,40,14,0.06985921726819866,0.03859428410240533,39,0.12602650374174082,6,-0.41293593371313236,32
2024,2024_05_NYJ_MIN,MIN,5,NYJ,6.0,-0.3569354073218192,-0.08645963196180755,-0.0333751038139364,-0.15159866287373,-0.27672574152178436,-0.19444444444444445,0.1111111111111111,0.76,0.19298245614035087,0.1973775022032311,0.5479411870848188,39,24,25,32,8,-0.245713216405421,-0.09756378977130045,29,-0.006896883898757694,19,0.20334258712483214,46
2024,2024_05_NYJ_MIN,NYJ,5,MIN,-6.0,-0.2834443638471644,-0.1973775022032311,-0.18636411456866442,-0.5479411870848188,-0.3355986670207865,-0.19298245614035087,0.05263157894736842,0.7142857142857143,0.19444444444444445,0.08645963196180755,0.15159866287373,57,45,14,54,9,-0.25244444037606445,-0.20334258712483214,46,-0.13798562728916314,10,0.09756378977130045,29
2024,2024_05_TB_ATL,ATL,5,TB,6.0,0.3558926801370965,0.47669177040838323,0.6529951399337633,-0.1869547124272987,0.23220593246419638,-0.18032786885245902,0.06557377049180328,0.7777777777777778,0.04,-0.46784496784582913,0.20478655030724197,61,48,18,57,9,-0.4635928670603104,0.5847982931259886,50,0.01952955846042797,14,-0.46784496784582913,24
2024,2024_05_TB_ATL,TB,5,ATL,-6.0,0.3672208849301021,0.46784496784582913,0.7269659679950311,-0.20478655030724197,0.17322463147046058,-0.04,0.04,0.6842105263157895,0.18032786885245902,-0.47669177040838323,0.1869547124272987,30,19,19,24,5,-0.5168148327211384,0.46784496784582913,24,-0.017408080593808332,13,-0.5847982931259886,50
2024,2024_06_ARI_GB,ARI,6,GB,-21.0,-0.21383684072113276,-0.053089071832887254,0.0719252592591583,0.0931823042410545,-0.1245221803684965,-0.03125,0.0,0.9375,0.0625,-0.4642080347169168,0.0477756312827515,39,20,16,32,12,-0.2614462903196298,-0.013041705850811042,31,0.14673434144351657,15,-0.5679331635186051,30
2024,2024_06_ARI_GB,GB,6,ARI,21.0,0.5375948677523784,0.4642080347169168,0.5182831236700238,-0.0477756312827515,0.2862532046806262,-0.0625,0.0,0.8620689655172413,0.03125,0.053089071832887254,-0.0931823042410545,35,25,29,32,7,0.27108271702724884,0.5679331635186051,30,0.07336671211058288,25,0.013041705850811042,31
2024,2024_06_ATL_CAR,ATL,6,CAR,18.0,0.23206611296188143,0.23206611296188143,0.4038498565829521,0.3375150201104836,0.2797516888251677,-0.1,0.0,0.9117647058823529,0.07894736842105263,0.1291261749791436,0.05441316497135206,30,24,34,30,6,-0.4550688615224012,0.3178855850424555,27,0.4242187643986077,31,0.09131006161605008,35
2024,2024_06_ATL_CAR,CAR,6,ATL,-18.0,-0.12114339125424439,-0.1291261749791436,-0.09446020151566083,-0.05441316497135206,-0.09854121783584542,-0.07894736842105263,0.0,0.8095238095238095,0.1,-0.23206611296188143,-0.3375150201104836,41,30,21,38,8,-0.25912357546720405,-0.09131006161605008,35,0.14868031497291437,17,-0.3178855850424555,27
2024,2024_06_BUF_NYJ,BUF,6,NYJ,3.0,0.3333170977132966,0.5280005827491739,0.5382479357989051,0.2116374314816006,0.28208355403679297,-0.07407407407407407,0.07407407407407407,0.9166666666666666,0.13157894736842105,-0.3506195512907218,0.0011063261356734817,33,20,24,25,5,0.4870111705502492,0.5280005827491739,25,0.29297656434408187,22,-0.295569343225089,33
2024,2024_06_BUF_NYJ,NYJ,6,BUF,-3.0,0.29360662105159063,0.3506195512907218,0.5090928665120656,-0.0011063261356734817,0.188708792391717,-0.13157894736842105,0.07894736842105263,0.7619047619047619,0.07407407407407407,-0.5280005827491739,-0.2116374314816006,38,26,21,35,9,-0.107192248237605,0.295569343225089,33,0.2738282254140362,16,-0.5280005827491739,25
2024,2024_06_CIN_NYG,CIN,6,NYG,10.0,0.23449540358080065,0.16145109578168818,0.6127173236056578,-0.39388405116915304,0.03341397806081548,-0.21875,0.125,0.6875,0.14634146341463414,0.2982946847634282,0.06335245838417922,34,19,16,28,9,-0.7912220518466921,0.28183797046076503,25,-0.10644799184096514,11,0.14315555106850217,35
2024,2024_06_CIN_NYG,NYG,6,CIN,-10.0,-0.16648796024441276,-0.2982946847634282,-0.24619134451536293,-0.06335245838417922,-0.13743570619927653,-0.14634146341463414,0.04878048780487805,0.75,0.21875,-0.16145109578168818,0.39388405116915304,51,30,20,39,9,-0.4719724855903124,-0.14315555106850217,35,0.38088817863996755,15,-0.28183797046076503,25
2024,2024_06_CLE_PHI,CLE,6,PHI,-4.0,0.07082214819337829,0.305584172332511,0.19047613389101045,-0.04712923454353589,-0.02047589263765249,-0.2857142857142857,0.17857142857142858,0.95,0.07692307692307693,-0.36865671496292873,0.20061927961207737,32,18,20,23,5,0.719973110721913,0.512299629736195,20,-0.0013055829515092978,19,-0.3632122220531098,24
2024,2024_06_CLE_PHI,PHI,6,CLE,4.0,0.3720799540040056,0.36865671496292873,0.5378028627647391,-0.20061927961207737,0.17127572927936302,-0.07692307692307693,0.038461538461538464,0.8095238095238095,0.2857142857142857,-0.305584172332511,0.04712923454353589,36,21,21,25,4,-0.5193605609965752,0.3632122220531098,24,0.005762856922742388,17,-0.512299629736195,20
2024,2024_06_DET_DAL,DAL,6,DET,-38.0,-0.6565946978812407,-0.6017477754495364,-0.6984499960238135,-0.21627844416070718,-0.5458672392776538,-0.22916666666666666,0.08333333333333333,0.8461538461538461,0.2,-0.8575092081066521,-0.23980292528510988,50,37,13,44,7,-0.09060746669978569,-0.5445197869690258,37,-0.13412438785995942,11,-0.818059284992798,24
2024,2024_06_DET_DAL,DET,6,DAL,38.0,0.4897794316441174,0.8575092081066521,1.2365953160580834,0.23980292528510988,0.3739155748950124,-0.2,0.1,0.935483870967742,0.22916666666666666,0.6017477754495364,0.21627844416070718,32,20,31,27,7,-0.22559395746886576,0.818059284992798,24,0.33101171439268706,29,0.5445197869690258,37
2024,2024_06_HOU_NE,HOU,6,NE,20.0,0.0612740280003371,0.14763770789288455,0.1468434021739442,0.19377481793751974,0.11557763043360864,-0.11764705882352941,0.058823529411764705,0.72,0.21621621621621623,0.16821646501458337,0.3916521353946468,36,27,25,32,5,0.15192695877516238,0.21551874414253014,30,0.5012317345762217,18,0.07691334165102845,29
2024,2024_06_HOU_NE,NE,6,HOU,-20.0,-0.2633508004225969,-0.16821646501458337,-0.13075879159849157,-0.3916521353946468,-0.30611791207994693,-0.21621621621621623,0.10810810810810811,0.7142857142857143,0.11764705882352941,-0.14763770789288455,-0.19377481793751974,42,25,21,33,8,-0.2852716944398702,-0.07691334165102845,29,-0.2032555317739025,15,-0.21551874414253014,30
2024,2024_06_IND_TEN,IND,6,TEN,3.0,0.021050871037023938,0.04140507998800866,0.13278054645181314,-0.23895564261374874,-0.09491334601256624,-0.05263157894736842,0.0,0.6153846153846154,0.14814814814814814,0.210550458361087,-0.1505895744073008,39,31,26,38,7,-0.3632577000659826,0.2196792077874411,36,0.06943453827261711,16,0.06407107334973021,23
2024,2024_06_IND_TEN,TEN,6,IND,-3.0,-0.19003078990386418,-0.210550458361087,-0.09553648088189774,0.1505895744073008,-0.025934520223492647,-0.14814814814814814,0.0,0.9583333333333334,0.05263157894736842,-0.04140507998800866,0.23895564261374874,30,24,24,27,3,-1.130662278194601,-0.06407107334973021,23,0.23021805712335694,23,-0.2196792077874411,36
2024,2024_06_JAX_CHI,CHI,6,JAX,19.0,0.5135452182164756,0.593053821885782,0.8537688978524935,-0.06855725320649267,0.2927477290560392,-0.125,0.09375,0.8636363636363636,0.175,-0.21907661812705354,0.04198776272824081,36,19,22,29,10,0.09769517754903027,0.5325370842328996,28,0.06473055852601614,19,-0.24834557640319055,33
2024,2024_06_JAX_CHI,JAX,6,CHI,-19.0,0.02850989346686521,0.21907661812705354,0.26493718918764453,-0.04198776272824081,0.009391885007175426,-0.175,0.1,0.8125,0.125,-0.593053821885782,0.06855725320649267,43,32,16,36,4,-0.14780795035767436,0.24834557640319055,33,0.11635545443277782,13,-0.5325370842328996,28
2024,2024_06_LAC_DEN,DEN,6,LAC,-7.0,0.09107566312615921,0.01669216880426633,0.20196466127526883,-0.5454894958423793,-0.04449435359225943,-0.17142857142857143,0.05714285714285714,0.9090909090909091,0.16216216216216217,-0.35216641327832454,0.05260755663320866,41,24,11,33,9,-0.477367811118407,0.09283033135178444,29,-0.545988742343616,10,-0.45785593352438897,31
2024,2024_06_LAC_DEN,LAC,6,DEN,7.0,0.1949396558015147,0.35216641327832454,0.4337338023967422,-0.05260755663320866,0.08554287828590088,-0.16216216216216217,0.08108108108108109,0.7096774193548387,0.17142857142857143,-0.01669216880426633,0.5454894958423793,38,27,31,34,7,0.03754934096442802,0.45785593352438897,31,0.2845694578176003,22,-0.09283033135178444,29
2024,2024_06_PIT_LV,LV,6,PIT,-19.0,-0.06999124782642634,-0.028180523547052992,-0.0013034072946068195,-0.5824006627509868,-0.23225422921920383,-0.07317073170731707,0.024390243902439025,0.736842105263158,0.18518518518518517,-0.2667646777385137,0.006463884818610488,41,27,19,40,13,-0.08400222653290274,-0.028913556636421544,38,0.1339908593217837,14,-0.3416022822097611,22
2024,2024_06_PIT_LV,PIT,6,LV,19.0,0.19510275425705836,0.2667646777385137,0.25599602142131095,-0.006463884818610488,0.11447609862679081,-0.18518518518518517,0.1111111111111111,0.7916666666666666,0.07317073170731707,0.028180523547052992,0.5824006627509868,36,17,24,24,7,0.29291712879457765,0.3416022822097611,22,0.30928003924629194,19,0.028913556636421544,38
2024,2024_06_SF_SEA,SEA,6,SF,-12.0,0.07947513090613917,0.10584650362392509,0.16335171422148537,-0.17001253560853288,0.013638107798100676,-0.09615384615384616,0.019230769230769232,0.7894736842105263,0.14285714285714285,-0.41878664403139393,-0.26823209334431714,53,39,19,51,12,-0.08104543081814579,0.23874550756248297,47,-0.004075320940076773,15,-0.5029095002074812,24
2024,2024_06_SF_SEA,SF,6,SEA,12.0,0.4514822560652431,0.41878664403139393,0.6381524346009882,0.26823209334431714,0.3404971711463448,-0.14285714285714285,0.0,0.8076923076923077,0.09615384615384616,-0.10584650362392509,0.17001253560853288,31,20,26,28,8,-0.1296278323925919,0.5029095002074812,24,0.5441438639688948,21,-0.23874550756248297,47
2024,2024_06_TB_NO,NO,6,TB,-24.0,-0.4491416256157102,-0.37018653963750686,-0.39643053716057525,-0.29027133650389236,-0.4109091258823091,-0.2,0.1111111111111111,0.875,0.05405405405405406,-0.1734954059942634,-0.36309225776182913,49,26,16,40,14,-0.32144768709466554,-0.29886018786055485,36,-0.18760172780780884,14,-0.1797753767463494,35
2024,2024_06_TB_NO,TB,6,NO,24.0,0.15177234275940418,0.1734954059942634,-0.08241728478961742,0.36309225776182913,0.23657332864582792,-0.05405405405405406,0.02702702702702703,0.8928571428571429,0.2,0.37018653963750686,0.29027133650389236,40,31,28,36,5,1.7601540888543248,0.1797753767463494,35,0.5153205579775387,25,0.29886018786055485,36
2024,2024_06_WAS_BAL,BAL,6,WAS,7.0,0.26133261586354484,0.5457807297526754,0.6428445036828566,0.05753708811476816,0.1691839342162473,-0.14285714285714285,0.07142857142857142,0.96,0.18421052631578946,-0.36563569388198397,0.2759248875690076,37,24,25,26,2,-0.6189845574094983,0.47466695607914994,24,0.0790932244126451,24,-0.415665225519437,31
2024,2024_06_WAS_BAL,WAS,6,BAL,-7.0,0.2115442282943515,0.36563569388198397,0.4503475670359217,-0.2759248875690076,0.10231656484340813,-0.18421052631578946,0.07894736842105263,0.6363636363636364,0.14285714285714285,-0.5457807297526754,-0.05753708811476816,44,28,11,35,7,0.026788201266232953,0.415665225519437,31,-0.031085757372368572,7,-0.47466695607914994,24
2024,2024_07_BAL_TB,BAL,7,TB,10.0,0.6459712345506,1.2722937105250203,1.3551997095453,0.14419373373966624,0.4721303591944564,-0.08333333333333333,0.08333333333333333,0.8,0.08333333333333333,-0.34798954371216784,0.02883406935628363,33,16,20,22,6,1.0512110464709412,1.2722937105250203,22,0.372390172211453,16,-0.36998509716579925,44
2024,2024_07_BAL_TB,TB,7,BAL,-10.0,0.15218973355974147,0.34798954371216784,0.11672951410902954,-0.02883406935628363,0.12472960151409705,-0.08333333333333333,0.0625,0.9166666666666666,0.08333333333333333,-1.2722937105250203,-0.14419373373966624,52,34,24,45,11,1.0627932715764135,0.36998509716579925,44,0.05755075599617245,22,-1.2722937105250203,22
2024,2024_07_CAR_WAS,CAR,7,WAS,-33.0,-0.872371831595611,-0.9022180921650358,-0.21026109430240417,-0.08586690856900539,-0.47399506817704967,-0.1,0.1,0.8,0.07692307692307693,-0.46931941247741465,-0.1397748063571508,21,15,20,18,3,-4.362003081478194,-0.9022180921650358,18,0.25590937659944746,16,-0.5431599878862302,24
2024,2024_07_CAR_WAS,WAS,7,CAR,33.0,0.34757814779143165,0.46931941247741465,0.5913477098582179,0.1397748063571508,0.26922606823424383,-0.07692307692307693,0.038461538461538464,1.0,0.1,0.9022180921650358,0.08586690856900539,38,23,23,25,2,-0.9340060074018233,0.5431599878862302,24,0.1397748063571508,23,0.9022180921650358,18
2024,2024_07_CIN_CLE,CIN,7,CLE,7.0,-0.06328084493205599,0.1607153451396153,0.11175981483201648,-0.41012911927956996,-0.1946150014726619,-0.21428571428571427,0.10714285714285714,0.6666666666666667,0.19642857142857142,0.14173650849653094,0.2162391488825044,28,19,21,25,6,0.31574119111367827,0.20730101809551185,22,-0.22712654604283378,14,-0.09589258362862492,45
2024,2024_07_CIN_CLE,CLE,7,CIN,-7.0,-0.15838251994088448,-0.14173650849653094,0.05540998048811524,-0.2162391488825044,-0.17056286287596234,-0.19642857142857142,0.07142857142857142,0.6875,0.21428571428571427,-0.1607153451396153,0.41012911927956996,60,42,16,52,10,-0.9697517622320448,0.09589258362862492,45,0.17009963660331545,11,-0.20730101809551185,22
2024,2024_07_DEN_NO,DEN,7,NO,23.0,0.1162832463969413,0.04475939599573517,-0.008455028588118479,0.13781116623684558,0.12467548633453106,0.0,0.0,0.8695652173913043,0.2222222222222222,0.09701930226488215,0.14487322684726656,36,22,23,26,4,0.33743873120693024,0.04475939599573517,26,0.5223615328752207,20,0.045972568165910346,35
2024,2024_07_DEN_NO,NO,7,DEN,-23.0,-0.4257326344164866,-0.09701930226488215,0.11341078502127738,-0.14487322684726656,-0.35659801101483246,-0.2222222222222222,0.13333333333333333,0.75,0.0,-0.04475939599573517,-0.13781116623684558,49,29,16,39,10,-0.7072665553947448,-0.045972568165910346,35,0.16511946268534908,12,-0.04475939599573517,26
2024,2024_07_DET_MIN,DET,7,MIN,2.0,0.5144102324165633,0.8853271326492542,1.0750597992377793,-0.20475608092965628,0.1309338362954332,-0.2413793103448276,0.13793103448275862,0.875,0.16129032258064516,-0.15223865067583656,-0.03330761383767837,29,17,24,25,8,0.4821452161486386,0.8500399555487091,22,-0.08571581944402012,21,-0.0993934796574752,26
2024,2024_07_DET_MIN,MIN,7,DET,-2.0,0.09000687641874452,0.15223865067583656,0.10962308903464608,0.03330761383767837,0.07256094947072417,-0.16129032258064516,0.12903225806451613,0.8125,0.2413793103448276,-0.8853271326492542,0.20475608092965628,36,23,16,27,4,0.39727813011268176,0.0993934796574752,26,0.17661399559493982,13,-0.8500399555487091,22
2024,2024_07_HOU_GB,GB,7,HOU,2.0,-0.01726716433717208,0.11354526222358072,0.17278997105586852,0.01388881738325067,-0.07821454234538165,-0.16666666666666666,0.08333333333333333,0.8823529411764706,0.28,0.14426380091766497,-0.005060028513107189,36,28,17,33,5,-0.218225107237231,0.2884493065421997,30,0.13512579987291282,15,0.06845633253168733,18
2024,2024_07_HOU_GB,HOU,7,GB,-2.0,-0.3563490680410764,-0.14426380091766497,0.04725424386202554,0.005060028513107189,-0.17564451976398457,-0.28,0.16,0.7241379310344828,0.16666666666666666,-0.11354526222358072,-0.01388881738325067,29,15,29,21,6,-0.6230589128668913,-0.06845633253168733,18,0.3572324095016705,21,-0.2884493065421997,30
2024,2024_07_KC_SF,KC,7,SF,10.0,0.03210590487106007,-0.11259602967658255,-0.19316902860935548,-0.02709552879484046,0.02175656792347957,-0.20689655172413793,0.06896551724137931,0.8666666666666667,0.1875,0.2816762712908517,0.17761972253461858,32,22,30,27,5,0.2419251656276183,-0.03496319530076176,23,0.06404118545469849,26,0.04182869237898103,26
2024,2024_07_KC_SF,SF,7,KC,-10.0,-0.1617520309648906,-0.2816762712908517,-0.3118598045197443,-0.17761972253461858,-0.16628565712767004,-0.1875,0.03125,0.6875,0.20689655172413793,0.11259602967658255,0.02709552879484046,40,25,16,31,6,-0.15591154950379904,-0.04182869237898103,26,0.2569244959000072,11,0.03496319530076176,23
2024,2024_07_LAC_ARI,ARI,7,LAC,2.0,-0.024519856165473527,-0.013157096409346472,0.018837517460009584,0.13562447651347595,0.035911967486960295,-0.038461538461538464,0.0,0.85,0.17073170731707318,-0.2440375655544902,0.10388849600598105,33,21,20,26,5,-0.1475344746606419,-0.024367076554335797,25,0.2843516828416957,17,-0.33496951510578576,34
2024,2024_07_LAC_ARI,LAC,7,ARI,-2.0,0.1376303964886081,0.2440375655544902,0.2733233437596545,-0.10388849600598105,0.04946805758481455,-0.17073170731707318,0.07317073170731707,0.8421052631578947,0.038461538461538464,0.013157096409346472,-0.13562447651347595,43,33,19,38,5,0.05075142940040571,0.33496951510578576,34,0.03730538065792677,16,0.024367076554335797,25
2024,2024_07_LV_LA,LA,7,LV,5.0,-0.30220377844978447,-0.2453263712871464,-0.23178159972638912,-0.3717557281343032,-0.2877216977314878,-0.08333333333333333,0.041666666666666664,0.875,0.21739130434782608,0.3340463948172623,0.06860418382432103,24,22,24,23,1,-0.543311345623807,-0.17377328873809758,22,-0.10583241388667364,21,0.17448089756246954,36
2024,2024_07_LV_LA,LV,7,LA,-5.0,-0.519082244624677,-0.3340463948172623,-0.3242307437406718,-0.06860418382432103,-0.34050667753271197,-0.21739130434782608,0.043478260869565216,0.8461538461538461,0.08333333333333333,0.2453263712871464,0.3717557281343032,47,31,26,44,13,-0.3574529473845166,-0.17448089756246954,36,0.03980287144077008,22,0.17377328873809758,22
2024,2024_07_MIA_IND,IND,7,MIA,6.0,-0.3216722092275362,-0.22205400743968418,-0.2264667553836083,-0.031069252670729505,-0.1945994589457725,-0.16666666666666666,0.0,0.7727272727272727,0.18518518518518517,-0.04069795395215759,0.4814215336122994,37,21,22,24,3,-0.19116477183221528,-0.11757904457917856,20,0.21031726675364504,17,-0.05676744041123853,22
2024,2024_07_MIA_IND,MIA,7,IND,-6.0,-0.0399171153410409,0.04069795395215759,0.21889703530618732,-0.4814215336122994,-0.2572328068957098,-0.18518518518518517,0.07407407407407407,0.8181818181818181,0.16666666666666666,0.22205400743968418,0.031069252670729505,33,18,33,25,7,-0.41752825524391884,0.05676744041123853,22,-0.18790499129142915,27,0.11757904457917856,20
2024,2024_07_NE_JAX,JAX,7,NE,16.0,0.5742249506073548,0.50679723365381,0.7014376304450394,0.0518313565640713,0.22717688008186987,0.0,0.0,0.8857142857142857,0.07692307692307693,-0.27265638685183324,0.33724206010811014,22,15,35,20,5,-0.07712395671987834,0.50679723365381,20,0.23967759470237573,31,-0.2881612602213442,36
2024,2024_07_NE_JAX,NE,7,JAX,-16.0,0.21565170072076467,0.27265638685183324,0.2686255397166735,-0.33724206010811014,0.09278642053657024,-0.07692307692307693,0.05128205128205128,0.6666666666666667,0.0,-0.50679723365381,-0.0518313565640713,42,27,12,37,10,0.28353967411676456,0.2881612602213442,36,-0.16432036708283673,8,-0.50679723365381,20
2024,2024_07_NYJ_PIT,NYJ,7,PIT,-22.0,-0.024206969014018566,0.020526999285182992,-0.11412936897667249,-0.09258913943388805,-0.04285665185580114,-0.2,0.025,0.6666666666666667,0.16666666666666666,-0.33917827607831125,-0.004221341510084464,40,29,15,39,10,0.4110304672445639,-0.10628191542869786,32,0.08330139283789349,10,-0.4271127855435964,25
2024,2024_07_NYJ_PIT,PIT,7,NYJ,22.0,0.3090631473148396,0.33917827607831125,0.5263993294614876,0.004221341510084464,0.15664224441246202,-0.16666666666666666,0.03333333333333333,0.7878787878787878,0.2,-0.020526999285182992,0.09258913943388805,33,23,33,29,6,-0.3785024285571981,0.4271127855435964,25,0.24520454321240176,26,0.10628191542869786,32
2024,2024_07_PHI_NYG,NYG,7,PHI,-25.0,-0.5132493678420793,-0.25737074794181225,-0.24565676084074017,-0.12339078488488055,-0.42661412718492403,-0.3055555555555556,0.2222222222222222,0.8333333333333334,0.35,-0.257703842587458,-0.14726320830614933,42,22,12,28,6,-0.3003220339790764,-0.23130345797864735,25,-0.006585028662811904,10,-0.4874853751210208,13
2024,2024_07_PHI_NYG,PHI,7,NYG,25.0,0.14548243941792938,0.257703842587458,0.5366836110828436,0.14726320830614933,0.14653977094530998,-0.35,0.25,0.8157894736842105,0.3055555555555556,0.25737074794181225,0.12339078488488055,26,10,38,15,5,-0.3002556944033131,0.4874853751210208,13,0.31938769833199787,31,0.23130345797864735,25
2024,2024_07_SEA_ATL,ATL,7,SEA,-20.0,-0.20649802102104348,0.09753545376918425,0.06432817553876256,0.03675709444571322,-0.09877075560005125,-0.23076923076923078,0.07692307692307693,0.8387096774193549,0.2,-0.36643886359702854,-0.04065165295403223,39,30,31,36,6,0.26357184492129265,-0.050418201847467946,30,0.19257289691058033,26,-0.4355872839490382,24
2024,2024_07_SEA_ATL,SEA,7,ATL,20.0,0.16003073877481463,0.36643886359702854,0.4033212507501864,0.04065165295403223,0.11313181220236444,-0.2,0.03333333333333333,0.9090909090909091,0.23076923076923078,-0.09753545376918425,-0.03675709444571322,34,25,22,29,4,0.13592394388979212,0.4355872839490382,24,0.11362886642746192,20,0.050418201847467946,30
2024,2024_07_TEN_BUF,BUF,7,TEN,24.0,0.2878677795366505,0.43170924061567767,0.44046981582834016,0.07110657327746889,0.21962814052913032,-0.11764705882352941,0.029411764705882353,0.7058823529411764,0.23809523809523808,-0.005644397368972188,0.44144176471806845,37,30,17,33,3,0.344103488489053,0.4297775272377467,30,0.4235497220118614,12,-0.12433702512941966,32
2024,2024_07_TEN_BUF,TEN,7,BUF,-24.0,-0.13571142855893326,0.005644397368972188,0.1330421383898914,-0.44144176471806845,-0.22372470715019946,-0.23809523809523808,0.07142857142857142,0.736842105263158,0.11764705882352941,-0.43170924061567767,-0.07110657327746889,47,31,19,39,8,-0.4880218490870898,0.12433702512941966,32,0.017012865507110352,14,-0.4297775272377467,30
2024,2024_08_ARI_MIA,ARI,8,MIA,1.0,0.4725427093896263,0.5092649918348185,0.7289582416629348,-0.07391454342011683,0.27863852290874974,-0.027777777777777776,0.0,0.7272727272727273,0.10256410256410256,-0.26925627619392956,-0.20923189724536229,40,29,22,36,7,-0.40089275745309144,0.4711650974344536,35,0.18064096393936774,16,-0.21404687667106181,35
2024,2024_08_ARI_MIA,MIA,8,ARI,-1.0,0.1843065066181893,0.26925627619392956,0.3357632489516989,0.20923189724536229,0.19287460964628,-0.10256410256410256,0.02564102564102564,0.8181818181818181,0.027777777777777776,-0.5092649918348185,0.07391454342011683,42,25,22,38,13,0.14135825165975768,0.21404687667106181,35,0.4351601234698642,18,-0.4711650974344536,35
2024,2024_08_ATL_TB,ATL,8,TB,5.0,0.506808015904801,0.6053277605458106,0.8115517108540412,-0.10864861256002822,0.25998352654073664,-0.12903225806451613,0.06451612903225806,0.84,0.0,-0.18064596400591246,0.25385892127900783,34,21,25,29,8,0.06398989098670516,0.6664009628325915,27,0.09434896898480971,21,-0.18064596400591246,49
2024,2024_08_ATL_TB,TB,8,ATL,-5.0,0.24485504858884938,0.18064596400591246,0.29619477714368264,-0.25385892127900783,0.08780195819872408,0.0,0.0,0.9411764705882353,0.12903225806451613,-0.6053277605458106,0.10864861256002822,51,32,17,49,17,-0.03685768425341962,0.18064596400591246,49,-0.2354558063925653,16,-0.6664009628325915,27
2024,2024_08_BAL_CLE,BAL,8,CLE,-5.0,0.16535513750450212,0.34422403247347055,0.37383140639584517,-0.14927727069992258,0.09718478239354342,-0.1794871794871795,0.07692307692307693,0.6923076923076923,0.16279069767441862,-0.4210698796566937,0.18314060095402335,47,33,13,36,3,0.01854291932734971,0.4074131625210966,32,0.471962789882026,9,-0.5498275281324774,36
2024,2024_08_BAL_CLE,CLE,8,BAL,5.0,0.30261161623937805,0.4210698796566937,0.4898468844320059,-0.18314060095402335,0.14805409258693217,-0.16279069767441862,0.046511627906976744,0.6190476190476191,0.1794871794871795,-0.34422403247347055,0.14927727069992258,45,38,21,41,3,-0.45010551416392747,0.5498275281324774,36,0.21422788977640897,13,-0.4074131625210966,32
2024,2024_08_BUF_SEA,BUF,8,SEA,21.0,0.3419988339738733,0.3289432362354924,0.4062864765116797,0.29916473908815516,0.3138355417226208,-0.02857142857142857,0.02857142857142857,0.9130434782608696,0.16666666666666666,-0.08760018189691023,0.29892222515142475,42,28,23,34,6,-0.03199188505338194,0.3289432362354924,34,0.4072604678582311,21,-0.09628962236694573,25
2024,2024_08_BUF_SEA,SEA,8,BUF,-21.0,-0.18064514503926915,0.08760018189691023,0.427972596038541,-0.29892222515142475,-0.21150003550330967,-0.16666666666666666,0.03333333333333333,0.6666666666666667,0.02857142857142857,-0.3289432362354924,-0.29916473908815516,34,18,12,29,11,-0.46937285942575824,0.09628962236694573,25,-0.06386904520695685,8,-0.3289432362354924,34
2024,2024_08_CAR_DEN,CAR,8,DEN,-14.0,-0.15582457178158635,-0.06774682271766143,0.14570715140784074,-0.09390075027840812,-0.14565721913628932,-0.125,0.05,0.875,0.04878048780487805,-0.22674554135077193,0.14018141254200606,43,25,16,38,13,-0.4782352344974733,-0.11687502530736114,35,0.05377766309123092,14,-0.22674554135077193,39
2024,2024_08_CAR_DEN,DEN,8,CAR,14.0,0.14354058920897847,0.22674554135077193,0.2062050009901146,-0.14018141254200606,0.03536976330821733,-0.04878048780487805,0.04878048780487805,0.8076923076923077,0.125,0.06774682271766143,0.09390075027840812,44,31,26,39,8,0.30634013524831905,0.22674554135077193,39,0.10104325824760889,21,0.11687502530736114,35
2024,2024_08_CHI_WAS,CHI,8,WAS,-3.0,-0.39202564938588874,-0.17351276988483735,-0.10374593177887916,0.21322540291876035,-0.1491211139247752,-0.2962962962962963,0.1111111111111111,0.85,0.175,-0.27357972872693437,0.21734150634195717,36,21,20,24,3,-0.6618806366265448,-0.1905761521438282,19,0.36408654332626567,17,-0.30909452573321095,33
2024,2024_08_CHI_WAS,WAS,8,CHI,3.0,0.22125460616884343,0.27357972872693437,0.48611084600366056,-0.21734150634195717,0.07505590199857654,-0.175,0.05,0.8333333333333334,0.2962962962962963,0.17351276988483735,-0.21322540291876035,48,30,24,38,8,-0.5234119610607888,0.30909452573321095,33,-0.08803519658977157,20,0.1905761521438282,19
2024,2024_08_DAL_SF,DAL,8,SF,-6.0,0.023154514414578532,0.09872167245984265,0.08929888554260008,-0.24116099792402496,-0.017973590718525927,-0.2,0.05,0.7058823529411764,0.10714285714285714,-0.3712450735849671,0.006441279301414311,40,35,17,38,3,0.2086541864943392,0.2464057264304939,32,-0.026895863161674638,12,-0.3075824776390774,25
2024,2024_08_DAL_SF,SF,8,DAL,6.0,0.38080061608634225,0.3712450735849671,0.5881077329034576,-0.006441279301414311,0.2514795341508653,-0.10714285714285714,0.07142857142857142,0.9130434782608696,0.2,-0.09872167245984265,0.24116099792402496,35,20,23,26,6,-0.3516304574766682,0.3075824776390774,25,0.04441649993713665,21,-0.2464057264304939,32
2024,2024_08_GB_JAX,GB,8,JAX,3.0,0.2227686359344482,0.2590075978413359,0.5238916751258861,0.03665526183392631,0.10961365258441061,-0.10714285714285714,0.03571428571428571,0.8484848484848485,0.12121212121212122,-0.3256573477533449,0.16842186286291816,30,22,33,27,5,-0.9064823422106848,0.3470570029075216,25,0.1770656440515138,28,-0.32583366364093636,29
2024,2024_08_GB_JAX,JAX,8,GB,-3.0,0.17918090495141561,0.3256573477533449,0.47376601182157146,-0.16842186286291816,0.06124425158583808,-0.12121212121212122,0.030303030303030304,0.7894736842105263,0.10714285714285714,-0.2590075978413359,-0.03665526183392631,37,25,19,32,7,-0.20330216677603577,0.32583366364093636,29,0.09355075645532143,15,-0.3470570029075216,25
2024,2024_08_IND_HOU,HOU,8,IND,3.0,0.0014697159946844619,0.25721244830677886,0.3679147545754632,-0.12037715339533007,-0.06942154143449653,-0.23076923076923078,0.05128205128205128,0.7037037037037037,0.25,0.07354805163924087,0.028634572122104497,40,29,27,37,8,-0.14408341191720186,0.24230096232229073,30,0.24284894076960237,19,0.2937172308790703,27
2024,2024_08_IND_HOU,IND,8,HOU,-3.0,-0.12395952784559551,-0.07354805163924087,-0.12629674187006432,-0.028634572122104497,-0.09270544400182801,-0.25,0.1388888888888889,0.75,0.23076923076923078,-0.25721244830677886,0.12037715339533007,41,28,20,31,3,0.418773057181778,-0.2937172308790703,27,0.19779496724386975,15,-0.24230096232229073,30
2024,2024_08_KC_LV,KC,8,LV,7.0,0.3298124255447266,0.3591482631553221,0.35195678318693335,-0.10064268015254181,0.17511762193477073,-0.07894736842105263,0.02631578947368421,0.8260869565217391,0.2727272727272727,-0.668635921200469,0.6041912568479729,41,31,23,37,6,0.39630424299199757,0.3389392237457744,35,0.041902324613673964,19,-0.6663783730680168,24
2024,2024_08_KC_LV,LV,8,KC,-7.0,0.2097090098668356,0.668635921200469,0.8548152214222554,-0.6041912568479729,-0.05785218520122336,-0.2727272727272727,0.15151515151515152,0.7058823529411764,0.07894736842105263,-0.3591482631553221,0.10064268015254181,34,20,17,28,8,0.20318767064600296,0.6663783730680168,24,-0.27203571800782816,12,-0.3389392237457744,35
2024,2024_08_MIN_LA,LA,8,MIN,10.0,0.4673611096034567,0.4673611096034567,0.6033709582429416,-0.1456777163785536,0.18649580019954898,-0.058823529411764705,0.0,0.7777777777777778,0.17857142857142858,-0.5588013521542559,0.19793410831449637,34,26,27,34,8,0.02532910152513068,0.4307550368157538,32,0.02889155781373301,21,-0.5827661792276841,23
2024,2024_08_MIN_LA,MIN,8,LA,-10.0,0.3017388018242215,0.5588013521542559,0.5840211168350399,-0.19793410831449637,0.10798808156635134,-0.17857142857142858,0.10714285714285714,0.8421052631578947,0.058823529411764705,-0.4673611096034567,0.1456777163785536,30,21,19,25,4,0.4263975875801398,0.5827661792276841,23,-0.07773380895378063,16,-0.4307550368157538,32
2024,2024_08_NO_LAC,LAC,8,NO,18.0,0.12403136724464155,0.2472222605630539,0.7404771024371176,-0.18591798425525985,-0.0020965723623216958,-0.17142857142857143,0.08571428571428572,0.9166666666666666,0.14893617021276595,0.09556204722819399,0.14623462414213817,38,22,24,32,10,-0.8379383915598864,0.3751323669728811,29,-0.130864325117066,22,0.16211624831353447,40
2024,2024_08_NO_LAC,NO,8,LAC,-18.0,-0.23522519485261778,-0.09556204722819399,0.01144101795778659,-0.14623462414213817,-0.19930524057083407,-0.14893617021276595,0.10638297872340426,0.8666666666666667,0.17142857142857143,-0.2472222605630539,0.18591798425525985,49,26,15,42,16,-0.2694420281554124,-0.16211624831353447,40,0.054753024569855965,13,-0.3751323669728811,29
2024,2024_08_NYG_PIT,NYG,8,PIT,-8.0,-0.009061285337901953,0.23908329829591687,0.37052605090363694,0.19601779808660755,0.058278115189548944,-0.30952380952380953,0.09523809523809523,0.8636363636363636,0.25806451612903225,-0.47735289800623637,-0.06877259652122007,45,30,22,38,8,-0.25382702398303336,0.22857193156107325,29,0.33218318069549796,19,-0.6436754280706826,23
2024,2024_08_NYG_PIT,PIT,8,NYG,8.0,0.09701032727177114,0.47735289800623637,0.7470453267980388,0.06877259652122007,0.08404874594364932,-0.25806451612903225,0.12903225806451613,0.8571428571428572,0.30952380952380953,-0.23908329829591687,-0.19601779808660755,33,20,28,27,7,-0.2931968985417705,0.6436754280706826,23,0.21169405065059757,24,-0.22857193156107325,29
2024,2024_08_NYJ_NE,NE,8,NYJ,3.0,0.0694216371728712,0.09288777772147706,0.09232622720485496,-0.053171124611981264,0.020773715829675764,-0.09375,0.0625,0.76,0.1724137931034483,-0.23621182916811553,-0.057020644316383415,38,26,25,30,4,0.0965378560795207,0.09429117691474999,29,0.23507401212976367,19,-0.28224779897574187,24
2024,2024_08_NYJ_NE,NYJ,8,NE,-3.0,0.17802548939127988,0.23621182916811553,0.5602606127028125,0.057020644316383415,0.11858451286326058,-0.1724137931034483,0.034482758620689655,0.8571428571428572,0.09375,-0.09288777772147706,0.053171124611981264,29,22,28,28,6,-0.9519670437924398,0.28224779897574187,24,0.18227916908411645,24,-0.09429117691474999,29
2024,2024_08_PHI_CIN,CIN,8,PHI,-20.0,0.1193912967341106,0.10543859370582334,0.15463780125304943,-0.2840464919367256,-0.0009322542729809067,-0.07894736842105263,0.02631578947368421,0.9411764705882353,0.05,-0.7202280184366046,0.051285087350027056,40,28,17,37,9,-0.04762560755221341,0.09901929941761095,35,-0.19675757864024473,16,-0.7851244409814789,19
2024,2024_08_PHI_CIN,PHI,8,CIN,20.0,0.7141870632929652,0.7202280184366046,0.9939631924014272,-0.051285087350027056,0.3379380400955623,-0.05,0.0,0.8275862068965517,0.07894736842105263,-0.10543859370582334,0.2840464919367256,30,17,29,20,3,-0.8309379673640566,0.7851244409814789,19,0.10940903454320523,24,-0.09901929941761095,35
2024,2024_08_TEN_DET,DET,8,TEN,38.0,-0.18380587406054308,0.19221311870232663,0.2998265762883896,0.2432729870576978,0.025190164359021654,-0.21739130434782608,0.17391304347826086,0.8695652173913043,0.1282051282051282,0.4139092272127623,0.07062640431966571,24,16,23,19,3,-0.38172532175667584,0.24520972016790724,18,0.45581029108143384,20,0.11628126194238336,34
2024,2024_08_TEN_DET,TEN,8,DET,-38.0,-0.30852661885762434,-0.4139092272127623,-0.49046029752336084,-0.07062640431966571,-0.29040792678248367,-0.1282051282051282,0.02564102564102564,0.8888888888888888,0.21739130434782608,-0.19221311870232663,-0.2432729870576978,43,34,27,38,4,0.23677487042732537,-0.11628126194238336,34,0.032147128151942934,24,-0.24520972016790724,18
2024,2024_09_CHI_ARI,ARI,9,CHI,20.0,-0.3975238579988878,-0.12547721982263313,-0.362845522541844,0.1734154841282571,-0.06949403704706635,-0.13043478260869565,0.13043478260869565,0.935483870967742,0.19148936170212766,-0.002266815659300412,0.1420883831298471,25,13,31,20,7,0.31534962808447276,-0.12547721982263313,20,0.2519681911175059,29,-0.03422200753171557,38
2024,2024_09_CHI_ARI,CHI,9,ARI,-20.0,-0.2607497129401517,0.002266815659300412,0.13128294649182967,-0.1420883831298471,-0.22807485400687943,-0.19148936170212766,0.1276595744680851,0.7894736842105263,0.13043478260869565,0.12547721982263313,-0.1734154841282571,50,27,19,41,14,-0.24655000808914887,0.03422200753171557,38,0.029448065153943957,15,0.12547721982263313,20
2024,2024_09_DAL_ATL,ATL,9,DAL,6.0,0.283866976866395,0.5833071670931529,0.7208488955135071,-0.044298860728740536,0.128918177865551,-0.15384615384615385,0.07692307692307693,0.8,0.15384615384615385,0.05430820253468323,-0.2843662790721286,27,17,25,24,7,0.2492772552151499,0.7359252245461733,22,0.17065805861493583,20,0.09901299002580043,44
2024,2024_09_DAL_ATL,DAL,9,ATL,-6.0,-0.06134292148743603,-0.05430820253468323,-0.013559882253769263,0.2843662790721286,-0.020893584497539166,-0.15384615384615385,0.057692307692307696,0.9333333333333333,0.15384615384615385,-0.5833071670931529,0.044298860728740536,56,39,15,49,10,-0.21322665163024768,-0.09901299002580043,44,0.4339219229877928,14,-0.7359252245461733,22
2024,2024_09_DEN_BAL,BAL,9,DEN,31.0,0.7433262391887853,1.1919439713276074,1.2435929367254261,0.12294188673903159,0.4155760152530663,-0.05,0.05,0.9285714285714286,0.15789473684210525,-0.011173030217281535,0.2604276316657586,25,14,28,19,5,1.0473268682137147,1.1919439713276074,19,0.2234480785991759,26,0.029746332704707446,32
2024,2024_09_DEN_BAL,DEN,9,BAL,-31.0,-0.10522761350589606,0.011173030217281535,-0.19928044421083307,-0.2604276316657586,-0.16082164986166772,-0.15789473684210525,0.10526315789473684,0.875,0.05,-1.1919439713276074,-0.12294188673903159,43,26,24,34,8,0.6951468221086541,-0.029746332704707446,32,-0.07041319767761586,21,-1.1919439713276074,19
2024,2024_09_DET_GB,DET,9,GB,10.0,0.25839045819223305,0.3650251351940808,0.5465769145560135,0.07963743729383775,0.12663471486430267,-0.13043478260869565,0.043478260869565216,0.8928571428571429,0.05128205128205128,0.10600708317248445,-0.16639727783560976,23,15,28,22,7,-0.024014392010060805,0.4212346321616116,20,0.20655540502397307,25,-0.12225393875623658,37
2024,2024_09_DET_GB,GB,9,DET,-10.0,-0.17352634480814308,-0.10600708317248445,0.24134207771722246,0.16639727783560976,-0.032947436430245565,-0.05128205128205128,0.0,0.8947368421052632,0.13043478260869565,-0.3650251351940808,-0.07963743729383775,42,29,19,39,10,-1.1133196497526345,0.12225393875623658,37,0.42702230916920114,17,-0.4212346321616116,20
2024,2024_09_HOU_NYJ,HOU,9,NYJ,-8.0,-0.15985522317975637,0.07037108868514311,0.2185863360165131,0.06356464159970157,-0.0753179770469885,-0.3076923076923077,0.20512820512820512,0.8214285714285714,0.11764705882352941,-0.38497054406070697,0.039321336622570556,46,25,28,31,6,-0.5471924418622318,0.259211337621434,27,0.2651054581447568,23,-0.3281471620255617,30
2024,2024_09_HOU_NYJ,NYJ,9,HOU,8.0,0.2531040927946486,0.38497054406070697,0.503765585765467,-0.039321336622570556,0.04756760713213155,-0.11764705882352941,0.058823529411764705,0.7894736842105263,0.3076923076923077,-0.07037108868514311,-0.06356464159970157,34,27,19,32,5,-0.2565226811449975,0.3281471620255617,30,0.1726436127442864,15,-0.259211337621434,27
2024,2024_09_IND_MIN,IND,9,MIN,-8.0,-0.4732343978119744,-0.21114655956871872,-0.04620281018474117,-0.1348986494400322,-0.3262176428522692,-0.23333333333333334,0.1,0.9333333333333333,0.1794871794871795,-0.32127146799897216,0.14883340949287505,31,20,15,27,7,-0.6824144149515118,0.1437781629143974,23,-0.10286239887675215,14,-0.2615297312822005,32
2024,2024_09_IND_MIN,MIN,9,IND,8.0,0.0019202445804031218,0.32127146799897216,0.4734885317137391,-0.14883340949287505,-0.04208867882670295,-0.1794871794871795,0.10256410256410256,0.7777777777777778,0.23333333333333334,0.21114655956871872,0.1348986494400322,42,27,27,35,8,-0.1924611220383663,0.2615297312822005,32,0.07152054998247576,21,-0.1437781629143974,23
2024,2024_09_JAX_PHI,JAX,9,PHI,-5.0,-0.27607438018281116,-0.19911404065092964,0.13608069773405293,-0.09069477850033959,-0.22787568374536846,-0.09090909090909091,0.06060606060606061,0.7692307692307692,0.1111111111111111,-0.3910944412855315,0.2269291712096265,37,26,13,31,5,-1.942126680252839,-0.2775889630186906,30,0.0774866793188268,10,-0.3910944412855315,24
2024,2024_09_JAX_PHI,PHI,9,JAX,5.0,0.32084287133523864,0.3910944412855315,0.5730451333185879,-0.2269291712096265,0.03233303871827569,-0.1111111111111111,0.1111111111111111,0.84375,0.09090909090909091,0.19911404065092964,0.09069477850033959,37,17,32,24,7,-0.050785810794748344,0.3910944412855315,24,-0.10204470317802185,27,0.2775889630186906,30
2024,2024_09_LAC_CLE,CLE,9,LAC,-17.0,-0.26901777988632924,-0.3152731561541774,-0.23948102855184045,-0.276102975819652,-0.27078907886965997,-0.15384615384615385,0.11538461538461539,0.736842105263158,0.3333333333333333,-0.26991801516691577,-0.05199121569565177,57,42,19,46,4,-1.111090495978715,-0.285030622813073,44,-0.05624620818499745,14,-0.38763511425947467,22
2024,2024_09_LAC_CLE,LAC,9,CLE,17.0,0.03410245812720358,0.26991801516691577,0.35012481985662136,0.05199121569565177,0.03149266015115074,-0.3333333333333333,0.18181818181818182,0.6842105263157895,0.15384615384615385,0.3152731561541774,0.276102975819652,34,24,19,27,3,-0.3717364223507289,0.38763511425947467,22,0.4796319238778854,13,0.285030622813073,44
2024,2024_09_LA_SEA,LA,9,SEA,6.0,0.06453975334874047,0.08803223880727605,0.1210431307525599,-0.20823607436361052,-0.02772265896573117,-0.1590909090909091,0.0,0.8260869565217391,0.2682926829268293,-0.11413783545653816,0.26136321135951845,45,39,23,44,5,-0.16945271836593792,0.23843396007964446,37,-0.05803560749260019,19,-0.41950197295130576,30
2024,2024_09_LA_SEA,SEA,9,LA,-6.0,-0.24100562462800815,0.11413783545653816,0.055967116219108236,-0.26136321135951845,-0.24853514300815577,-0.2682926829268293,0.17073170731707318,0.8148148148148149,0.1590909090909091,-0.08803223880727605,0.20823607436361052,46,28,27,34,6,0.3856011918978777,0.41950197295130576,30,0.057695219301174,22,-0.23843396007964446,37
2024,2024_09_LV_CIN,CIN,9,LV,17.0,0.18932474959699683,0.22939786443250748,0.2343494484039883,-0.06808622054328858,0.08859871780297217,-0.15,0.025,0.8888888888888888,0.34210526315789475,-0.09531284591260697,0.017524101082627305,42,32,27,39,7,0.20676205199145237,0.401119223514209,34,0.02545269089023322,24,-0.3051351212197919,25
2024,2024_09_LV_CIN,LV,9,CIN,-17.0,-0.4113873747774049,0.09531284591260697,0.1367818402078262,-0.017524101082627305,-0.28455004935027317,-0.34210526315789475,0.13157894736842105,1.0,0.15,-0.22939786443250748,0.06808622054328858,40,29,19,33,4,-0.2053373627277323,0.3051351212197919,25,-0.017524101082627305,19,-0.401119223514209,34
2024,2024_09_MIA_BUF,BUF,9,MIA,3.0,0.18695558443735003,0.23536726155457777,0.1627982184448839,0.06440370651612587,0.15103520642595678,-0.07692307692307693,0.02564102564102564,0.9411764705882353,0.06896551724137931,-0.6816574823153151,0.09276234595337256,41,28,17,38,10,0.4385605822617206,0.25439233829860786,36,0.12614968034722587,16,-0.6386170888440627,27
2024,2024_09_MIA_BUF,MIA,9,BUF,-3.0,0.6654325281603835,0.6816574823153151,0.6327413892147916,-0.09276234595337256,0.3055681748716007,-0.06896551724137931,0.034482758620689655,0.7142857142857143,0.07692307692307693,-0.23536726155457777,-0.06440370651612587,30,17,28,28,11,0.7572550807433968,0.6386170888440627,27,0.1856962863268562,20,-0.25439233829860786,36
2024,2024_09_NE_TEN,NE,9,TEN,-3.0,-0.03916124846059129,-0.03864222037399094,-0.17761527414073247,-0.3033163251772449,-0.08869032534496386,-0.18181818181818182,0.09090909090909091,0.6666666666666667,0.11764705882352941,-0.20958850064286677,0.14801378234627435,52,32,12,40,8,0.5172499946929752,-0.16096722485830442,36,-0.10174882064893612,8,-0.2267532071913593,30
2024,2024_09_NE_TEN,TEN,9,NE,3.0,0.17151487553494785,0.20958850064286677,0.4135993721647539,-0.14801378234627435,0.011146080145846424,-0.11764705882352941,0.029411764705882353,0.8484848484848485,0.18181818181818182,0.03864222037399094,0.3033163251772449,38,24,33,33,9,-0.33444049008216553,0.2267532071913593,30,-0.021098092062322774,28,0.16096722485830442,36
2024,2024_09_NO_CAR,CAR,9,NO,1.0,0.0662389122343007,0.06287457957380221,0.4570643898577574,-0.03443115506567723,0.011711274554056276,-0.1111111111111111,0.037037037037037035,0.7647058823529411,0.15151515151515152,-0.13385201629679352,-0.03040061919669194,29,19,17,26,7,-1.0070691911969332,-0.13618723884186096,24,0.23442608775803844,13,-0.09031168588691482,28
2024,2024_09_NO_CAR,NO,9,CAR,-1.0,0.09720214064704584,0.13385201629679352,0.5309899378843664,0.03040061919669194,0.14278440924606253,-0.15151515151515152,0.030303030303030304,0.9117647058823529,0.1111111111111111,-0.06287457957380221,0.03443115506567723,33,17,34,32,15,-0.3162376281691224,0.09031168588691482,28,0.10073708909406007,31,0.13618723884186096,24
2024,2024_09_TB_KC,KC,9,TB,6.0,0.2589524718782228,0.4255293041094151,0.47096785608866604,0.036470094533269,0.14035290487554197,-0.14583333333333334,0.08333333333333333,0.8064516129032258,0.09090909090909091,-0.30350481553644154,-0.16582712419599696,50,36,31,44,8,0.2210558202027859,0.37873549775226906,41,0.23365382512914934,25,-0.27125196316538225,30
2024,2024_09_TB_KC,TB,9,KC,-6.0,0.16997002630509267,0.30350481553644154,0.4524863429797638,0.16582712419599696,0.18954355936319875,-0.09090909090909091,0.06060606060606061,0.9230769230769231,0.14583333333333334,-0.4255293041094151,-0.036470094533269,37,24,13,31,7,-0.2072889928406634,0.27125196316538225,30,0.2248987284595688,12,-0.37873549775226906,41
2024,2024_09_WAS_NYG,NYG,9,WAS,-5.0,0.20509676046203837,0.373734096862161,0.3967517579300332,-0.020589302549563954,0.14066985688345923,-0.14285714285714285,0.07142857142857142,0.9565217391304348,0.09090909090909091,-0.44589637874441623,-0.13948631601330477,35,25,23,26,1,-0.2017074298346433,0.2794676101960557,24,0.000771980497202768,22,-0.6557451247936118,20
2024,2024_09_WAS_NYG,WAS,9,NYG,5.0,0.5027953228065236,0.44589637874441623,0.8133715452692872,0.13948631601330477,0.3115800560732506,-0.09090909090909091,0.0,0.9333333333333333,0.14285714285714285,-0.373734096862161,0.020589302549563954,27,14,30,22,8,-0.1971851626741079,0.6557451247936118,20,0.2020985762127173,28,-0.2794676101960557,24
2024,2024_10_ATL_NO,ATL,10,NO,-3.0,-0.030376743635656712,0.09215793071358196,0.12449111642202682,0.1972538101404249,0.0737384612425201,-0.21951219512195122,0.07317073170731707,0.8064516129032258,0.04,-0.2489142806572674,0.08428737319742421,41,33,31,38,5,-0.12124109496215407,0.1271770803848433,32,0.4212281170650389,25,-0.06995594698560505,24
2024,2024_10_ATL_NO,NO,10,ATL,3.0,0.1582937260578969,0.2489142806572674,1.038410480655819,-0.08428737319742421,0.0038524610726947553,-0.04,0.0,0.7894736842105263,0.21951219512195122,-0.09215793071358196,-0.1972538101404249,28,13,19,25,12,-0.6063732693411635,0.06995594698560505,24,0.11484618346827714,15,-0.1271770803848433,32
2024,2024_10_BUF_IND,BUF,10,IND,10.0,0.02775059800662301,-0.10510562260392436,-0.1327861039261449,0.003410322440851871,0.019989930434927854,-0.1282051282051282,0.05128205128205128,0.8181818181818181,0.1794871794871795,-0.013439593945827192,0.15113314824356242,47,29,22,37,8,-0.00476387781087495,-0.10183900924272274,34,0.13207638130794924,18,-0.030924578227565933,32
2024,2024_10_BUF_IND,IND,10,BUF,-10.0,-0.3192605463411229,0.013439593945827192,0.24674972573743345,-0.15113314824356242,-0.25126254354012123,-0.1794871794871795,0.10256410256410256,0.6666666666666667,0.1282051282051282,0.10510562260392436,-0.003410322440851871,39,27,21,35,8,-0.7739821008508438,0.030924578227565933,32,0.25271462551816976,14,0.10183900924272274,34
2024,2024_10_CIN_BAL,BAL,10,CIN,1.0,0.5441799609868144,0.5957546156211969,0.7133653389103312,-0.19983886978136242,0.3220503245245041,-0.030303030303030304,0.0,0.8333333333333334,0.22033898305084745,-0.2841374203838181,0.42291823206379847,39,29,18,33,4,-0.2569231282250266,0.6327134511784608,32,-0.023113374672054043,15,-0.40813913421943226,46
2024,2024_10_CIN_BAL,CIN,10,BAL,-1.0,0.20069221383080882,0.2841374203838181,0.4179586438410696,-0.42291823206379847,0.11335733570507701,-0.22033898305084745,0.05084745762711865,0.9230769230769231,0.030303030303030304,-0.5957546156211969,0.19983886978136242,61,43,13,56,13,-0.15850201105170625,0.40813913421943226,46,-0.421956587655586,12,-0.6327134511784608,32
2024,2024_10_DEN_KC,DEN,10,KC,-2.0,0.15370901648355847,0.3927767716892194,0.5228618849741373,-0.05545397767427335,0.07283556316197032,-0.15625,0.0625,1.0,0.1956521739130435,-0.2512839771152649,0.3209539078234227,35,26,17,30,4,-0.45277646466274746,0.5608417322618545,27,-0.05545397767427335,17,-0.36940266743322947,37
2024,2024_10_DEN_KC,KC,10,DEN,2.0,0.10908096181609474,0.2512839771152649,0.2698034772948161,-0.3209539078234227,0.00322622467405966,-0.1956521739130435,0.08695652173913043,0.75,0.15625,-0.3927767716892194,0.05545397767427335,49,28,16,42,14,0.21424497675616255,0.36940266743322947,37,-0.126595097074945,12,-0.5608417322618545,27
2024,2024_10_DET_HOU,DET,10,HOU,3.0,-0.044349700042971854,-0.06229404359226419,0.11598038942465848,-0.1899955626550363,-0.11832855089354428,-0.16666666666666666,0.0,0.71875,0.1891891891891892,-0.01982619270168479,0.2787432973254372,31,19,32,30,11,-0.37022260971240334,0.1657916465780585,25,0.09168420734734326,23,0.00013040588616305046,30
2024,2024_10_DET_HOU,HOU,10,DET,-3.0,-0.15967396551348864,0.01982619270168479,-0.04087261368519164,-0.2787432973254372,-0.22658274712509308,-0.1891891891891892,0.10810810810810811,0.7692307692307692,0.16666666666666666,0.06229404359226419,0.1899955626550363,38,28,26,33,5,0.3597395084681928,-0.00013040588616305046,30,-0.0801510176068404,20,-0.1657916465780585,25
2024,2024_10_MIA_LA,LA,10,MIA,-8.0,-0.18965552105271352,0.022195926228967492,0.06197240349674923,-0.40290098971865324,-0.24376258026645944,-0.14285714285714285,0.08163265306122448,0.9411764705882353,0.12903225806451613,-0.24097086361136502,0.3720191361738698,50,37,17,45,8,-0.16177028113452302,-0.0059487013711561065,42,-0.3705955394652849,16,-0.11668193025972631,27
2024,2024_10_MIA_LA,MIA,10,LA,8.0,-0.04939520835973134,0.24097086361136502,0.23190315666132727,-0.3720191361738698,-0.12069886028009356,-0.12903225806451613,0.0967741935483871,0.6470588235294117,0.14285714285714285,-0.022195926228967492,0.40290098971865324,31,20,17,28,8,0.26364013098645944,0.11668193025972631,27,-0.07093146521153619,11,0.0059487013711561065,42
2024,2024_10_MIN_JAX,JAX,10,MIN,-5.0,-0.3874205870282214,-0.24821562562614055,-0.22390743154392073,-0.22746959181789,-0.3390633094064933,-0.16,0.12,0.6923076923076923,0.07692307692307693,-0.005932349243215761,0.009683376997839287,30,20,13,22,2,-0.4912975664483388,-0.15756686938194772,21,-0.02617217551839178,9,-0.18711498019376022,36
2024,2024_10_MIN_JAX,MIN,10,JAX,5.0,0.03522236081822539,0.005932349243215761,0.0414852170475673,-0.009683376997839287,-0.003554511117989352,-0.07692307692307693,0.02564102564102564,0.8823529411764706,0.16,0.24821562562614055,0.22746959181789,44,33,34,38,5,-0.22871657826550437,0.18711498019376022,36,0.11074181785652572,30,0.15756686938194772,21
2024,2024_10_NE_CHI,CHI,10,NE,-16.0,-0.4767737910134094,-0.27096084265072423,-0.17445888110871777,-0.2341963321018472,-0.401864063990933,-0.3333333333333333,0.23076923076923078,0.7058823529411764,0.2692307692307692,-0.012006901298232609,-0.026080628772481126,41,23,17,30,7,-0.5880387162887456,-0.27054429619322334,26,0.06187270910110489,12,-0.15181729333898267,19
2024,2024_10_NE_CHI,NE,10,CHI,16.0,-0.0175720113124439,0.012006901298232609,0.135056658338126,0.026080628772481126,0.004981852731434017,-0.2692307692307692,0.038461538461538464,0.8709677419354839,0.3333333333333333,0.27096084265072423,0.2341963321018472,29,21,31,25,4,-0.6340043231612076,0.15181729333898267,19,0.10558969927498955,27,0.27054429619322334,26
2024,2024_10_NYG_CAR,CAR,10,NYG,3.0,-0.17774550174081755,-0.19460204913198773,0.16553771106242224,0.13265844321158018,-0.017191737110267048,-0.15384615384615385,0.038461538461538464,0.8666666666666667,0.13157894736842105,0.15118027387361643,0.011235747482994992,28,19,30,25,6,-1.3350446230809527,0.03137401220037531,22,0.25189498544617184,26,0.20494596942814905,33
2024,2024_10_NYG_CAR,NYG,10,CAR,-3.0,-0.16714236053349887,-0.15118027387361643,0.024012443950327124,-0.011235747482994992,-0.12398125862417508,-0.13157894736842105,0.05263157894736842,0.8461538461538461,0.15384615384615385,0.19460204913198773,-0.13265844321158018,44,29,26,36,7,-0.8769786762870969,-0.20494596942814905,33,0.3638116269893627,22,-0.03137401220037531,22
2024,2024_10_NYJ_ARI,ARI,10,NYJ,25.0,0.746080975919979,0.8119208947157225,0.7073864528792907,0.003970091765430077,0.3750255338427047,-0.08,0.04,0.7857142857142857,0.13157894736842105,0.09071161765984585,-0.13204908669200344,28,17,28,24,7,1.0657902534613424,0.7492110290264355,23,0.19756191975003137,22,0.081817398876603,33
2024,2024_10_NYJ_ARI,NYJ,10,ARI,-25.0,-0.28666705413807486,-0.09071161765984585,-0.1417137730507962,0.13204908669200344,-0.15724570151786885,-0.13157894736842105,0.07894736842105263,0.8235294117647058,0.08,-0.8119208947157225,-0.003970091765430077,38,27,17,35,8,0.08142065678461152,-0.081817398876603,33,0.30183973609486453,14,-0.7492110290264355,23
2024,2024_10_PHI_DAL,DAL,10,PHI,-28.0,-0.8558655747697076,-0.6931734516048602,-0.725208736121199,-0.4320962905859752,-0.7085975825744608,-0.1875,0.09375,0.7777777777777778,0.25925925925925924,-0.27603305463489924,0.04662729861283928,37,25,18,29,4,-0.492952923377743,-0.8446594068314975,26,-0.2669187648571092,14,-0.18588819041302457,20
2024,2024_10_PHI_DAL,PHI,10,DAL,28.0,-0.05319550480220252,0.27603305463489924,0.26840657897644365,-0.04662729861283928,-0.05011665815093848,-0.25925925925925924,0.18518518518518517,0.9,0.1875,0.6931734516048602,0.4320962905859752,34,18,30,22,4,0.3103521950979493,0.18588819041302457,20,0.0018333117689805643,27,0.8446594068314975,26
2024,2024_10_PIT_WAS,PIT,10,WAS,1.0,0.17730031133043767,0.3212686529451308,0.4956047895931356,-0.19544677476943964,-0.022650367114693,-0.1875,0.09375,0.8157894736842105,0.16216216216216217,0.11204697436998336,-0.12194673495986041,33,23,38,29,6,-0.34701987087222097,0.4621408290449137,26,-0.0837750612145981,31,0.06554069954875029,31
2024,2024_10_PIT_WAS,WAS,10,PIT,-1.0,-0.2592020917170693,-0.11204697436998336,-0.05284501951069449,0.12194673495986041,-0.13645924922788852,-0.16216216216216217,0.08108108108108109,0.736842105263158,0.1875,-0.3212686529451308,0.19544677476943964,40,30,19,34,4,-0.55606163581465,-0.06554069954875029,31,0.5347630260366716,14,-0.4621408290449137,26
2024,2024_10_SF_TB,SF,10,TB,3.0,0.43965923763613685,0.581524312750912,0.5942761607086149,-0.2517556825187057,0.24011230348996723,-0.18421052631578946,0.07894736842105263,0.7333333333333334,0.06451612903225806,-0.05791421149682753,-0.05434596862988105,41,27,15,35,8,0.5384868258936648,0.5654363344922684,31,-0.05267436620355988,11,-0.05791421149682753,29
2024,2024_10_SF_TB,TB,10,SF,-3.0,-0.12054848171933186,0.05791421149682753,-0.1395131609694717,0.05434596862988105,-0.05572677007686654,-0.06451612903225806,0.06451612903225806,0.8695652173913043,0.18421052631578946,-0.581524312750912,0.2517556825187057,34,19,23,29,10,0.4330262191827961,0.05791421149682753,29,0.21144437974144195,20,-0.5654363344922684,31
2024,2024_10_TEN_LAC,LAC,10,TEN,10.0,0.5007785696021897,0.5371613659389003,0.695411863533171,-0.003680628528215063,0.20210270739087063,-0.1111111111111111,0.0,0.8148148148148149,0.3,-0.3701081903145593,0.01897973363870357,25,15,27,18,3,-0.2540911220324536,0.5801446008209427,16,0.1337163592053745,22,-0.42400520460440483,21
2024,2024_10_TEN_LAC,TEN,10,LAC,-10.0,0.17900626925687588,0.3701081903145593,0.5436604994036879,-0.01897973363870357,0.11689301344649806,-0.3,0.23333333333333334,0.875,0.1111111111111111,-0.5371613659389003,0.003680628528215063,35,16,16,23,7,-0.026582801889163017,0.42400520460440483,21,0.05740796451589277,14,-0.5801446008209427,16
2024,2024_11_ATL_DEN,ATL,11,DEN,-32.0,-0.19240209122153637,0.01511000882021049,-0.006888229929273422,-0.4165454926056552,-0.2739087826339432,-0.17647058823529413,0.11764705882352941,0.7,0.08823529411764706,-0.7566476502672562,-0.06268047352205042,35,24,20,30,6,0.10310296381814614,0.07702021718850317,28,0.01682466323005158,14,-0.8455817087108259,31
2024,2024_11_ATL_DEN,DEN,11,ATL,32.0,0.613862522272378,0.7566476502672562,1.1821281755517472,0.06268047352205042,0.3771954059300971,-0.08823529411764706,0.029411764705882353,0.8571428571428572,0.17647058823529413,-0.01511000882021049,0.4165454926056552,36,23,21,33,10,-0.2219575578870728,0.8455817087108259,31,0.20813854262329792,18,-0.07702021718850317,28
2024,2024_11_BAL_PIT,BAL,11,PIT,-2.0,-0.06029168421943081,-0.12094361051121366,0.10748072790609724,-0.16574374556463864,-0.09013660724165949,-0.17142857142857143,0.05714285714285714,0.8666666666666667,0.175,0.13643486542118524,0.16255001875314123,38,23,15,33,10,-0.6463195888710287,-0.14134502554675393,29,-0.033436861171280204,13,0.0829602217577866,33
2024,2024_11_BAL_PIT,PIT,11,BAL,2.0,-0.306836852454706,-0.13643486542118524,-0.0017156491688236075,-0.16255001875314123,-0.25072530601520854,-0.175,0.1,0.75,0.17142857142857143,0.12094361051121366,0.16574374556463864,44,22,28,36,14,-0.34813649096061067,-0.0829602217577866,33,0.11195032516150683,21,0.14134502554675393,29
2024,2024_11_CIN_LAC,CIN,11,LAC,-7.0,0.1686503242608361,0.21592923104904949,0.3513536393311372,0.011529878504172008,0.10320479573417697,-0.24528301886792453,0.05660377358490566,0.9090909090909091,0.13513513513513514,-0.17807778156252066,-0.08948829180965373,55,39,22,50,11,-0.2642118528601707,0.23765388347924307,40,0.09724952964461397,20,-0.16868303376529378,32
2024,2024_11_CIN_LAC,LAC,11,CIN,7.0,0.03185913621666421,0.17807778156252066,0.2465962493292611,0.08948829180965373,0.04700973538578226,-0.13513513513513514,0.05405405405405406,0.6842105263157895,0.24528301886792453,-0.21592923104904949,-0.011529878504172008,42,32,19,35,3,-0.5527858746160442,0.16868303376529378,32,0.6163329717058403,13,-0.23765388347924307,40
2024,2024_11_CLE_NO,CLE,11,NO,-21.0,0.17935294163897897,0.2917341537409751,0.3236539852757807,-0.30742890074745644,0.029556196078497965,-0.08163265306122448,0.061224489795918366,0.8333333333333334,0.1,-0.22421134278330748,0.06959522796549056,50,41,18,46,5,0.02999153515556898,0.3075492335207207,45,-0.043541231021906,15,-0.26132835001313914,27
2024,2024_11_CLE_NO,NO,11,CLE,21.0,0.1911470573151394,0.22421134278330748,0.3223354701743421,-0.06959522796549056,0.3113062858423551,-0.1,0.03333333333333333,0.6666666666666667,0.08163265306122448,-0.2917341537409751,0.30742890074745644,31,24,18,29,5,-0.24678446869365872,0.26132835001313914,27,0.28207823570119167,12,-0.3075492335207207,45
2024,2024_11_GB_CHI,CHI,11,GB,-1.0,0.3194306067956281,0.23604615178366525,0.16700560310175586,0.037291475784485904,0.21728615505208912,-0.17647058823529413,0.08823529411764706,0.875,0.16666666666666666,-0.84805695411941,-0.013959558580181386,43,28,24,31,3,0.880424606148153,0.34625531876223287,28,0.15914046502644008,21,-0.4999656344492307,15
2024,2024_11_GB_CHI,GB,11,CHI,1.0,0.5961058039018625,0.84805695411941,1.0584004638018094,0.013959558580181386,0.2664900535056371,-0.16666666666666666,0.05555555555555555,0.7619047619047619,0.17647058823529413,-0.23604615178366525,-0.037291475784485904,21,10,21,17,7,0.5475662260016966,0.4999656344492307,15,0.29359682888753014,16,-0.34625531876223287,28
2024,2024_11_HOU_DAL,DAL,11,HOU,-24.0,-0.29165521329179184,0.0247892986461275,0.15887050306083425,-0.42797734568982015,-0.3053468709088244,-0.11475409836065574,0.08196721311475409,0.8666666666666667,0.02857142857142857,-0.24598597895718352,-0.22823461696056566,63,43,15,56,13,-0.41871006980251796,0.025630581773240225,54,-0.3437639470301709,13,-0.24598597895718352,34
2024,2024_11_HOU_DAL,HOU,11,DAL,24.0,0.18677649793406265,0.24598597895718352,0.14595753531570457,0.22823461696056566,0.19383743011015098,-0.02857142857142857,0.02857142857142857,0.8095238095238095,0.11475409836065574,-0.0247892986461275,0.42797734568982015,38,28,21,34,6,0.7127853826174185,0.24598597895718352,34,0.4790664563462252,17,-0.025630581773240225,54
2024,2024_11_IND_NYJ,IND,11,NYJ,1.0,0.29459298468919415,0.6051490531916603,0.819615278184939,-0.38822670625004085,0.03253616240380193,-0.15625,0.0625,0.76,0.15625,-0.09669975937410322,0.06527698896631315,42,25,25,30,5,-0.4671820717747323,0.6268307316902264,27,-0.1997890753371296,19,-0.14693386703119468,27
2024,2024_11_IND_NYJ,NYJ,11,IND,-1.0,-0.02430611374885051,0.09669975937410322,0.12433516865638765,-0.06527698896631315,-0.1010115717027605,-0.15625,0.09375,0.8333333333333334,0.15625,-0.6051490531916603,0.38822670625004085,33,22,18,29,7,0.009845615915494996,0.14693386703119468,27,0.10651416166995954,15,-0.6268307316902264,27
2024,2024_11_JAX_DET,DET,11,JAX,46.0,1.0629262147848106,1.109083576725214,1.2248376425654173,0.07326729096662762,0.5690215830365872,-0.06060606060606061,0.0,0.9090909090909091,0.06666666666666667,0.27285382486779713,0.4236390112283903,39,27,33,33,6,0.5881902804442992,1.154679161659153,31,0.15766044547393304,30,0.2298407848947292,28
2024,2024_11_JAX_DET,JAX,11,DET,-46.0,-0.3564190025407199,-0.27285382486779713,-0.24452661827649297,-0.4236390112283903,-0.37169179316486567,-0.06666666666666667,0.03333333333333333,0.7142857142857143,0.06060606060606061,-1.109083576725214,-0.07326729096662762,32,25,14,29,4,-0.4498988660634482,-0.2298407848947292,28,-0.138837247819174,10,-1.154679161659153,31
2024,2024_11_KC_BUF,BUF,11,KC,9.0,0.22198555692183133,0.14904396717570847,0.39385784768086807,-0.2034603618024114,0.10483378220066308,-0.1,0.0,0.736842105263158,0.2,-0.27410422218787134,0.05212944328280433,50,31,19,40,9,-0.6942038434531745,-0.0055483054930383574,36,-0.020991582810113645,14,-0.46346864485739026,28
2024,2024_11_KC_BUF,KC,11,BUF,-9.0,0.15999366730019185,0.27410422218787134,0.4239701065688862,-0.05212944328280433,0.11798019830278543,-0.2,0.05714285714285714,0.8,0.1,-0.14904396717570847,0.2034603618024114,35,25,15,33,8,-0.19422666650280007,0.46346864485739026,28,0.16563645123096674,12,0.0055483054930383574,36
2024,2024_11_LA_NE,LA,11,NE,6.0,0.5906977819972329,0.5926589875097411,0.600433325860111,0.14175976224069028,0.4036402737653402,-0.14814814814814814,0.0,0.9,0.11904761904761904,-0.46532108097160646,0.21561397693137832,28,26,20,27,1,0.3905261904001236,0.9121718854288074,23,0.2075427598255274,18,-0.37393736387215526,37
2024,2024_11_LA_NE,NE,11,LA,-6.0,0.2870336351907622,0.46532108097160646,0.4684480715978657,-0.21561397693137832,0.10206341777208448,-0.11904761904761904,0.07142857142857142,0.8461538461538461,0.14814814814814814,-0.5926589875097411,-0.14175976224069028,45,31,26,39,8,0.45320399229485187,0.37393736387215526,37,-0.03749891273169336,22,-0.9121718854288074,23
2024,2024_11_LV_MIA,LV,11,MIA,-15.0,0.12288029439972982,0.22773876776523622,0.2285126527091928,-0.17575880590868134,0.07929896471121521,-0.08695652173913043,0.06521739130434782,0.8333333333333334,0.05405405405405406,-0.7833773518654791,0.20152852908591712,48,33,12,43,10,0.22518494745017953,0.27751243432157907,42,-0.03692985609300843,10,-0.7833773518654791,35
2024,2024_11_LV_MIA,MIA,11,LV,15.0,0.663211108757546,0.7833773518654791,0.7981071934618221,-0.20152852908591712,0.3144916986442522,-0.05405405405405406,0.05405405405405406,0.6,0.08695652173913043,-0.22773876776523622,0.17575880590868134,37,30,25,35,5,0.6949983022874207,0.7833773518654791,35,0.27200560129131196,15,-0.27751243432157907,42
2024,2024_11_MIN_TEN,MIN,11,TEN,10.0,0.10063747657039936,0.3539858902222119,0.49575948208367887,-0.30645389640936604,-0.05356380107345118,-0.11764705882352941,0.058823529411764705,0.76,0.25,-0.3270001109904546,0.6324110520169298,41,27,25,32,5,-0.4115915058297098,0.3720231665375571,30,-0.14946001121088065,19,-0.4205518753907124,27
2024,2024_11_MIN_TEN,TEN,11,MIN,-10.0,-0.005918061376816407,0.3270001109904546,0.631106779198903,-0.6324110520169298,-0.14260744115284113,-0.25,0.1388888888888889,0.5833333333333333,0.11764705882352941,-0.3539858902222119,0.30645389640936604,43,22,12,31,9,-0.41637174463019694,0.4205518753907124,27,-0.30891233095566584,7,-0.3720231665375571,30
2024,2024_11_SEA_SF,SEA,11,SF,3.0,0.007167395294153311,0.18123086493505947,0.31730087022124576,-0.060915405874968416,0.0034594915832334107,-0.16666666666666666,0.1111111111111111,0.8333333333333334,0.13333333333333333,-0.10514749506639302,-0.08252598815375871,40,27,18,32,5,-0.5535471636103466,0.1592292169264204,30,0.1705045927354757,15,-0.1382928898863514,26
2024,2024_11_SEA_SF,SF,11,SEA,-3.0,0.154407510443201,0.10514749506639302,0.3412965505128897,0.08252598815375871,0.10295889722616926,-0.13333333333333333,0.06666666666666667,0.9047619047619048,0.16666666666666666,-0.18123086493505947,0.060915405874968416,35,21,21,28,7,-0.603299671273097,0.1382928898863514,26,0.15791556444080374,19,-0.1592292169264204,30
2024,2024_11_WAS_PHI,PHI,11,WAS,8.0,0.14765487942288097,0.14535964399632553,0.19540351522232963,0.2703315251756471,0.20099255148930098,-0.13333333333333333,0.06666666666666667,0.9,0.08571428571428572,-0.15202720683737406,0.19362148768656598,39,21,30,28,7,-0.004771969681686805,0.1859310707298592,26,0.38775034894042404,27,-0.15202720683737406,32
2024,2024_11_WAS_PHI,WAS,11,PHI,-8.0,-0.10722647305201063,0.15202720683737406,0.11218895989059952,-0.19362148768656598,-0.13602481126352903,-0.08571428571428572,0.08571428571428572,0.8095238095238095,0.13333333333333333,-0.14535964399632553,-0.2703315251756471,42,21,21,32,11,0.22808204191758,0.15202720683737406,32,0.026995399597046228,17,-0.1859310707298592,26
2024,2024_12_ARI_SEA,ARI,12,SEA,-10.0,-0.1316200970901831,0.036546062986807404,0.08098636361704555,-0.37935921216558194,-0.1847070503206258,-0.14285714285714285,0.11904761904761904,0.75,0.19444444444444445,-0.41272375735664546,0.2551808932744714,44,29,12,37,8,-0.12455002679780586,0.059028933348975375,36,-0.24372260728462866,9,-0.39181578021641034,29
2024,2024_12_ARI_SEA,SEA,12,ARI,10.0,0.04734490065508186,0.41272375735664546,0.5609685527293053,-0.2551808932744714,-0.0654613275898363,-0.19444444444444445,0.1388888888888889,0.6363636363636364,0.14285714285714285,-0.036546062986807404,0.37935921216558194,37,22,22,31,9,0.0503475908901435,0.39181578021641034,29,0.13599768727453615,14,-0.059028933348975375,36
2024,2024_12_BAL_LAC,BAL,12,LAC,7.0,0.27792719656571546,0.446387596742108,0.6215257406815912,0.3595467632258082,0.3470949544446602,-0.08695652173913043,0.043478260869565216,0.8214285714285714,0.175,-0.10376478638503812,-0.018294907684321814,29,19,28,22,3,-0.6628206482079525,0.5166981952624417,21,0.6518034130694226,23,-0.08249269539113546,33
2024,2024_12_BAL_LAC,LAC,12,BAL,-7.0,0.003653761474394332,0.10376478638503812,0.22065076434661587,0.018294907684321814,0.007558067130374959,-0.175,0.1,0.6875,0.08695652173913043,-0.446387596742108,-0.3595467632258082,44,30,16,36,6,-0.4806651034228506,0.08249269539113546,33,0.5086616954596889,11,-0.5166981952624417,21
2024,2024_12_DAL_WAS,DAL,12,WAS,8.0,0.09452353594056973,0.300465967148172,0.32666181966331626,-0.29568226340113385,-0.055230649332766835,-0.06060606060606061,0.030303030303030304,0.9090909090909091,0.24390243902439024,0.1691488490633638,0.14378137177931533,38,28,22,32,4,0.11709499954216218,0.2471460071076691,31,-0.1688186229031997,20,0.10107391399667813,31
2024,2024_12_DAL_WAS,WAS,12,DAL,-8.0,-0.028509281488018835,-0.1691488490633638,0.13493349212721245,-0.14378137177931533,-0.029198595789598113,-0.24390243902439024,0.0975609756097561,0.8235294117647058,0.06060606060606061,-0.300465967148172,0.29568226340113385,48,29,17,37,8,-1.2714473358792029,-0.10107391399667813,31,0.013038429304807867,14,-0.2471460071076691,31
2024,2024_12_DEN_LV,DEN,12,LV,10.0,0.1939542192934622,0.24545909842057295,0.4527881769939669,-0.2653051304787766,0.039019475159564956,-0.046511627906976744,0.023255813953488372,0.6842105263157895,0.14035087719298245,0.03962002955050066,-0.017263341021587095,44,33,19,42,9,-0.5147475230152048,0.2061581179268171,41,0.048545208818175374,13,-0.09918603960020965,49
2024,2024_12_DEN_LV,LV,12,DEN,-10.0,-0.26177390681179874,-0.03962002955050066,-0.08321518816441682,0.017263341021587095,-0.21208234212914104,-0.14035087719298245,0.08771929824561403,0.8461538461538461,0.046511627906976744,-0.24545909842057295,0.2653051304787766,60,39,13,52,13,0.09116544629124781,0.09918603960020965,49,0.16445881691647743,11,-0.2061581179268171,41
2024,2024_12_DET_IND,DET,12,IND,18.0,0.21243380376458218,0.38856596829104795,0.5201573943624449,0.0766498783719722,0.15357556584091256,-0.23076923076923078,0.07692307692307693,0.8333333333333334,0.21428571428571427,0.09255811106501365,0.30820621105588325,40,27,30,36,9,-0.006208309923142845,0.5509477437532044,30,0.3845039418363009,25,-0.1310925337443305,22
2024,2024_12_DET_IND,IND,12,DET,-18.0,-0.09323607548992996,-0.09255811106501365,0.04424675580248658,-0.30820621105588325,-0.14250006489046088,-0.21428571428571427,0.0,0.7272727272727273,0.23076923076923078,-0.38856596829104795,-0.0766498783719722,37,25,11,28,3,-1.2325986682941823,0.1310925337443305,22,-0.22820590963237952,8,-0.5509477437532044,30
2024,2024_12_KC_CAR,CAR,12,KC,-3.0,0.18343622924824077,0.2785264314977857,0.5126525099697765,0.21337156637808272,0.19307642256124075,-0.16216216216216217,0.05405405405405406,0.8947368421052632,0.16666666666666666,-0.39813114220269147,-0.2748673361946,40,28,19,35,7,-0.6579778823901774,0.2572708465753041,31,0.336666915419361,17,-0.39948855008263645,35
2024,2024_12_KC_CAR,KC,12,CAR,3.0,0.2806521052438831,0.39813114220269147,0.5626859174143257,0.2748673361946,0.2821685023101585,-0.16666666666666666,0.11904761904761904,0.8888888888888888,0.16216216216216217,-0.2785264314977857,-0.21337156637808272,47,28,18,37,9,-0.1138170473446149,0.39948855008263645,35,0.40076474842135207,16,-0.2572708465753041,31
2024,2024_12_MIN_CHI,CHI,12,MIN,-3.0,0.1261088718154991,0.15783826003291707,0.10725508315468944,-0.263041777140461,0.06048245853404699,-0.1,0.06,0.7333333333333334,0.23684210526315788,-0.44848971524895004,0.2536542509280665,56,42,15,47,5,0.5827369458100291,0.20601846484415323,45,-0.049943633959628746,11,-0.541130807485823,29
2024,2024_12_MIN_CHI,MIN,12,CHI,3.0,0.2749298710078041,0.44848971524895004,0.6860118774216366,-0.2536542509280665,0.07162828564785394,-0.23684210526315788,0.07894736842105263,0.76,0.1,-0.15783826003291707,0.263041777140461,40,26,25,35,9,-0.23768541991658904,0.541130807485823,29,0.24550804458742373,19,-0.20601846484415323,45
2024,2024_12_NE_MIA,MIA,12,NE,19.0,0.31099560891822786,0.4217758495892784,0.3981019719325268,-0.612960871627855,0.0021696003086512667,-0.047619047619047616,0.047619047619047616,0.6842105263157895,0.16666666666666666,0.06848576646543243,0.03775059762439554,42,34,19,40,6,0.5559278229775373,0.4217758495892784,40,0.11277216761074554,13,0.1131767495734881,35
2024,2024_12_NE_MIA,NE,12,MIA,-19.0,-0.2682285914096333,-0.06848576646543243,0.1505925721665395,-0.03775059762439554,-0.21688837251227333,-0.16666666666666666,0.09523809523809523,0.8666666666666667,0.047619047619047616,-0.4217758495892784,0.612960871627855,46,31,15,38,7,-1.0386898375498796,-0.1131767495734881,35,0.13587026321296064,13,-0.4217758495892784,40
2024,2024_12_PHI_LA,LA,12,PHI,-17.0,0.1414144794525905,0.3124715244177624,0.3602272386333959,-0.3573132290004972,-0.0022867246779602,-0.2682926829268293,0.12195121951219512,0.7058823529411764,0.08695652173913043,-0.44650421705472176,-0.49331018774800256,42,34,17,36,2,-0.49937561724800705,0.37970093100254104,30,0.31498548825523714,12,-0.5074608307229193,21
2024,2024_12_PHI_LA,PHI,12,LA,17.0,0.20430576720426546,0.44650421705472176,0.5467337662288074,0.49331018774800256,0.3400502677626874,-0.08695652173913043,0.043478260869565216,0.935483870967742,0.2682926829268293,-0.3124715244177624,0.3573132290004972,35,15,31,22,7,0.23172661168168115,0.5074608307229193,21,0.59028116622458,29,-0.37970093100254104,30
2024,2024_12_PIT_CLE,CLE,12,PIT,5.0,-0.06734738271446855,-0.04907552290306804,-0.021885074145393073,0.09498437193560949,0.003488292041929169,-0.21428571428571427,0.03571428571428571,0.875,0.3333333333333333,-0.5765450081342176,0.23500373047136236,31,25,24,27,2,-0.38895613237400517,-0.33671174638518303,22,0.20871036031603896,21,-0.6439988225534117,22
2024,2024_12_PIT_CLE,PIT,12,CLE,-5.0,0.12898908984320961,0.5765450081342176,1.0251874083052268,-0.23500373047136236,-0.023127312676313003,-0.3333333333333333,0.12121212121212122,0.6785714285714286,0.21428571428571427,0.04907552290306804,-0.09498437193560949,39,19,28,29,10,-0.2758755521907002,0.6439988225534117,22,0.14204969019690325,19,0.33671174638518303,22
2024,2024_12_SF_GB,GB,12,SF,28.0,0.31816167333977,0.45487320500399303,0.6195205620446363,0.006920937724853291,0.1252020451329156,-0.12,0.08,0.8461538461538461,0.12903225806451613,0.30164934539731286,0.18387693963969845,26,20,39,23,3,-0.6427758419336289,0.491604175157566,22,0.13366327106875067,33,0.35592166492971355,27
2024,2024_12_SF_GB,SF,12,GB,-28.0,-0.5242600624762179,-0.30164934539731286,-0.05131009028865079,-0.18387693963969845,-0.42066519900423377,-0.12903225806451613,0.06451612903225806,0.7142857142857143,0.12,-0.45487320500399303,-0.006920937724853291,32,19,14,29,10,-0.7772939301037708,-0.35592166492971355,27,0.003437989242957179,10,-0.491604175157566,22
2024,2024_12_TB_NYG,NYG,12,TB,-23.0,-0.1388863167480201,-0.024478990613715876,0.08451105379340688,-0.3781149861194238,-0.2526268650375478,-0.25,0.1111111111111111,0.75,0.06666666666666667,-0.5571952111504892,0.05994990216317985,42,22,12,32,10,-0.26425708830938593,0.010700855529177185,27,0.210797895518933,9,-0.5373606163474114,28
2024,2024_12_TB_NYG,TB,12,NYG,23.0,0.5279320535936514,0.5571952111504892,0.5393565849014765,-0.05994990216317985,0.2624369768002438,-0.06666666666666667,0.0,0.75,0.25,0.024478990613715876,0.3781149861194238,34,22,28,30,8,0.606251433335274,0.5373606163474114,28,0.4419294192450163,21,-0.010700855529177185,27
2024,2024_12_TEN_HOU,HOU,12,TEN,-5.0,-0.12710019641243472,-0.024724237075889173,0.10527789005014665,-0.5124024246885842,-0.2269933667062512,-0.16216216216216217,0.10810810810810811,0.6428571428571428,0.2727272727272727,-0.270243328036741,-0.022781027185264886,40,25,14,33,8,-0.4309808843447511,0.0646145185398347,31,-0.24577020703064723,9,-0.2041812687675706,24
2024,2024_12_TEN_HOU,TEN,12,HOU,5.0,-0.17274853712154892,0.270243328036741,0.5592841123916997,0.022781027185264886,-0.09636980106419972,-0.2727272727272727,0.24242424242424243,0.84,0.16216216216216217,0.024724237075889173,0.5124024246885842,39,19,25,25,6,-0.6450524890872948,0.2041812687675706,24,0.24228435835989573,21,-0.0646145185398347,31
2024,2024_13_ARI_MIN,ARI,13,MIN,-1.0,0.06005075736452874,0.03554687248302375,0.15521355342725923,-0.025285451539101434,0.03653785058266488,-0.08888888888888889,0.022222222222222223,0.8695652173913043,0.2222222222222222,-0.14294822979937089,0.024194755189290137,52,37,23,44,7,-0.5969770125079352,0.0629609653813984,41,0.14247381097199688,20,-0.08924277800784838,28
2024,2024_13_ARI_MIN,MIN,13,ARI,1.0,-0.077568658448987,0.14294822979937089,0.40586985202426606,-0.024194755189290137,-0.06582639973185368,-0.2222222222222222,0.1388888888888889,0.8181818181818181,0.08888888888888889,-0.03554687248302375,0.025285451539101434,39,26,11,31,5,-1.2242442057700842,0.08924277800784838,28,0.19005781287948284,9,-0.0629609653813984,41
2024,2024_13_CHI_DET,CHI,13,DET,-3.0,0.032269657442737396,0.17911424097148565,0.2588093474614929,-0.10140405779450398,0.006917745932226095,-0.20930232558139536,0.11627906976744186,0.7272727272727273,0.1111111111111111,-0.09401260217607416,-0.09850963390393502,47,33,11,38,5,-0.3468734618625625,0.25977828891807475,34,0.210430441962672,8,-0.1285774557511126,32
2024,2024_13_CHI_DET,DET,13,CHI,3.0,0.04412821034521649,0.09401260217607416,0.20824563936484689,0.09850963390393502,0.07395306239548226,-0.1111111111111111,0.05555555555555555,0.9666666666666667,0.20930232558139536,-0.17911424097148565,0.10140405779450398,37,24,30,34,10,-0.18014668707698042,0.1285774557511126,32,0.17240977851103934,29,-0.25977828891807475,34
2024,2024_13_CLE_DEN,CLE,13,DEN,-9.0,-0.021702979499914274,0.0014316058473397583,-0.06989632448869221,-0.23425969607584785,-0.0744326784510658,-0.16393442622950818,0.04918032786885246,0.6111111111111112,0.05714285714285714,-0.09422483880080601,-0.03952237978096089,64,54,18,58,4,0.9643586653837712,0.21599417110976196,51,0.12257466017564976,11,0.023730078576558202,33
2024,2024_13_CLE_DEN,DEN,13,CLE,9.0,0.09421081949621489,0.09422483880080601,0.3036574984280779,0.03952237978096089,0.06892106307396871,-0.05714285714285714,0.0,0.6818181818181819,0.16393442622950818,-0.0014316058473397583,0.23425969607584785,36,27,22,35,8,-0.6126103874412365,-0.023730078576558202,33,0.4842188712093048,15,-0.21599417110976196,51
2024,2024_13_HOU_JAX,HOU,13,JAX,3.0,0.06527920338763671,0.18970688079130124,0.35916558465218595,0.08867164678231365,0.0733455631789046,-0.08333333333333333,0.05555555555555555,0.75,0.07142857142857142,-0.2170691661148518,0.13136517516686583,38,26,20,34,8,-0.3610339067565741,0.21340726313183705,33,0.3568667328877686,15,-0.2753674183440714,39
2024,2024_13_HOU_JAX,JAX,13,HOU,-3.0,0.1551065037667173,0.2170691661148518,0.2611959372951455,-0.13136517516686583,0.08494587604515177,-0.07142857142857142,0.0,0.85,0.08333333333333333,-0.18970688079130124,-0.08867164678231365,46,38,20,42,4,-0.20213516009793864,0.2753674183440714,39,0.08040925526566906,17,-0.21340726313183705,33
2024,2024_13_IND_NE,IND,13,NE,1.0,0.10347030434967572,-0.05927563588558197,-0.13036515152098332,0.03524009433924207,0.09043193271845992,-0.08333333333333333,0.0,0.84,0.11764705882352941,-0.3918323476732476,0.0016390569711384818,32,23,25,24,1,1.5757832237286493,-0.11272262068948248,22,0.259240680765028,21,-0.3918323476732476,30
2024,2024_13_IND_NE,NE,13,IND,-1.0,0.26894188381000805,0.3918323476732476,0.4116004406103296,-0.0016390569711384818,0.1714921028169626,-0.11764705882352941,0.11764705882352941,0.88,0.08333333333333333,0.05927563588558197,-0.03524009433924207,39,27,25,30,3,0.21391951123951003,0.3918323476732476,30,0.19966086027984983,22,0.11272262068948248,22
2024,2024_13_LAC_ATL,ATL,13,LAC,-4.0,-0.2729954012268613,-0.2636739588944891,-0.33736632624519747,-0.07800734540454433,-0.23777067035088426,-0.1,0.025,0.8823529411764706,0.27586206896551724,0.1346709457714005,0.4892956189842981,41,31,34,39,8,0.021883964589505922,-0.21671984271533817,36,0.041469572820157445,30,0.15957103153734276,21
2024,2024_13_LAC_ATL,LAC,13,ATL,4.0,-0.2628087472099241,-0.1346709457714005,-0.09649218580166252,-0.4892956189842981,-0.3173912260177827,-0.27586206896551724,0.1724137931034483,0.8181818181818181,0.1,0.2636739588944891,0.07800734540454433,31,22,11,24,2,-0.5546373054385185,-0.15957103153734276,21,0.08601379422341543,9,0.21671984271533817,36
2024,2024_13_LA_NO,LA,13,NO,7.0,0.11002149619577792,0.1877247396405429,0.2237172775706055,0.17530488319259713,0.12678270610510603,-0.23076923076923078,0.07692307692307693,1.0,0.08108108108108109,0.0718142903114704,0.15845880102590582,28,22,23,24,2,-0.20819317759014577,0.3777929815580127,20,0.17530488319259713,23,0.004786344040383521,34
2024,2024_13_LA_NO,NO,13,LA,-7.0,-0.04787234370124441,-0.0718142903114704,0.09080445044893681,-0.15845880102590582,-0.07305640455592376,-0.08108108108108109,0.0,0.8695652173913043,0.23076923076923078,-0.1877247396405429,-0.17530488319259713,39,27,23,37,10,-0.5108848903645699,-0.004786344040383521,34,0.041768235574689797,20,-0.3777929815580127,20
2024,2024_13_LV_KC,KC,13,LV,2.0,0.022552735814330004,0.17604139107999695,0.28872866794784574,-0.2822921807715571,-0.043106169296476426,-0.24,0.1,0.8571428571428572,0.10810810810810811,-0.4336631250348722,0.14754394206631186,51,39,14,45,6,-0.5564259085610205,0.2801566159619384,38,-0.15864005168017092,12,-0.42489539987239555,33
2024,2024_13_LV_KC,LV,13,KC,-2.0,0.1880428319594283,0.4336631250348722,0.5073546247184415,-0.14754394206631186,0.07842760025558443,-0.10810810810810811,0.08108108108108109,0.8181818181818181,0.24,-0.17604139107999695,0.2822921807715571,38,30,22,34,4,-0.11902312259189785,0.42489539987239555,33,0.18350937488462976,18,-0.2801566159619384,38
2024,2024_13_MIA_GB,GB,13,MIA,13.0,0.452405687081015,0.452405687081015,0.461579983623194,-0.11786036880533146,0.21100411182236417,-0.10714285714285714,0.0,0.8333333333333334,0.11764705882352941,-0.4398019761178199,0.32951606916321907,28,22,24,28,6,0.4187665997596917,0.5021326961302938,25,0.09676022691918132,20,-0.41221152432284425,45
2024,2024_13_MIA_GB,MIA,13,GB,-13.0,0.18003507977136984,0.4398019761178199,0.5369614843129965,-0.32951606916321907,0.0859640984295996,-0.11764705882352941,0.09803921568627451,0.5833333333333333,0.10714285714285714,-0.452405687081015,0.11786036880533146,53,32,12,46,14,0.21772310024313057,0.41221152432284425,45,0.14357048882603932,7,-0.5021326961302938,25
2024,2024_13_NYG_DAL,DAL,13,NYG,7.0,-0.10959448337633632,-0.07553897258516334,-0.05770442676456572,-0.1777149495543338,-0.14145098609861032,-0.08333333333333333,0.0,0.8076923076923077,0.34210526315789475,0.20747154625594108,-0.10490594449038312,39,33,26,36,3,-0.27171897661173716,-0.021319777722497463,33,0.14476606213498777,21,0.2802625385030114,25
2024,2024_13_NYG_DAL,NYG,13,DAL,-7.0,-0.3602931037596996,-0.20747154625594108,0.054394205270183967,0.10490594449038312,-0.2284649189125907,-0.34210526315789475,0.15789473684210525,0.9375,0.08333333333333333,0.07553897258516334,0.1777149495543338,42,28,16,32,4,-2.0405318069388163,-0.2802625385030114,25,0.1518088848776338,15,0.021319777722497463,33
2024,2024_13_PHI_BAL,BAL,13,PHI,-5.0,0.043352072722834846,0.12308611471626735,0.2648660849983821,-0.14645264454619902,-0.0017640556218814407,-0.1282051282051282,0.07692307692307693,0.8181818181818181,0.09523809523809523,-0.04999089843630328,-0.009920912333957884,47,26,22,36,10,-0.24554180801723097,0.038440287748205175,34,0.09045184266869898,18,-0.04999089843630328,19
2024,2024_13_PHI_BAL,PHI,13,BAL,5.0,0.07518103336042278,0.04999089843630328,0.4095277546573648,0.009920912333957884,0.04506097750205435,-0.09523809523809523,0.09523809523809523,0.7916666666666666,0.1282051282051282,-0.12308611471626735,0.14645264454619902,28,13,24,19,6,-0.7290056233759966,0.04999089843630328,19,0.26468018762228107,19,-0.038440287748205175,34
2024,2024_13_PIT_CIN,CIN,13,PIT,-6.0,-0.030963181298870646,0.3966787341632882,0.425925591532552,0.1026370825935513,-0.0004929456742832432,-0.2619047619047619,0.09523809523809523,0.8461538461538461,0.225,-0.46581895743869556,-0.05604861447698727,44,34,13,38,4,0.14808044652454555,0.16351735759751812,31,0.31815826928306495,11,-0.2753166743909883,31
2024,2024_13_PIT_CIN,PIT,13,CIN,6.0,0.3914152580622635,0.46581895743869556,0.3861380356394962,0.05604861447698727,0.2761329743298248,-0.225,0.05,0.9090909090909091,0.2619047619047619,-0.3966787341632882,-0.1026370825935513,42,23,22,38,15,0.5879963708641346,0.2753166743909883,31,0.18328190625034047,20,-0.16351735759751812,31
2024,2024_13_SEA_NYJ,NYJ,13,SEA,-5.0,-0.3081311262822478,-0.2892022350450774,-0.3905256237285342,-0.24563004628610627,-0.27016031154503456,-0.14634146341463414,0.04878048780487805,0.9473684210526316,0.17647058823529413,-0.21970908186856608,-0.0007900324477476018,42,32,19,39,7,0.1739903989364393,-0.27294077226792196,35,-0.20332008743247384,18,-0.3765096354743164,28
2024,2024_13_SEA_NYJ,SEA,13,NYJ,5.0,-0.030528342410855527,0.21970908186856608,0.5302471512341463,0.0007900324477476018,-0.01596439009645798,-0.17647058823529413,0.08823529411764706,0.75,0.14634146341463414,0.2892022350450774,0.24563004628610627,35,23,20,31,8,-0.6730878675574773,0.3765096354743164,28,0.31368519670240064,15,0.27294077226792196,35
2024,2024_13_SF_BUF,BUF,13,SF,25.0,0.4884351271812093,0.40660739845447474,0.4402686515396148,0.2432780904879715,0.3458036979428205,-0.05555555555555555,0.0,0.9,0.10526315789473684,-0.007417786083038728,0.15205277179675844,22,15,30,18,3,0.23830113302877454,0.47577581543865705,17,0.3752357306387879,27,-0.007417786083038728,17
2024,2024_13_SF_BUF,SF,13,BUF,-25.0,-0.3602736802195,0.007417786083038728,0.1350251197723203,-0.15205277179675844,-0.24711014303322743,-0.10526315789473684,0.10526315789473684,0.72,0.05555555555555555,-0.40660739845447474,-0.2432780904879715,21,13,25,17,4,-0.40730604840712636,0.007417786083038728,17,0.5454389464144966,18,-0.47577581543865705,17
2024,2024_13_TB_CAR,CAR,13,TB,-3.0,0.13298839482855668,0.12849074828028126,0.17722086624989442,-0.3615150115603876,0.0020904343138361276,-0.23404255319148937,0.02127659574468085,0.8333333333333334,0.15789473684210525,0.049975853840255526,-0.20398835765473353,50,38,18,46,8,-0.1029773120753813,0.20616725658124344,36,-0.2818654966264138,15,-0.05027205940611375,32
2024,2024_13_TB_CAR,TB,13,CAR,3.0,-0.2423027376853366,-0.049975853840255526,-0.11772598680276826,0.20398835765473353,-0.030901692524250755,-0.15789473684210525,0.10526315789473684,0.9166666666666666,0.23404255319148937,-0.12849074828028126,0.3615150115603876,40,30,36,34,4,0.45815014337859,0.05027205940611375,32,0.357361653765882,33,-0.20616725658124344,36
2024,2024_13_TEN_WAS,TEN,13,WAS,-23.0,0.01219267185256631,0.12419550853411379,0.2354972198928446,-0.5257716655291416,-0.08464090887614115,-0.20512820512820512,0.05128205128205128,1.0,0.0625,-0.44858435913338346,-0.31819398141589467,41,29,9,37,8,-0.27927319514128546,0.06946358898964006,31,-0.5257716655291416,9,-0.44858435913338346,30
2024,2024_13_TEN_WAS,WAS,13,TEN,23.0,0.27553417228542676,0.44858435913338346,0.45750023925010586,0.31819398141589467,0.29231445376932497,-0.0625,0.0625,0.9142857142857143,0.20512820512820512,-0.12419550853411379,0.5257716655291416,40,29,35,30,1,0.19002383574843407,0.44858435913338346,30,0.4332939732214836,32,-0.06946358898964006,31
2024,2024_14_ATL_MIN,ATL,14,MIN,-21.0,0.018836221506906482,0.09550820975306577,0.10718358395149036,0.20067444324004247,0.09990188977755851,-0.10526315789473684,0.02631578947368421,0.875,0.21875,-1.079726028733867,-0.12901607352412453,38,35,32,37,2,-0.10881083871936426,0.157281602153433,34,0.3708386483339266,28,-1.143942432819899,25
2024,2024_14_ATL_MIN,MIN,14,ATL,21.0,0.6266281561789873,1.079726028733867,1.1536882874963663,0.12901607352412453,0.45762782622073195,-0.21875,0.125,0.7777777777777778,0.10526315789473684,-0.09550820975306577,-0.20067444324004247,35,26,18,28,2,0.11821666482137516,1.143942432819899,25,0.4490720328758474,14,-0.157281602153433,34
2024,2024_14_BUF_LA,BUF,14,LA,-2.0,0.5628420078013582,0.4546931064907919,0.4091136649549304,-0.272755995159969,0.4475433545459834,-0.02702702702702703,0.0,1.0,0.1,-0.8188030307944305,0.12368397521031249,47,32,6,37,5,0.7464015323203057,0.47721758296635675,36,-0.272755995159969,6,-0.8749946787037817,27
2024,2024_14_BUF_LA,LA,14,BUF,2.0,0.8188030307944305,0.8188030307944305,0.8911321376952008,-0.12368397521031249,0.28563490994430746,-0.1,0.0,0.7567567567567568,0.02702702702702703,-0.4546931064907919,0.272755995159969,30,28,37,30,2,-0.19380446581635447,0.8749946787037817,27,0.05187356400918906,28,-0.47721758296635675,36
2024,2024_14_CAR_PHI,CAR,14,PHI,-6.0,0.11419765287641043,0.1458226457231342,0.2786357703423285,-0.125451236246925,0.019042946900968378,-0.22857142857142856,0.02857142857142857,0.7777777777777778,0.16,-0.23853708921454944,-0.2589709702509379,41,28,27,34,6,-0.4739719358331061,0.24997468199149675,27,0.158721369752955,21,-0.23853708921454944,21
2024,2024_14_CAR_PHI,PHI,14,CAR,6.0,0.05493696944415564,0.23853708921454944,0.43312389164202636,0.2589709702509379,0.14238011264706227,-0.16,0.16,0.9166666666666666,0.22857142857142856,-0.1458226457231342,0.125451236246925,32,16,24,21,5,-0.3841406785533767,0.23853708921454944,21,0.32248651761157365,22,-0.24997468199149675,27
2024,2024_14_CHI_SF,CHI,14,SF,-25.0,-0.134357500076294,0.34985006972419774,0.5426123912819952,-0.15000822753234577,-0.13947408405231096,-0.25806451612903225,0.22580645161290322,0.7647058823529411,0.1111111111111111,-0.8584583843778363,-0.17447470237796847,35,19,17,24,5,-0.38264675219543276,0.3012201275458841,23,0.002774996821804778,13,-0.8063046700287172,24
2024,2024_14_CHI_SF,SF,14,CHI,25.0,0.6824155781193681,0.8584583843778363,0.9191444890013705,0.17447470237796847,0.40700737063515774,-0.1111111111111111,0.037037037037037035,0.875,0.25806451612903225,-0.34985006972419774,0.15000822753234577,31,21,24,26,5,0.6035767449589926,0.8063046700287172,24,0.31295986487557875,21,-0.3012201275458841,23
2024,2024_14_CIN_DAL,CIN,14,DAL,7.0,0.22989755335001008,0.3039645245095578,0.36074212567326486,-0.10591304946501623,0.15660042494561535,-0.17391304347826086,0.043478260869565216,0.875,0.20588235294117646,0.052495627899286385,-0.1938647056182447,46,34,16,44,10,0.11092068055295386,0.373262491250469,38,-0.009229230657053635,14,-0.049377445500189215,27
2024,2024_14_CIN_DAL,DAL,14,CIN,-7.0,-0.1487797868795265,-0.052495627899286385,-0.03499662136092488,0.1938647056182447,-0.016483464782388362,-0.20588235294117646,0.08823529411764706,0.85,0.17391304347826086,-0.3039645245095578,0.10591304946501623,36,27,20,31,4,-0.17061392203322656,0.049377445500189215,27,0.33152774078128544,17,-0.373262491250469,38
2024,2024_14_CLE_PIT,CLE,14,PIT,-13.0,-0.14639439228374165,-0.09258973699403988,0.19079856425580197,-0.1983553948285546,-0.16220861044955423,-0.13636363636363635,0.06818181818181818,0.7142857142857143,0.25925925925925924,-0.02351580038025786,0.2505427696742119,48,30,21,41,11,-0.8654669222208813,-0.03872438374196236,38,0.2613828868721612,15,0.18308925851150107,20
2024,2024_14_CLE_PIT,PIT,14,CLE,13.0,0.030326647052212902,0.02351580038025786,0.32059227999105766,-0.2505427696742119,-0.10542690436555911,-0.25925925925925924,0.037037037037037035,0.7931034482758621,0.13636363636363635,0.09258973699403988,0.1983553948285546,31,18,29,26,8,-0.6449062787440417,-0.18308925851150107,20,0.07196497133902645,23,0.03872438374196236,38
2024,2024_14_GB_DET,DET,14,GB,3.0,0.29328824628894845,0.3304301599622009,0.2407171835648197,-0.32523271240342083,0.061294167617061815,-0.07142857142857142,0.023809523809523808,0.7931034482758621,0.3333333333333333,-0.16715085100440805,-0.11566364497120976,46,29,29,41,12,0.5472365195892054,0.2781390662675201,39,0.016031050940712947,23,-0.666029602118735,14
2024,2024_14_GB_DET,GB,14,DET,-3.0,0.1453905373602336,0.16715085100440805,0.21287481975741718,0.11566364497120976,0.13187831354704105,-0.3333333333333333,0.047619047619047616,0.9,0.07142857142857142,-0.3304301599622009,0.32523271240342083,24,19,20,20,1,-0.7016045553027652,0.666029602118735,14,0.1985747297650153,18,-0.2781390662675201,39
2024,2024_14_JAX_TEN,JAX,14,TEN,4.0,0.11592040196225721,0.18898222147427277,0.11392262019197934,-0.016190296872413176,0.03080498239961026,-0.1875,0.03125,0.7727272727272727,0.08823529411764706,0.2548333408799443,-0.017067497255659633,34,24,22,31,7,0.4463294258707074,0.35232195713951386,26,0.20325974309611514,17,0.19331659346062574,31
2024,2024_14_JAX_TEN,TEN,14,JAX,-4.0,-0.29415778375239376,-0.2548333408799443,-0.30623185222222543,0.017067497255659633,-0.1586241936359834,-0.08823529411764706,0.058823529411764705,0.8888888888888888,0.1875,-0.18898222147427277,0.016190296872413176,35,28,27,32,4,0.10495623851602343,-0.19331659346062574,31,0.10006175400743528,24,-0.35232195713951386,26
2024,2024_14_LAC_KC,KC,14,LAC,2.0,0.062367442652741065,0.1371247232982997,0.18747249586421028,-0.08094725338742163,0.016504888172233608,-0.3,0.075,1.0,0.21212121212121213,-0.40342608423088655,0.04478900315726715,42,29,20,37,8,-0.04538595225312614,0.29878403401023185,28,-0.08094725338742163,20,-0.32051823544092106,26
2024,2024_14_LAC_KC,LAC,14,KC,-2.0,0.19476107262093306,0.40342608423088655,0.4985416422236341,-0.04478900315726715,0.08677343292069384,-0.21212121212121213,0.09090909090909091,0.8888888888888888,0.3,-0.1371247232982997,0.08094725338742163,38,28,18,30,2,-0.9281917276675795,0.32051823544092106,26,0.07401942044371002,16,-0.29878403401023185,28
2024,2024_14_LV_TB,LV,14,TB,-15.0,-0.2672846600039918,-0.09323795237781543,0.026687550457426577,0.19183420174886176,-0.1482394077658885,-0.15384615384615385,0.05128205128205128,0.8125,0.21212121212121213,-0.46101105184262253,-0.0961532466462817,46,30,16,37,7,-0.6072043931002812,-0.06022205666944224,33,0.41125142500431405,13,-0.6779972581649563,26
2024,2024_14_LV_TB,TB,14,LV,15.0,0.14322932415442347,0.46101105184262253,0.5861053351043014,0.0961532466462817,0.12407973330365395,-0.21212121212121213,0.12121212121212122,0.9166666666666666,0.15384615384615385,0.09323795237781543,-0.19183420174886176,35,22,24,29,7,0.06785759016306057,0.6779972581649563,26,0.20209954580588468,22,0.06022205666944224,33
2024,2024_14_NO_NYG,NO,14,NYG,3.0,0.08754475279360244,0.18186927481811657,0.2984417628866371,-0.2797426679947723,-0.08197251833949364,-0.12121212121212122,0.06060606060606061,0.6333333333333333,0.26,0.1882264754764108,0.2641882516084784,35,23,30,31,8,-0.15327662837888,0.11561005227928046,29,0.1641774929226619,19,0.10386056944640734,37
2024,2024_14_NO_NYG,NYG,14,NO,-3.0,-0.11177854038155566,-0.1882264754764108,-0.0186722723498855,-0.2641882516084784,-0.14935901712244062,-0.26,0.04,0.9444444444444444,0.12121212121212122,-0.18186927481811657,0.2797426679947723,55,36,18,48,12,-0.6968890848559868,-0.10386056944640734,37,-0.1756765993041507,17,-0.11561005227928046,29
2024,2024_14_NYJ_MIA,MIA,14,NYJ,6.0,0.4206228322095532,0.4310266045905302,0.5811580779790029,-0.34595776209265344,0.21948689662895646,0.0,0.0,0.7058823529411764,0.14285714285714285,-0.5160164603055747,0.0073834456104249005,47,34,17,46,12,0.005654096656524388,0.4310266045905302,46,0.037315262568881846,12,-0.43526231189332343,36
2024,2024_14_NYJ_MIA,NYJ,14,MIA,-6.0,0.3523737448126872,0.5160164603055747,0.5403225857255111,-0.0073834456104249005,0.23245468133831645,-0.14285714285714285,0.07142857142857142,0.9047619047619048,0.0,-0.4310266045905302,0.34595776209265344,42,28,21,39,11,0.4541463228730093,0.43526231189332343,36,0.07989364208371744,19,-0.4310266045905302,46
2024,2024_14_SEA_ARI,ARI,14,SEA,-12.0,-0.10042508976403648,0.011755197144476029,-0.007289804484862334,-0.05361405868316014,-0.06725611021829737,-0.125,0.05,0.8,0.06666666666666667,-0.23870308544868318,-0.1556433066779377,42,29,20,38,9,0.07312242461678853,0.02756734842737319,35,0.1595546314711104,16,-0.33235301634239917,28
2024,2024_14_SEA_ARI,SEA,14,ARI,12.0,0.1846973327633808,0.23870308544868318,0.4641552597068837,0.1556433066779377,0.15525940599889412,-0.06666666666666667,0.0,0.6551724137931034,0.125,-0.011755197144476029,0.05361405868316014,31,19,29,30,11,-0.15071430645184503,0.33235301634239917,28,0.5583905001638825,19,-0.02756734842737319,35
2024,2024_15_ATL_LV,ATL,15,LV,6.0,-0.43078723055183316,-0.050823671850845686,-0.0352289145871317,-0.06037698232455826,-0.20984076669696738,-0.15,0.15,0.9117647058823529,0.14285714285714285,0.1107244855751535,0.6671593076590557,23,14,34,17,3,-0.12359920574817762,-0.050823671850845686,17,0.006519699393989282,31,0.059211206333937456,36
2024,2024_15_ATL_LV,LV,15,ATL,-6.0,-0.1191983372809983,-0.1107244855751535,-0.08265234056987607,-0.6671593076590557,-0.26475047003766994,-0.14285714285714285,0.09523809523809523,0.6470588235294117,0.15,0.050823671850845686,0.06037698232455826,47,21,17,38,17,-0.14540184116990798,-0.059211206333937456,36,-0.5336767207217317,11,0.050823671850845686,17
2024,2024_15_BAL_NYG,BAL,15,NYG,21.0,0.6402526187850849,1.0985213863244285,1.1482227258690587,0.16419616942099938,0.44326374318615297,-0.14285714285714285,0.10714285714285714,0.875,0.175,0.15850574374702303,0.04931749853454258,34,19,24,25,6,0.9411338110997663,1.1313608489144833,24,0.2675011812021869,21,-0.02557196443067947,33
2024,2024_15_BAL_NYG,NYG,15,BAL,-21.0,-0.30672851783683414,-0.15850574374702303,-0.007245681539643128,-0.04931749853454258,-0.22819634245647397,-0.175,0.075,0.8888888888888888,0.14285714285714285,-1.0985213863244285,-0.16419616942099938,41,27,18,37,10,-0.5669079117069488,0.02557196443067947,33,0.06876777087927628,16,-1.1313608489144833,24
2024,2024_15_BUF_DET,BUF,15,DET,6.0,0.6216419080061416,0.5848777784556042,0.21414068729756833,0.20878298709596835,0.4799142187384701,-0.08823529411764706,0.0,0.8695652173913043,0.16666666666666666,-0.46992244622443907,0.28573836156955107,44,24,23,34,10,1.4746467972348902,0.6149923792876179,31,0.3818157281334582,20,-0.6217243651708121,50
2024,2024_15_BUF_DET,DET,15,BUF,-6.0,0.37166762666816666,0.46992244622443907,0.4927693446784714,-0.28573836156955107,0.2577172553736289,-0.16666666666666666,0.05,0.6153846153846154,0.08823529411764706,-0.5848777784556042,-0.20878298709596835,62,42,13,57,15,0.4059511305531487,0.6217243651708121,50,0.11212691787659484,8,-0.6149923792876179,31
2024,2024_15_CHI_MIN,CHI,15,MIN,-18.0,-0.17938706816136696,0.1779267411009597,0.18539257637923115,-0.3228338314326139,-0.198296338127883,-0.08823529411764706,0.058823529411764705,0.8636363636363636,0.19047619047619047,-0.16791923869983133,0.02079399972563444,37,30,22,32,2,0.06593921192688823,0.2040979515514129,31,0.02674938647358355,19,-0.16736285252469008,34
2024,2024_15_CHI_MIN,MIN,15,CHI,18.0,0.06872500031105339,0.16791923869983133,0.19212978697032707,-0.02079399972563444,0.032160901704518914,-0.19047619047619047,0.047619047619047616,0.7931034482758621,0.08823529411764706,-0.1779267411009597,0.3228338314326139,42,34,29,40,6,0.030726131833688736,0.16736285252469008,34,0.24281652074130702,23,-0.2040979515514129,31
2024,2024_15_CIN_TEN,CIN,15,TEN,10.0,0.21201088384239375,0.4035827003452902,0.3897161218729625,0.17055972562341626,0.19490405664091098,-0.16216216216216217,0.02702702702702703,0.8461538461538461,0.13157894736842105,0.031946706889210245,0.18291940972197884,37,31,26,36,5,0.48955548687372213,0.44334235486213935,31,0.36374918219305297,22,0.13431862173743137,33
2024,2024_15_CIN_TEN,TEN,15,CIN,-10.0,-0.1104975280121881,-0.031946706889210245,-0.18945623530889907,-0.18291940972197884,-0.11534370897061322,-0.13157894736842105,0.02631578947368421,0.8095238095238095,0.16216216216216217,-0.4035827003452902,-0.17055972562341626,42,30,21,37,7,0.6430941291951705,-0.13431862173743137,33,0.1367526006823246,17,-0.44334235486213935,31
2024,2024_15_DAL_CAR,CAR,15,DAL,-16.0,-0.3707822901212506,0.16516511849061213,0.1389057843075341,-0.19223345737069933,-0.3289024826814416,-0.29411764705882354,0.17647058823529413,0.8333333333333334,0.10344827586206896,-0.5029537863223936,-0.1659540363471022,37,23,12,28,5,0.28595805573277094,0.15449726179455578,24,-0.0403046900697514,10,-0.4741065609587953,26
2024,2024_15_DAL_CAR,DAL,15,CAR,16.0,0.1978729752004328,0.5029537863223936,0.4784606330865364,0.1659540363471022,0.20379833957529112,-0.10344827586206896,0.034482758620689655,1.0,0.29411764705882354,-0.16516511849061213,0.19223345737069933,32,27,34,28,1,1.164268923690539,0.4741065609587953,26,0.1659540363471022,34,-0.15449726179455578,24
2024,2024_15_GB_SEA,GB,15,SEA,17.0,0.3998260351395772,0.399344691563788,0.34736900006218335,-0.29095018135267314,0.06743098281807604,-0.2222222222222222,0.0,0.8666666666666667,0.3,0.2825002871584315,-0.08568204003885148,28,21,30,27,6,0.5812596118194042,0.7214074292682372,21,-0.07962852785175747,26,0.18712298449453463,28
2024,2024_15_GB_SEA,SEA,15,GB,-17.0,-0.48110306660106966,-0.2825002871584315,-0.18142892299177177,0.08568204003885148,-0.33940678994108936,-0.3,0.175,0.8571428571428572,0.2222222222222222,-0.399344691563788,0.29095018135267314,42,27,14,33,6,-0.7373214259084002,-0.18712298449453463,28,0.22848836635239447,12,-0.7214074292682372,21
2024,2024_15_IND_DEN,DEN,15,IND,18.0,-0.3103004497642944,-0.3859236457638956,-0.37244639625074355,-0.29351183244014273,-0.31437489955568687,-0.029411764705882353,0.029411764705882353,0.7222222222222222,0.225,0.4880708301592119,0.13793993831253185,39,25,18,33,8,-0.4280400504924957,-0.3859236457638956,33,-0.15235632632035168,13,0.5620539355950569,31
2024,2024_15_IND_DEN,IND,15,DEN,-18.0,-0.4167939672159125,-0.4880708301592119,-0.5172552472816739,-0.13793993831253185,-0.4520400598308403,-0.225,0.05,0.7916666666666666,0.029411764705882353,0.3859236457638956,0.29351183244014273,47,31,24,38,7,-0.35882555433116586,-0.5620539355950569,31,-0.007873272979754084,19,0.3859236457638956,33
2024,2024_15_KC_CLE,CLE,15,KC,-14.0,-0.6532878664073126,-0.552283822303734,-0.3655096054125323,-0.1700440472523044,-0.5222386951110393,-0.28205128205128205,0.1282051282051282,0.875,0.3,0.06155327173328227,0.27521036419492445,43,29,16,34,5,-1.6355742802727036,-0.7548418624792247,28,-0.06632165055738652,14,0.006611311159628962,28
2024,2024_15_KC_CLE,KC,15,CLE,14.0,-0.024451953686535098,-0.06155327173328227,-0.0954353383464927,-0.27521036419492445,-0.07742544998265256,-0.3,0.0,0.7037037037037037,0.28205128205128205,0.552283822303734,0.1700440472523044,43,34,27,40,6,0.1304451057415769,-0.006611311159628962,28,-0.021603456848472525,19,0.7548418624792247,28
2024,2024_15_LA_SF,LA,15,SF,6.0,-0.09535817121985962,-0.2183900444191952,-0.11754023936512956,-0.12084550951939838,-0.09558920203368662,-0.18518518518518517,0.0,0.90625,0.08823529411764706,0.23387521324948726,0.17165819125511905,31,21,32,27,6,-0.571364362108425,-0.02900009749325605,22,-0.04945753189314996,29,0.23387521324948726,31
2024,2024_15_LA_SF,SF,15,LA,-6.0,-0.2854282300972433,-0.23387521324948726,-0.2619068215764885,-0.17165819125511905,-0.2849397209168315,-0.08823529411764706,0.08823529411764706,0.8125,0.18518518518518517,0.2183900444191952,0.12084550951939838,35,27,16,31,4,-0.0446618570422288,-0.23387521324948726,31,-0.05664367012034795,13,0.02900009749325605,22
2024,2024_15_MIA_HOU,HOU,15,MIA,8.0,-0.3554402621326734,0.03498299020602713,0.15855603627943707,-0.328408146800939,-0.31501128515871174,-0.2,0.13333333333333333,0.75,0.09302325581395349,0.01834197854969105,0.24106886114704584,33,19,12,26,7,-0.3004295634217998,-0.07249697101719059,24,-0.18809600318652692,9,-0.023960516486016895,39
2024,2024_15_MIA_HOU,MIA,15,HOU,-8.0,-0.20592293660694813,-0.01834197854969105,-0.022012225489718214,-0.24106886114704584,-0.21669346186923616,-0.09302325581395349,0.06976744186046512,0.8947368421052632,0.2,-0.03498299020602713,0.328408146800939,43,29,19,40,11,-0.008665872980528537,0.023960516486016895,39,-0.16770199292873542,17,0.07249697101719059,24
2024,2024_15_NE_ARI,ARI,15,NE,13.0,0.18098654190367353,0.3250833707549165,0.3240216766948033,0.13469169991556565,0.183601297572925,0.0,0.0,0.84,0.08,-0.2873809599538653,0.05563547837373323,37,26,25,32,6,0.3296840450154071,0.3250833707549165,32,0.25409556186891047,21,-0.2873809599538653,23
2024,2024_15_NE_ARI,NE,15,ARI,-13.0,0.11376616152728813,0.2873809599538653,0.08761077345279732,-0.05563547837373323,0.04462263503707534,-0.08,0.08,0.7,0.0,-0.3250833707549165,-0.13469169991556565,29,19,20,23,4,1.2362893458339381,0.2873809599538653,23,0.606601671423829,14,-0.3250833707549165,32
2024,2024_15_NYJ_JAX,JAX,15,NYJ,-7.0,0.17925258092284407,0.18607082916833576,0.3078962523333491,0.03796859374619081,0.13338115651483975,-0.0625,0.041666666666666664,0.96,0.0967741935483871,-0.47864977669014636,0.08893035052824445,52,37,25,46,9,-0.31476702162116355,0.20388647362801882,45,0.05820253114385791,24,-0.3290065752883381,28
2024,2024_15_NYJ_JAX,NYJ,15,JAX,7.0,0.49724397481630667,0.47864977669014636,0.6192864399185073,-0.08893035052824445,0.3851304299902604,-0.0967741935483871,0.03225806451612903,0.8125,0.0625,-0.18607082916833576,-0.03796859374619081,36,25,16,30,5,-0.22453353945165871,0.3290065752883381,28,0.11286559999615955,13,-0.20388647362801882,45
2024,2024_15_PIT_PHI,PHI,15,PIT,14.0,0.40403319952884115,0.7201082200558027,0.6516693835341874,-0.14660131329974993,0.19869709359830207,-0.14285714285714285,0.08571428571428572,0.7307692307692308,0.16666666666666666,0.09167272688238694,0.24778988285591683,47,26,26,32,6,1.0166765116494692,0.7249722036246227,30,0.09171688278193445,19,0.051401136932892076,20
2024,2024_15_PIT_PHI,PIT,15,PHI,-14.0,-0.29024212134166877,-0.09167272688238694,0.16699813050642734,-0.24778988285591683,-0.2778170759312048,-0.16666666666666666,0.08333333333333333,0.8333333333333334,0.14285714285714285,-0.7201082200558027,0.14660131329974993,29,17,12,22,5,-0.9711536420043554,-0.051401136932892076,20,-0.1397708783799318,10,-0.7249722036246227,30
2024,2024_15_TB_LAC,LAC,15,TB,-23.0,-0.4049560251359419,-0.3275247316513041,-0.31835288237298554,-0.2517238288903265,-0.36984031349632174,-0.24324324324324326,0.08108108108108109,0.6363636363636364,0.07142857142857142,-0.705092599040914,0.09738206482693768,37,29,11,34,5,-0.3807214574655518,-0.14472794700330718,28,-0.047188004213930004,7,-0.6606585209542122,26
2024,2024_15_TB_LAC,TB,15,LAC,23.0,0.6212931649630773,0.705092599040914,0.973323737940012,-0.09738206482693768,0.2244128141835168,-0.07142857142857142,0.03571428571428571,0.8648648648648649,0.24324324324324326,0.3275247316513041,0.2517238288903265,30,22,37,27,5,-0.4751244121151174,0.6606585209542122,26,-0.014886435046719385,32,0.14472794700330718,28
2024,2024_15_WAS_NO,NO,15,WAS,-1.0,-0.03329646075313786,0.17899340065756025,0.29914687019920017,-0.14852113522855306,-0.07030057457394256,-0.20588235294117646,0.08823529411764706,0.6428571428571428,0.20512820512820512,-0.4071056932122747,0.2022029647939598,35,23,14,31,8,-0.16644782427465454,0.06646493327135929,27,0.30491812935280105,9,-0.4071056932122747,31
2024,2024_15_WAS_NO,WAS,15,NO,1.0,0.20307369184471902,0.4071056932122747,0.48596491702909284,-0.2022029647939598,0.07163261401595826,-0.20512820512820512,0.20512820512820512,0.75,0.20588235294117646,-0.17899340065756025,0.14852113522855306,50,26,24,31,5,-0.00296227063517982,0.4071056932122747,31,0.06724929692943976,18,-0.06646493327135929,27
2024,2024_16_ARI_CAR,ARI,16,CAR,-6.0,0.09898683236424351,0.16892640514134644,0.03513873385705082,0.28997748942638235,0.16333864765339806,-0.08571428571428572,0.08571428571428572,0.9,0.13793103448275862,-0.19229270624895983,-0.3183403795199665,43,19,20,32,13,0.3644622324030093,0.16892640514134644,32,0.39840838447303667,18,-0.14766926639772981,25
2024,2024_16_ARI_CAR,CAR,16,ARI,6.0,0.21615134080860665,0.19229270624895983,0.5221239015839888,0.3183403795199665,0.24643247049721706,-0.13793103448275862,0.10344827586206896,0.8620689655172413,0.08571428571428572,-0.16892640514134644,-0.28997748942638235,33,19,29,26,7,-0.7029633953746904,0.14766926639772981,25,0.451293731555343,25,-0.16892640514134644,32
2024,2024_16_CLE_CIN,CIN,16,CLE,18.0,0.12162590369023214,0.483475618996159,0.5676933119285235,0.08397307468435913,0.11405103122944912,-0.23529411764705882,0.11764705882352941,0.8333333333333334,0.2564102564102564,0.33129355043980885,0.13318147000003006,36,25,18,30,5,0.06238715433433697,0.5992571837025408,26,0.2630322316661473,15,0.2341882123005706,29
2024,2024_16_CLE_CIN,CLE,16,CIN,-18.0,-0.32635322818047496,-0.33129355043980885,-0.4019034696151114,-0.13318147000003006,-0.28035995242322614,-0.2564102564102564,0.1282051282051282,0.8,0.23529411764705882,-0.483475618996159,-0.08397307468435913,48,24,15,34,10,-0.16182974441908266,-0.2341882123005706,29,0.4481577792733635,12,-0.5992571837025408,26
2024,2024_16_DEN_LAC,DEN,16,LAC,-7.0,0.20781884719580654,0.2541160608055563,0.5021935239035397,0.18084942196454754,0.19349572844943205,-0.09523809523809523,0.047619047619047616,0.8823529411764706,0.24242424242424243,-0.49071496407005716,0.09073839942443652,45,23,17,40,17,-0.08151815397406825,0.332004707894389,38,0.3075167086867927,15,-0.4042439610371369,25
2024,2024_16_DEN_LAC,LAC,16,DEN,7.0,0.44153956717376497,0.49071496407005716,0.44922948197694523,-0.09073839942443652,0.20469725085647555,-0.24242424242424243,0.06060606060606061,0.736842105263158,0.09523809523809523,-0.2541160608055563,-0.18084942196454754,38,25,19,31,6,0.6635711394580236,0.4042439610371369,25,0.2179789828868318,14,-0.332004707894389,38
2024,2024_16_DET_CHI,CHI,16,DET,-17.0,0.11124120017973364,0.36188374099001563,0.459495743430179,-0.4158074744511396,0.014175742925806764,-0.11904761904761904,0.047619047619047616,0.8,0.09090909090909091,-0.5401927734186847,-0.15879503009394588,48,34,10,40,6,-0.19125093950424343,0.5409351241998257,37,-0.2768152360004025,8,-0.6473814775597178,30
2024,2024_16_DET_CHI,DET,16,CHI,17.0,0.4694146457692751,0.5401927734186847,0.5549349179547205,0.15879503009394588,0.3232714102211548,-0.09090909090909091,0.030303030303030304,0.8333333333333334,0.11904761904761904,-0.36188374099001563,0.4158074744511396,33,23,30,32,9,0.5025184040488154,0.6473814775597178,30,0.3068201202189084,25,-0.5409351241998257,37
2024,2024_16_HOU_KC,HOU,16,KC,-8.0,0.1467029448765529,0.21160257222950243,0.3258438105080324,-0.0633142811944702,0.09238814503059864,-0.2926829268292683,0.04878048780487805,0.8,0.09523809523809523,-0.2794286563041787,0.1295653621200467,43,32,15,39,7,-0.31064308847234884,0.15926740968497646,29,0.13056980242254293,12,-0.2135220676492566,38
2024,2024_16_HOU_KC,KC,16,HOU,8.0,0.29492330256646987,0.2794286563041787,0.2536577183817353,-0.1295653621200467,0.14929714872905336,-0.09523809523809523,0.023809523809523808,0.85,0.2926829268292683,-0.21160257222950243,0.0633142811944702,45,33,20,41,8,0.3857337752342578,0.2135220676492566,38,0.19192352849880626,17,-0.15926740968497646,29
2024,2024_16_JAX_LV,JAX,16,LV,-5.0,-0.18471139869943687,-0.11712652677968571,0.12276454059535594,-0.2629883829587409,-0.21165921295263984,-0.1,0.025,0.8095238095238095,0.125,-0.10112699886533172,0.20377109704330892,40,29,21,39,10,-0.8128106221673065,-0.07426568068331053,36,-0.15187194286708686,17,-0.12847427586945495,35
2024,2024_16_JAX_LV,LV,16,JAX,5.0,0.040471168138534915,0.10112699886533172,0.17845487209244212,-0.20377109704330892,-0.05881453819154314,-0.125,0.05,0.8421052631578947,0.1,0.11712652677968571,0.2629883829587409,44,24,19,38,14,-0.0314350695240004,0.12847427586945495,35,-0.06772810639813559,16,0.07426568068331053,36
2024,2024_16_LA_NYJ,LA,16,NYJ,10.0,0.1677252437130071,0.1677252437130071,0.17335848179619848,0.0664513878042014,0.10739188274605899,-0.05263157894736842,0.0,0.8928571428571429,0.046511627906976744,-0.18059625516175876,0.23966513677978105,19,18,28,19,1,0.06632695821556212,0.20275699810822098,18,0.17989584953058546,25,-0.2034566684813447,41
2024,2024_16_LA_NYJ,NYJ,16,LA,-10.0,0.05674634888097573,0.18059625516175876,0.20040822930334704,-0.23966513677978105,-0.03264759123893504,-0.046511627906976744,0.023255813953488372,0.9473684210526316,0.05263157894736842,-0.1677252437130071,-0.0664513878042014,44,35,19,42,7,0.08153638445381743,0.2034566684813447,41,-0.0673872099173927,18,-0.20275699810822098,18
2024,2024_16_MIN_SEA,MIN,16,SEA,3.0,0.23047911061939774,0.3649808994983933,0.46811647476627755,-0.19005563735079625,0.09505266635780985,-0.18421052631578946,0.07894736842105263,0.9473684210526316,0.17777777777777778,-0.07207957406803193,0.06841810236316315,40,29,19,35,6,-0.13350771429638067,0.35586474332927787,31,-0.16166596327740201,18,-0.3479810492215357,37
2024,2024_16_MIN_SEA,SEA,16,MIN,-3.0,0.01859246802894729,0.07207957406803193,0.08270572983898271,-0.06841810236316315,0.03819092147175573,-0.17777777777777778,0.044444444444444446,0.8333333333333334,0.18421052631578946,-0.3649808994983933,0.19005563735079625,46,31,12,43,12,0.04462867165974246,0.3479810492215357,37,0.07871678995434184,10,-0.35586474332927787,31
2024,2024_16_NE_BUF,BUF,16,NE,3.0,0.03327717652252434,0.11504461560880025,-0.009403132037154453,0.035686126814901326,0.03419091628859837,-0.06666666666666667,0.03333333333333333,0.7272727272727273,0.15789473684210525,-0.1987892693432518,0.26869866106558615,36,22,22,29,7,0.5061661082103722,0.1503341394543112,28,0.26403156357264407,16,-0.10236545567204328,32
2024,2024_16_NE_BUF,NE,16,BUF,-3.0,0.039832132480859,0.1987892693432518,0.34065111736085196,-0.26869866106558615,-0.025196044405781676,-0.15789473684210525,0.05263157894736842,0.7727272727272727,0.06666666666666667,-0.11504461560880025,-0.035686126814901326,44,28,22,36,8,-0.29772719871834874,0.10236545567204328,32,-0.04901704267146726,17,-0.1503341394543112,28
2024,2024_16_NO_GB,GB,16,NO,34.0,0.227952778238372,0.20303534291930467,0.3875903241526684,0.2180838072614275,0.2639358431554924,-0.1,0.0,0.9,0.18181818181818182,0.32592363128981894,0.18934286800989236,32,21,30,30,9,-0.2275929466252108,0.19744420879733265,27,0.328023432525461,27,0.24494708158265543,27
2024,2024_16_NO_GB,NO,16,GB,-34.0,-0.4126722958891678,-0.32592363128981894,-0.37515407803261513,-0.18934286800989236,-0.3494658540365426,-0.18181818181818182,0.09090909090909091,0.6,0.1,-0.20303534291930467,-0.2180838072614275,38,18,15,30,12,-0.2520779611756246,-0.24494708158265543,27,0.15349524955834412,9,-0.19744420879733265,27
2024,2024_16_NYG_ATL,ATL,16,NYG,27.0,0.17578408886416508,0.2425088812470648,0.23830932007033162,-0.014103960095918962,0.07985300713116614,-0.07407407407407407,0.0,0.7878787878787878,0.14285714285714285,0.3242633590319504,0.1420838153518905,29,23,33,27,4,0.2666563580132806,0.3126599972418849,25,0.17095545322808875,26,0.09102553491700542,36
2024,2024_16_NYG_ATL,NYG,16,ATL,-27.0,-0.5176928809405369,-0.3242633590319504,-0.5225246437039459,-0.1420838153518905,-0.4291385673378086,-0.14285714285714285,0.07142857142857142,0.9090909090909091,0.07407407407407407,-0.2425088812470648,0.014103960095918962,43,32,11,39,7,0.5820739423257432,-0.09102553491700542,36,-0.06572878105798725,10,-0.3126599972418849,25
2024,2024_16_PHI_WAS,PHI,16,WAS,-3.0,-0.009232768703330743,0.05272624123469214,0.3020019051551279,0.0670961589167941,0.02624405681024839,-0.21875,0.125,0.7878787878787878,0.05128205128205128,-0.024860998705997422,1.0114030254271642,38,23,33,28,5,-1.0939418127993126,0.14540183797555295,25,0.3393841560643456,26,-0.14221009787021036,37
2024,2024_16_PHI_WAS,WAS,16,PHI,3.0,0.24862180552008797,0.024860998705997422,0.10724201788001757,-1.0114030254271642,-0.066384402216725,-0.05128205128205128,0.02564102564102564,0.6875,0.21875,-0.05272624123469214,-0.0670961589167941,48,29,16,38,9,-0.24058895196584526,0.14221009787021036,37,-0.3299864514807496,11,-0.14540183797555295,25
2024,2024_16_PIT_BAL,BAL,16,PIT,17.0,0.2624648900326,0.40678551772748645,0.4380551298311632,0.09180536597741581,0.1781017966473602,-0.041666666666666664,0.041666666666666664,0.8518518518518519,0.14285714285714285,0.08065937391802483,0.01103848912420551,30,20,27,23,3,0.19832143703630814,0.40678551772748645,23,0.2900937816791037,23,-0.23664068138071623,30
2024,2024_16_PIT_BAL,PIT,16,BAL,-17.0,-0.2717598873484688,-0.08065937391802483,-0.07558063582271485,-0.01103848912420551,-0.1789607456076293,-0.14285714285714285,0.08571428571428572,0.8095238095238095,0.041666666666666664,-0.40678551772748645,-0.09180536597741581,38,18,21,32,14,-0.08718918004056622,0.23664068138071623,30,0.16010908685925906,17,-0.40678551772748645,23
2024,2024_16_SF_MIA,MIA,16,SF,12.0,0.13440984496542205,0.16624582384276182,0.14661634200066945,0.2031087327774625,0.1649426839929956,-0.029411764705882353,0.0,0.8214285714285714,0.14634146341463414,-0.2682412583824525,0.32453203610041037,35,22,28,34,12,0.20223320721993118,0.21387338061577826,33,0.4406715452559696,23,-0.4660344816311244,35
2024,2024_16_SF_MIA,SF,16,MIA,-12.0,0.15490842668411908,0.2682412583824525,0.5853669789137916,-0.32453203610041037,0.06002081279891403,-0.14634146341463414,0.07317073170731707,0.7777777777777778,0.029411764705882353,-0.16624582384276182,-0.2031087327774625,45,29,9,38,9,-0.7536082855518624,0.4660344816311244,35,-0.078992872199576,7,-0.21387338061577826,33
2024,2024_16_TB_DAL,DAL,16,TB,2.0,0.25707071079460064,0.29128999329506167,0.42598396325360904,-0.5639821286961847,0.013397129794003515,-0.08333333333333333,0.027777777777777776,0.8571428571428572,0.10638297872340426,-0.14204279465858258,-0.17123967012402758,36,28,14,35,7,-0.24748588653912787,0.2704323022908705,33,-0.4889529256984451,12,-0.22901955381338143,42
2024,2024_16_TB_DAL,TB,16,DAL,-2.0,0.03409309570545058,0.14204279465858258,0.20718708632739433,0.17123967012402758,0.08336109182054119,-0.10638297872340426,0.0851063829787234,0.8947368421052632,0.08333333333333333,-0.29128999329506167,0.5639821286961847,50,32,19,43,11,-0.047467872014324335,0.22901955381338143,42,0.27111578641308703,17,-0.2704323022908705,33
2024,2024_16_TEN_IND,IND,16,TEN,8.0,0.3235452675504945,0.40462620241503994,0.40462620241503994,0.16427154186974197,0.21821909411644838,-0.08333333333333333,0.08333333333333333,0.8536585365853658,0.11428571428571428,-0.15867240065322447,-0.11674923917790855,21,11,41,11,0,,0.40462620241503994,11,0.3459917981144672,35,-0.2226590670617887,31
2024,2024_16_TEN_IND,TEN,16,IND,-8.0,0.024134839571448085,0.15867240065322447,0.395392933800685,0.11674923917790855,0.05500630610693488,-0.11428571428571428,0.02857142857142857,0.7894736842105263,0.08333333333333333,-0.40462620241503994,-0.16427154186974197,38,25,19,34,9,-0.4988846358674992,0.2226590670617887,31,0.29897594610714956,15,-0.40462620241503994,11
2024,2024_17_ARI_LA,ARI,17,LA,-4.0,0.06999633459800232,0.17858628403237495,0.3302215055110325,-0.22243715771508166,-0.009136656848526731,-0.11538461538461539,0.07692307692307693,0.8235294117647058,0.0625,0.015070534856637272,0.22691952458808415,56,39,17,48,9,-0.47849967570847457,0.19398832059761162,46,0.10732711627705226,14,0.06837027454717338,30
2024,2024_17_ARI_LA,LA,17,ARI,4.0,0.05384964911399594,-0.015070534856637272,0.02362790892404016,-0.22691952458808415,-0.03091085615455657,-0.0625,0.0,0.75,0.11538461538461539,-0.17858628403237495,0.22243715771508166,37,25,16,32,7,-0.15327926264477096,-0.06837027454717338,30,-0.015065315972606666,12,-0.19398832059761162,46
2024,2024_17_ATL_WAS,ATL,17,WAS,-6.0,-0.0314714451410331,0.09142446657955229,0.19598591777589008,0.1867124717318803,0.06587515463216219,-0.08108108108108109,0.05405405405405406,0.95,0.14634146341463414,-0.3137470716722512,-0.06855814615693458,39,30,20,35,5,-0.5359442405984745,0.10924313732689804,34,0.3479962928226756,19,-0.21358205217389864,35
2024,2024_17_ATL_WAS,WAS,17,ATL,6.0,0.26685951086352044,0.3137470716722512,0.3184319256666882,0.06855814615693458,0.22150347765688638,-0.14634146341463414,0.12195121951219512,0.8947368421052632,0.08108108108108109,-0.09142446657955229,-0.1867124717318803,56,29,19,36,7,0.2943383908381548,0.21358205217389864,35,0.1787677496082752,17,-0.10924313732689804,34
2024,2024_17_BAL_HOU,BAL,17,HOU,29.0,0.835549958966207,0.6033119043129603,0.5951175296893705,0.015236395919391247,0.3110871891493904,-0.2222222222222222,0.05555555555555555,0.8461538461538461,0.2702702702702703,0.25295154040759377,0.26698789596412115,22,13,39,17,4,0.6299436218396275,0.9122629516857476,14,0.2479378483690336,33,0.19263427598289803,27
2024,2024_17_BAL_HOU,HOU,17,BAL,-29.0,-0.4770424142280766,-0.25295154040759377,-0.10140487033209784,-0.26698789596412115,-0.414804038446164,-0.2702702702702703,0.13513513513513514,0.75,0.2222222222222222,-0.6033119043129603,-0.015236395919391247,38,27,16,32,5,-1.0713035588152717,-0.19263427598289803,27,-0.07831462358687236,12,-0.9122629516857476,14
2024,2024_17_CAR_TB,CAR,17,TB,-34.0,-0.04035299941436759,0.27487196090757976,0.6694218160148013,-0.2643056673754475,-0.10282477504936965,-0.21212121212121213,0.15151515151515152,0.7,0.08823529411764706,-0.8807270474941343,-0.15849033633404527,35,20,10,28,8,-0.7115026768604742,0.24169009180616374,26,-0.009093064299252582,7,-0.9123563004246662,31
2024,2024_17_CAR_TB,TB,17,CAR,34.0,0.698669983338839,0.8807270474941343,0.8828098673398379,0.15849033633404527,0.45438960213542495,-0.08823529411764706,0.058823529411764705,0.8235294117647058,0.21212121212121213,-0.27487196090757976,0.2643056673754475,35,26,34,32,6,0.8717014948294187,0.9123563004246662,31,0.34866053413757736,28,-0.24169009180616374,26
2024,2024_17_DAL_PHI,DAL,17,PHI,-34.0,-0.4343774784418722,-0.38684928940071167,-0.39448028012109837,-0.2169399649025692,-0.30404382732854823,-0.1,0.03333333333333333,0.8846153846153846,0.05263157894736842,-0.7474529261083728,0.05201052794438209,32,27,26,29,2,-0.28383091467549093,-0.11979299038864187,27,-0.11224470144573054,23,-0.8316188016520185,18
2024,2024_17_DAL_PHI,PHI,17,DAL,34.0,0.8153857226664954,0.7474529261083728,1.12432147903623,-0.05201052794438209,0.2714253621139112,-0.05263157894736842,0.0,0.8648648648648649,0.1,0.38684928940071167,0.2169399649025692,22,15,37,19,4,-0.6658041473710918,0.8316188016520185,18,0.08907688819966168,32,0.11979299038864187,27
2024,2024_17_DEN_CIN,CIN,17,DEN,6.0,0.31787642762161866,0.48428101282557584,0.461523445821474,-0.29042801674238256,0.14198116660070265,-0.21428571428571427,0.125,0.875,0.12121212121212122,-0.36162416222216953,-0.05684304533612107,59,45,24,49,4,0.7403036416217219,0.39013889700010645,44,-0.02240899309704438,21,-0.18387661975508277,29
2024,2024_17_DEN_CIN,DEN,17,CIN,-6.0,0.25171068732199564,0.36162416222216953,0.4424141597483284,0.05684304533612107,0.17167536599955885,-0.12121212121212122,0.06060606060606061,0.9473684210526316,0.21428571428571427,-0.48428101282557584,0.29042801674238256,40,26,19,31,5,-0.058483824913856355,0.18387661975508277,29,0.0924473075008592,18,-0.39013889700010645,44
2024,2024_17_DET_SF,DET,17,SF,6.0,0.5796696765347078,0.7300702514322128,0.7129831115232382,0.10109993784655143,0.37559375843400383,-0.1111111111111111,0.05555555555555555,0.8214285714285714,0.14634146341463414,-0.4606970261754896,0.12933107782413966,36,27,28,34,7,0.7959777910811151,0.788440777349031,32,0.348668508084855,23,-0.5393005622366651,35
2024,2024_17_DET_SF,SF,17,DET,-6.0,0.48184412203387245,0.4606970261754896,0.5237317145044541,-0.12933107782413966,0.34407548521447734,-0.14634146341463414,0.04878048780487805,0.7777777777777778,0.1111111111111111,-0.7300702514322128,-0.10109993784655143,45,30,9,39,9,0.25058139841227445,0.5393005622366651,35,-0.02658403540928172,7,-0.788440777349031,32
2024,2024_17_GB_MIN,GB,17,MIN,-2.0,-0.00020072032316828688,0.1075353244893554,0.13719279313344285,-0.1199154784756148,-0.048506675367137916,-0.21212121212121213,0.09090909090909091,0.9130434782608696,0.09090909090909091,-0.30434615781089464,0.26064265323499136,34,29,23,30,1,-0.7525312661891803,0.21571779201528893,26,-0.06674590871192629,21,-0.4071655113741476,40
2024,2024_17_GB_MIN,MIN,17,GB,2.0,0.2770751496286144,0.30434615781089464,0.427298357396245,-0.26064265323499136,0.09248545610827212,-0.09090909090909091,0.022727272727272728,0.6956521739130435,0.21212121212121213,-0.1075353244893554,0.1199154784756148,44,31,23,43,12,-0.01328035778459391,0.4071655113741476,40,0.025408484969375433,16,-0.21571779201528893,26
2024,2024_17_IND_NYG,IND,17,NYG,-12.0,0.18971246500228134,0.3645187639637906,0.48405558179443553,-0.11302224971843847,0.05700683663155486,-0.1,0.05,0.78125,0.043478260869565216,-1.2013492165196629,0.47692634495017605,41,32,32,38,6,-0.2730109311329822,0.3683618408951657,36,0.2537425311319228,25,-1.287796955350628,22
2024,2024_17_IND_NYG,NYG,17,IND,12.0,1.2661055304597542,1.2013492165196629,1.6005726646350622,-0.47692634495017605,0.3768035532097897,-0.043478260869565216,0.0,0.6799999999999999,0.1,-0.3645187639637906,0.11302224971843847,24,18,25,23,5,-0.2358551966957748,1.287796955350628,22,-0.07519743315978895,17,-0.3683618408951657,36
2024,2024_17_KC_PIT,KC,17,PIT,19.0,0.5461116093415626,0.528906828533476,0.49062716704424403,-0.062240620338878366,0.33678983677258756,-0.05263157894736842,0.0,0.7058823529411764,0.21428571428571427,0.23077934159113758,-0.08847179159405626,39,36,17,38,2,1.2179407353396527,0.5646069895587968,36,0.22036075480476372,12,0.22075918826334473,33
2024,2024_17_KC_PIT,PIT,17,KC,-19.0,-0.21479084231820358,-0.23077934159113758,-0.17428295345962322,0.08847179159405626,-0.11093377590989545,-0.21428571428571427,0.11904761904761904,0.88,0.05263157894736842,-0.528906828533476,0.062240620338878366,48,24,25,37,13,-0.3350803658339333,-0.22075918826334473,33,0.16087651123499097,22,-0.5646069895587968,36
2024,2024_17_LAC_NE,LAC,17,NE,33.0,0.4730176473497172,0.4392162327282563,0.47471215226918656,0.0803284892578551,0.2911025041405699,-0.1,0.0,0.875,0.21428571428571427,0.24131388239038679,0.4038834072749266,44,36,32,40,4,0.11975295685988385,0.46758365220357706,36,0.17754226355120276,28,0.16419820981206065,22
2024,2024_17_LAC_NE,NE,17,LAC,-33.0,-0.6127776515324299,-0.24131388239038679,-0.18409464329237246,-0.4038834072749266,-0.5518501636239915,-0.21428571428571427,0.14285714285714285,0.7857142857142857,0.1,-0.4392162327282563,-0.0803284892578551,34,21,14,24,3,-0.641848556076487,-0.16419820981206065,22,-0.14697808774442214,11,-0.46758365220357706,36
2024,2024_17_LV_NO,LV,17,NO,15.0,0.27387753501394607,0.3314691205998212,0.3701449272638911,-0.05691857003866363,0.10238876612595037,-0.05555555555555555,0.027777777777777776,0.9090909090909091,0.125,0.28783969863709935,0.36425016394350707,37,28,33,35,7,0.17676589394354178,0.35735493874666235,34,0.008377303157174103,30,0.3288535870407185,35
2024,2024_17_LV_NO,NO,17,LV,-15.0,-0.26071444712809977,-0.28783969863709935,-0.29590997738651637,-0.36425016394350707,-0.2802494880366672,-0.125,0.1,0.8,0.05555555555555555,-0.3314691205998212,0.05691857003866363,43,27,10,36,9,-0.2636288623888482,-0.3288535870407185,35,-0.10198351615690605,8,-0.35735493874666235,34
2024,2024_17_MIA_CLE,CLE,17,MIA,-17.0,-0.481544376945329,-0.42806253023321755,-0.2975411483671954,-0.11238986843366226,-0.36496926899427634,-0.125,0.020833333333333332,0.8333333333333334,0.27586206896551724,-0.3848572614835971,0.6405468396582077,52,36,24,47,11,-0.855223416340199,-0.3888545774929555,42,0.07588086948632607,20,-0.6121533801835058,21
2024,2024_17_MIA_CLE,MIA,17,CLE,17.0,0.23853935328581097,0.3848572614835971,0.6376304967023312,-0.6405468396582077,-0.09800092579572896,-0.27586206896551724,0.13793103448275862,0.5263157894736843,0.125,0.42806253023321755,0.11238986843366226,35,20,19,25,5,-0.6262356793913394,0.6121533801835058,21,-0.11426583304419188,10,0.3888545774929555,42
2024,2024_17_NYJ_BUF,BUF,17,NYJ,26.0,0.5748828315980621,0.6022869707114564,0.6399366038721357,-0.33241267815335757,0.1665998522099232,-0.10714285714285714,0.0,0.7777777777777778,0.16666666666666666,0.16565103874199877,-0.03551381487264542,33,25,27,28,3,0.2885400277057961,0.656686274801411,25,-0.1147185273668067,21,0.13609568241518014,30
2024,2024_17_NYJ_BUF,NYJ,17,BUF,-26.0,-0.34524708917199043,-0.16565103874199877,-0.164953777373865,0.03551381487264542,-0.21832678782377854,-0.16666666666666666,0.1111111111111111,0.8421052631578947,0.10714285714285714,-0.6022869707114564,0.33241267815335757,38,29,19,32,3,-0.17239123196729209,-0.13609568241518014,30,0.3637240066564117,16,-0.656686274801411,25
2024,2024_17_SEA_CHI,CHI,17,SEA,-3.0,-0.22091348169592653,-0.06265937950378893,-0.05183107650927458,-0.18267504871619125,-0.20850898979649182,-0.3142857142857143,0.2,0.875,0.2692307692307692,0.1678453655857988,0.09822506764215727,40,21,16,28,7,-0.09514428848733199,-0.023463801864563243,24,-0.039369774287998434,14,0.09955513891824157,19
2024,2024_17_SEA_CHI,SEA,17,CHI,3.0,-0.22785211016433918,-0.1678453655857988,-0.0741274282514152,-0.09822506764215727,-0.17081621145457912,-0.2692307692307692,0.11538461538461539,0.9090909090909091,0.3142857142857143,0.06265937950378893,0.18267504871619125,28,19,22,23,4,-0.6130055679241209,-0.09955513891824157,19,0.014392071499605997,20,0.023463801864563243,24
2024,2024_17_TEN_JAX,JAX,17,TEN,7.0,0.3941892850331871,0.44062417043271024,0.6727285095895592,-0.17653445800869344,0.15334083067712095,-0.125,0.08333333333333333,0.8461538461538461,0.14705882352941177,-0.11191035657560243,0.003072763243525714,29,16,26,22,6,-0.1783207339855538,0.5561586742198854,21,-0.10053419399958924,22,-0.1857853999413841,29
2024,2024_17_TEN_JAX,TEN,17,JAX,-7.0,0.027069913434445356,0.11191035657560243,0.4311639307253063,-0.003072763243525714,0.037288125832308644,-0.14705882352941177,0.08823529411764706,0.7391304347826086,0.125,-0.44062417043271024,0.17653445800869344,39,25,23,31,6,-1.2183128690481635,0.1857853999413841,29,0.2886330025201588,17,-0.5561586742198854,21
2024,2024_18_BUF_NE,BUF,18,NE,-7.0,-0.18283396389087608,-0.08164137245757494,-0.1503473696096234,0.05127066263022638,-0.06714681854610144,-0.0625,0.0,0.8214285714285714,0.12903225806451613,-0.3633454715082504,0.2687119366425129,36,26,28,32,6,0.2160846152013017,0.009975912147691638,30,0.19485756359442713,23,-0.4879411628209318,27
2024,2024_18_BUF_NE,NE,18,BUF,7.0,0.19250610894740494,0.3633454715082504,0.6630664548576546,-0.2687119366425129,0.0334654035715712,-0.12903225806451613,0.03225806451612903,0.7,0.0625,0.08164137245757494,-0.05127066263022638,38,21,20,30,9,-0.3360034896403593,0.4879411628209318,27,-0.04348374870336909,14,-0.009975912147691638,30
2024,2024_18_CAR_ATL,ATL,18,CAR,-6.0,0.20217333500259618,0.1788117977886494,0.3007281906562557,0.3897517766155348,0.2923084303230991,-0.1282051282051282,0.02564102564102564,0.9189189189189189,0.0,-0.6099945158075007,-0.0834597268560901,40,30,37,38,8,-0.2783746754648744,0.3032528378097896,34,0.532875800518976,34,-0.6099945158075007,35
2024,2024_18_CAR_ATL,CAR,18,ATL,6.0,0.6231184380416436,0.6099945158075007,0.6161484498250451,0.0834597268560901,0.4123142539847867,0.0,0.0,0.88,0.1282051282051282,-0.1788117977886494,-0.3897517766155348,39,30,25,35,5,0.573070911702235,0.6099945158075007,35,0.17763330963895319,22,-0.3032528378097896,34
2024,2024_18_CHI_GB,CHI,18,GB,2.0,-0.1751160155540812,-0.12990615986175205,0.3564202513730644,-0.17307110558877775,-0.17034980808239197,-0.06666666666666667,0.03333333333333333,0.8181818181818181,0.25,-0.16325545118535328,-0.31795419572881933,33,17,22,29,12,-0.8188685757777421,-0.11919501145270532,28,0.0030494619665357744,18,-0.005568261309531361,21
2024,2024_18_CHI_GB,GB,18,CHI,-2.0,-0.16229626160732866,0.16325545118535328,0.3398995108581826,0.31795419572881933,-0.09208516104026308,-0.25,0.10714285714285714,0.9285714285714286,0.06666666666666667,0.12990615986175205,0.17307110558877775,29,22,28,25,3,-1.1321343197487286,0.005568261309531361,21,0.41038365692992745,26,0.11919501145270532,28
2024,2024_18_CIN_PIT,CIN,18,PIT,2.0,-0.02852489994725202,0.11678469044346868,0.22527774397103867,-0.02974009322351784,-0.02887209802618514,-0.1,0.08,0.9,0.2,0.04502193165845743,0.27886186015798314,50,38,20,46,8,-0.3985573138124888,0.08365678830639531,45,0.053556250143123506,18,-0.0009554649807107836,28
2024,2024_18_CIN_PIT,PIT,18,CIN,-2.0,-0.1240462571006439,-0.04502193165845743,-0.011298972008369905,-0.27886186015798314,-0.17476171327459988,-0.2,0.11428571428571428,0.7894736842105263,0.1,-0.11678469044346868,0.02974009322351784,39,23,19,31,8,-0.14197544065245904,0.0009554649807107836,28,-0.012527650627695671,15,-0.08365678830639531,45
2024,2024_18_CLE_BAL,BAL,18,CLE,25.0,0.18663051842086134,0.17011135869430397,0.3207226536469531,0.1304042583797129,0.1576147636484221,-0.16129032258064516,0.0,0.75,0.08333333333333333,0.43131309681783225,0.3587163691408931,40,24,24,31,7,-0.34627022400049307,0.3408666256929369,26,0.4339144572667364,18,0.4201074222395452,33
2024,2024_18_CLE_BAL,CLE,18,BAL,-25.0,-0.489665279064903,-0.43131309681783225,-0.32567567474624975,-0.3587163691408931,-0.45329058186378923,-0.08333333333333333,0.05555555555555555,0.8,0.16129032258064516,-0.17011135869430397,-0.1304042583797129,39,29,15,34,5,-1.0440101448330108,-0.4201074222395452,33,-0.09007349598687152,12,-0.3408666256929369,26
2024,2024_18_HOU_TEN,HOU,18,TEN,9.0,-0.036209500590038385,-0.07819673684675037,-0.10151990997308635,0.18048527209918544,0.06263372905767768,-0.06896551724137931,0.034482758620689655,0.8461538461538461,0.17857142857142858,-0.28741602380558484,0.19266823834822305,31,22,26,28,6,0.007321564616481553,-0.032240694091240765,27,0.4212802016210682,22,-0.41687791656485057,23
2024,2024_18_HOU_TEN,TEN,18,HOU,-9.0,-0.17585571051340998,0.28741602380558484,0.28741602380558484,-0.19266823834822305,-0.2052686249744022,-0.17857142857142858,0.07142857142857142,0.72,0.06896551724137931,0.07819673684675037,-0.18048527209918544,33,26,25,26,0,,0.41687791656485057,23,0.022263606226527392,18,0.032240694091240765,27
2024,2024_18_JAX_IND,IND,18,JAX,3.0,-0.08593023329450931,0.059944664417909264,0.2053437235454699,0.13474533755523993,0.011510927859925446,-0.11627906976744186,0.06976744186046512,0.9117647058823529,0.14705882352941177,-0.16908628686540284,0.07278737925587166,43,32,34,40,8,-0.5216515720923333,0.1197984601703881,38,0.22965386307482902,31,-0.15349474490882997,29
2024,2024_18_JAX_IND,JAX,18,IND,-3.0,0.11117275948540177,0.16908628686540284,0.3615659353343257,-0.07278737925587166,0.030341789432417974,-0.14705882352941177,0.058823529411764705,0.7586206896551724,0.11627906976744186,-0.059944664417909264,-0.13474533755523993,37,23,29,32,9,-0.32280614811073327,0.15349474490882997,29,0.1910774027717044,22,-0.1197984601703881,38
2024,2024_18_KC_DEN,DEN,18,KC,38.0,0.8858885213202143,0.8950941322071768,0.9930051506254012,-0.10662840793820029,0.41059872421055105,0.0,0.0,0.8529411764705882,0.4090909090909091,0.13023946849588172,0.28894672528581894,37,23,34,29,6,0.5197685616039832,0.8950941322071768,29,0.07848006277144425,29,0.142335130591303,13
2024,2024_18_KC_DEN,KC,18,DEN,-38.0,-0.4665130126756293,-0.13023946849588172,-0.2940245052325605,-0.28894672528581894,-0.4489145424365574,-0.4090909090909091,0.22727272727272727,0.8888888888888888,0.0,-0.8950941322071768,0.10662840793820029,23,14,9,17,3,0.6340907029419527,-0.142335130591303,13,-0.2975995480373967,8,-0.8950941322071768,29
2024,2024_18_LAC_LV,LAC,18,LV,14.0,0.5405659162146924,0.5980818586623619,0.6802777731540605,-0.03472029494262586,0.2762660260118319,-0.08333333333333333,0.027777777777777776,0.7666666666666666,0.1388888888888889,0.09929067391826815,0.2312429244047961,39,32,30,35,3,-0.27867456258242385,0.6409836246951355,33,0.2791815121650551,23,0.07266252894948463,31
2024,2024_18_LAC_LV,LV,18,LAC,-14.0,-0.07600826764075365,-0.09929067391826815,0.16390501309209135,-0.2312429244047961,-0.10243118794101622,-0.1388888888888889,0.0,0.75,0.08333333333333333,-0.5980818586623619,0.03472029494262586,39,27,8,36,9,-0.8888777349493466,-0.07266252894948463,31,-0.050796361775913505,6,-0.6409836246951355,33
2024,2024_18_MIA_NYJ,MIA,18,NYJ,-12.0,-0.18519347502141728,-0.03444540764948969,-0.0015201109323769494,-0.026766720953961393,-0.12810101581761316,-0.24444444444444444,0.08888888888888889,0.631578947368421,0.1,-0.161286907871263,-0.13700605732863322,48,35,19,41,6,-0.22650963849931396,0.17936365078307398,34,0.6723732709991355,12,-0.17961893734147993,36
2024,2024_18_MIA_NYJ,NYJ,18,MIA,12.0,0.02543059480208571,0.161286907871263,0.3271533886627079,0.13700605732863322,0.06014006904525735,-0.1,0.075,0.8571428571428572,0.24444444444444444,0.03444540764948969,0.026766720953961393,40,27,21,37,10,-0.2865525902656382,0.17961893734147993,36,0.2995760017228313,18,-0.17936365078307398,34
2024,2024_18_MIN_DET,DET,18,MIN,22.0,0.045375916142382386,0.1434992085896416,0.2997839216982483,-0.019691480759290753,0.014813956991596499,-0.17142857142857143,0.05714285714285714,0.8709677419354839,0.23255813953488372,0.495355414470456,-0.21008308732052666,35,25,31,33,8,-0.3448905198747543,-0.019756695375946716,29,0.13607860720474954,27,0.49494239799378525,33
2024,2024_18_MIN_DET,MIN,18,DET,-22.0,-0.5331294103237513,-0.495355414470456,-0.5053723570481338,0.21008308732052666,-0.33818842733508825,-0.23255813953488372,0.046511627906976744,0.9375,0.17142857142857143,-0.1434992085896416,0.019691480759290753,45,30,16,41,11,-0.46803648016769855,-0.49494239799378525,33,0.25304596801676454,15,0.019756695375946716,29
2024,2024_18_NO_TB,NO,18,TB,-8.0,0.02310804232463034,0.040710860647955115,0.0024792525297495454,-0.05043985176921989,0.002094358297815986,-0.13636363636363635,0.045454545454545456,0.7777777777777778,0.030303030303030304,-0.32295556071889503,-0.08875823366300531,45,34,18,42,8,0.2031951951503288,0.012426493984433873,38,0.17067887227209008,14,-0.32295556071889503,32
2024,2024_18_NO_TB,TB,18,NO,8.0,0.29926596475979705,0.32295556071889503,0.5549239271338317,0.08875823366300531,0.2245696244919078,-0.030303030303030304,0.030303030303030304,0.9047619047619048,0.13636363636363635,-0.040710860647955115,0.05043985176921989,41,26,21,32,6,-0.6822406937458302,0.32295556071889503,32,0.1969742228362809,19,-0.012426493984433873,38
2024,2024_18_NYG_PHI,NYG,18,PHI,-7.0,-0.2710580769601917,-0.2991492793877714,-0.2084283292304343,-0.04898226451107575,-0.11874411212082464,-0.06896551724137931,0.0,0.9545454545454546,0.16279069767441862,-0.284460431284387,0.45174701896538916,31,24,22,29,5,-0.7346098401429895,-0.23871208236700467,27,-0.009650750368434605,21,-0.3138693418376434,36
2024,2024_18_NYG_PHI,PHI,18,NYG,7.0,0.12878897464975111,0.284460431284387,0.3086664947109621,-0.45174701896538916,-0.04040916824392306,-0.16279069767441862,0.046511627906976744,0.7142857142857143,0.06896551724137931,0.2991492793877714,0.04898226451107575,45,33,21,41,8,0.18461041964976488,0.3138693418376434,36,-0.37284726991395784,15,0.23871208236700467,27
2024,2024_18_SEA_LA,LA,18,SEA,-5.0,0.022522878773470204,0.217543033434064,0.23085525570851384,-0.17396246831243226,0.03903581560487658,-0.20454545454545456,0.06818181818181818,0.9333333333333333,0.10344827586206896,-0.5292789398873642,-0.10395895898164714,46,33,15,41,8,0.16263011655195836,0.12259818251111361,35,-0.14584966447936093,14,-0.5649991776265851,26
2024,2024_18_SEA_LA,SEA,18,LA,5.0,0.39895068067286904,0.5292789398873642,0.5710904834603965,0.10395895898164714,0.26288111569551237,-0.10344827586206896,0.06896551724137931,0.9047619047619048,0.20454545454545456,-0.217543033434064,0.17396246831243226,30,26,21,27,1,-0.5578211930114776,0.5649991776265851,26,0.20042430706273145,19,-0.12259818251111361,35
2024,2024_18_SF_ARI,ARI,18,SF,23.0,0.3262084874364775,0.22888136289281766,0.45931782093356144,0.16430742039561488,0.2485928819962991,-0.05714285714285714,0.0,0.8181818181818181,0.09090909090909091,-0.18541506830836435,-0.11080464701731953,39,27,22,35,8,-0.5488416829946925,0.3178094264627829,33,0.40970628365776446,18,-0.21204556047125528,40
2024,2024_18_SF_ARI,SF,18,ARI,-23.0,-0.035890189525893686,0.18541506830836435,0.238342427066137,0.11080464701731953,0.00923250367416128,-0.09090909090909091,0.045454545454545456,0.9473684210526316,0.05714285714285714,-0.22888136289281766,-0.16430742039561488,51,35,19,42,7,-0.07922172548049897,0.21204556047125528,40,0.17494633930942285,18,-0.3178094264627829,33
2024,2024_18_WAS_DAL,DAL,18,WAS,-4.0,-0.0949529513038003,0.018290159430714936,0.1324635310267763,0.06677906328573818,-0.043752987364290154,-0.05555555555555555,0.05555555555555555,0.8387096774193549,0.19444444444444445,-0.30516083734840116,0.2502308193652425,42,30,31,34,4,-0.8380101275397454,0.018290159430714936,34,0.23427730839209282,26,-0.2660752057277753,29
2024,2024_18_WAS_DAL,WAS,18,DAL,4.0,0.1633861292155753,0.30516083734840116,0.25371178277044465,-0.2502308193652425,0.10660163655341491,-0.19444444444444445,0.16666666666666666,0.75,0.05555555555555555,-0.018290159430714936,-0.06677906328573818,44,27,8,30,3,0.7682023285500096,0.2660752057277753,29,-0.11175999412080263,6,-0.018290159430714936,34
2025,2025_01_ARI_NO,ARI,1,NO,7.0,0.10404535638834068,0.30267769172572584,0.33458366488564556,-0.07912602416333857,0.043989166043527796,-0.14705882352941177,0.14705882352941177,0.8,0.044444444444444446,0.031047104644726996,0.05667948652505111,41,24,20,29,5,0.14952902055811101,0.30267769172572584,29,0.09830422625409964,16,0.013531413558359167,43
2025,2025_01_ARI_NO,NO,1,ARI,-7.0,-0.03613441571465987,-0.031047104644726996,0.04117154164662414,-0.05667948652505111,-0.041653986977153015,-0.044444444444444446,0.022222222222222223,0.8888888888888888,0.14705882352941177,-0.30267769172572584,0.07912602416333857,49,39,18,44,5,-0.5943525457172658,-0.013531413558359167,43,0.08933418746892124,16,-0.30267769172572584,29
2025,2025_01_BAL_BUF,BAL,1,BUF,-1.0,0.6847725510097066,0.6349791481196386,0.6757448354765068,0.03958106175109416,0.3856986985481341,-0.19047619047619047,0.09523809523809523,0.8095238095238095,0.06521739130434782,-0.41230078954850335,0.034356617070443275,27,16,21,19,3,0.41756214888300863,0.7836057112333086,17,0.6115850593093514,17,-0.2870482255328977,43
2025,2025_01_BAL_BUF,BUF,1,BAL,1.0,0.36782505533829934,0.41230078954850335,0.47683472074103267,-0.034356617070443275,0.2829049511005932,-0.06521739130434782,0.021739130434782608,0.75,0.19047619047619047,-0.6349791481196386,-0.03958106175109416,57,37,16,45,8,0.11383135778305542,0.2870482255328977,43,0.290079372677913,12,-0.7836057112333086,17
2025,2025_01_CAR_JAX,CAR,1,JAX,-16.0,-0.33813072730468746,-0.34644338578619766,-0.3609984178203787,-0.09287767065397923,-0.25637970842111807,-0.1388888888888889,0.027777777777777776,0.8,0.03333333333333333,-0.04852573403405355,-0.06723660250317892,40,26,20,35,9,-0.30439551546523014,-0.3756120785188549,31,0.05081826325113078,16,-0.11028255563172816,29
2025,2025_01_CAR_JAX,JAX,1,CAR,16.0,0.09771436409005854,0.04852573403405355,0.5317088562309129,0.06723660250317892,0.15245799652321054,-0.03333333333333333,0.0,0.88,0.1388888888888889,0.34644338578619766,0.09287767065397923,32,17,25,30,13,-0.5833291180695318,0.11028255563172816,29,0.24163382409799414,22,0.3756120785188549,31
2025,2025_01_CIN_CLE,CIN,1,CLE,1.0,-0.07058136686402354,0.12401994939338891,0.22200806016108882,-0.15991718883604028,-0.1088681477091735,-0.2692307692307692,0.11538461538461539,0.7142857142857143,0.10638297872340426,-0.011318143463423974,0.07797134687869048,28,18,21,23,5,-0.22873724937033071,0.18147114699868422,19,0.1373816199406667,15,-0.04486195244207105,42
2025,2025_01_CIN_CLE,CLE,1,CIN,-1.0,-0.03485192210251892,0.011318143463423974,-0.046683963047777985,-0.07797134687869048,-0.05120213650842474,-0.10638297872340426,0.0425531914893617,0.7142857142857143,0.2692307692307692,-0.12401994939338891,0.15991718883604028,49,33,21,45,12,0.17082393636922935,0.04486195244207105,42,0.16525500271236532,15,-0.18147114699868422,19
2025,2025_01_DAL_PHI,DAL,1,PHI,-4.0,0.02684738034324132,0.035861040830335755,0.1288166258235624,0.032262487119480605,0.03527811786923913,-0.030303030303030304,0.0,0.8947368421052632,0.20833333333333334,-0.1577152172077133,-0.0238921268464768,34,29,19,33,4,-0.6380669503705574,-0.01850341602617976,32,0.03803312845925333,17,-0.31974503094955387,19
2025,2025_01_DAL_PHI,PHI,1,DAL,4.0,0.25408993049550876,0.1577152172077133,0.2709523751204725,0.0238921268464768,0.1604501459603093,-0.20833333333333334,0.041666666666666664,0.7083333333333333,0.030303030303030304,-0.035861040830335755,-0.032262487119480605,35,15,24,23,8,-0.0546044538787101,0.31974503094955387,19,0.35670418469988613,17,0.01850341602617976,32
2025,2025_01_DET_GB,DET,1,GB,-14.0,0.031962275764993865,0.24339656904939397,0.46993370008801866,-0.2599585362768268,-0.06227778646096553,-0.18604651162790697,0.09302325581395349,0.7,0.09090909090909091,-0.457513375092303,0.07850179567599984,43,24,20,39,15,-0.11906284061240555,0.22598997769281517,35,0.009426681079535676,14,-0.6238178954702862,20
2025,2025_01_DET_GB,GB,1,DET,14.0,0.4796889709695677,0.457513375092303,0.5385739321743428,-0.07850179567599984,0.19962787307459193,-0.09090909090909091,0.0,0.7142857142857143,0.18604651162790697,-0.24339656904939397,0.2599585362768268,24,20,21,22,2,-0.35309219572809525,0.6238178954702862,20,0.1790636983855317,15,-0.22598997769281517,35
2025,2025_01_HOU_LA,HOU,1,LA,-5.0,-0.08459344564021942,-0.09376876404774415,0.13409826130648908,-0.23967134892120065,-0.13239190355484248,-0.23333333333333334,0.1,0.9047619047619048,0.1875,-0.27409371814152533,-0.014796584620949349,35,23,21,27,4,-1.4040041598345852,-0.2889438248464987,23,-0.19478237304812002,19,-0.2931158887692542,26
2025,2025_01_HOU_LA,LA,1,HOU,5.0,-0.05896409188383617,0.27409371814152533,0.40908720068866294,0.014796584620949349,-0.038391547581308444,-0.1875,0.09375,0.8947368421052632,0.23333333333333334,0.09376876404774415,0.23967134892120065,34,25,19,29,4,-0.5696155477780847,0.2931158887692542,26,0.12222672668491091,17,0.2889438248464987,23
2025,2025_01_KC_LAC,KC,1,LAC,-6.0,0.25512712941368976,0.17150287421257926,0.2532307943525313,0.2501600867428348,0.23562845326445903,-0.2,0.05,1.0,0.10810810810810811,-0.6369585875374574,0.022069349779701083,46,32,10,38,6,-0.2643793665338318,0.15353139324139256,32,0.2501600867428348,10,-0.66440381088838,33
2025,2025_01_KC_LAC,LAC,1,KC,6.0,0.46253665478241845,0.6369585875374574,0.6784638830664215,-0.022069349779701083,0.32007208407590587,-0.10810810810810811,0.08108108108108109,0.6875,0.2,-0.17150287421257926,-0.2501600867428348,41,31,16,34,3,0.20807053373816112,0.66440381088838,33,0.3507996731995519,11,-0.15353139324139256,32
2025,2025_01_LV_NE,LV,1,NE,7.0,0.37807597939386123,0.6066816038347496,0.683275002211224,-0.3403126518044807,0.11466681462113588,-0.21621621621621623,0.10810810810810811,0.5909090909090908,0.22,-0.0959572970304473,0.23539877570090983,38,31,22,33,2,-0.5805160710006021,0.645965318575418,29,-0.034580286986266244,13,-0.21021665675594334,39
2025,2025_01_LV_NE,NE,1,LV,-7.0,-0.02531548042890306,0.0959572970304473,0.32682618006864883,-0.23539877570090983,-0.0660757663609488,-0.22,0.08,0.7692307692307692,0.21621621621621623,-0.6066816038347496,0.3403126518044807,54,34,13,46,12,-0.5581712049111237,0.21021665675594334,39,0.05076472589862524,10,-0.645965318575418,29
2025,2025_01_MIA_IND,IND,1,MIA,25.0,0.45361748583553557,0.5075831688144399,0.44737815087413935,-0.007552302631077964,0.2645682559748228,-0.06666666666666667,0.03333333333333333,0.7741935483870968,0.17647058823529413,0.27366251944782055,-0.3281932923839316,37,26,31,29,3,1.0293599909637112,0.591731586108416,28,0.18898120990585696,24,0.24899569609676384,28
2025,2025_01_MIA_IND,MIA,1,IND,-25.0,-0.4721606761304425,-0.27366251944782055,-0.296793282027162,0.3281932923839316,-0.2852985041922099,-0.17647058823529413,0.08823529411764706,0.7777777777777778,0.06666666666666667,-0.5075831688144399,0.007552302631077964,36,24,9,31,7,-0.19435704774722154,-0.24899569609676384,28,0.6442097434441417,7,-0.591731586108416,28
2025,2025_01_MIN_CHI,CHI,1,MIN,-3.0,-0.009175840164597687,-0.13443490320273946,-0.10792697583287136,-0.20852179447983332,-0.07139121302123243,-0.10810810810810811,0.05405405405405406,0.7058823529411764,0.21739130434782608,0.24107606450072291,0.10941661764493073,43,28,17,35,7,-0.2404666126822119,-0.06475571429656245,33,0.054669598219334314,12,0.3819767488078238,18
2025,2025_01_MIN_CHI,MIN,1,CHI,3.0,-0.2617318917958053,-0.24107606450072291,-0.558298666318731,-0.10941661764493073,-0.18626943003657054,-0.21739130434782608,0.13043478260869565,0.782608695652174,0.10810810810810811,0.13443490320273946,0.20852179447983332,25,16,23,20,4,1.0278143427713096,-0.3819767488078238,18,0.09081576193178359,18,0.06475571429656245,33
2025,2025_01_NYG_WAS,NYG,1,WAS,-15.0,-0.19895141659626403,-0.23194439184763713,-0.005246053530135697,-0.3732656093857569,-0.24112420517436717,-0.20512820512820512,0.05128205128205128,0.5333333333333333,0.12121212121212122,-0.15673437711860286,-0.10956129776022845,47,25,15,37,12,-0.7042325966757651,-0.19871123281136097,31,0.08628846539068039,8,-0.07793271513896574,29
2025,2025_01_NYG_WAS,WAS,1,NYG,15.0,0.1676735148833284,0.15673437711860286,0.2490594345622222,0.10956129776022845,0.18565548716146713,-0.12121212121212122,0.09090909090909091,0.95,0.20512820512820512,0.23194439184763713,0.3732656093857569,41,25,20,30,5,-0.3048909100994939,0.07793271513896574,29,0.18295424842998678,19,0.19871123281136097,31
2025,2025_01_PIT_NYJ,NYJ,1,PIT,-2.0,0.41733536957799444,0.5764396376021483,0.7356157556402169,-0.003333239689364351,0.23037154323694606,-0.2608695652173913,0.043478260869565216,0.7857142857142857,0.20588235294117646,-0.5272391067651706,0.06194563930560095,35,17,28,22,5,0.03524083627271537,0.8620459179441885,17,0.22563669566304909,22,-0.6840041462423401,27
2025,2025_01_PIT_NYJ,PIT,1,NYJ,2.0,0.30013986028333584,0.5272391067651706,0.7226742662414485,-0.06194563930560095,0.17033562458164153,-0.20588235294117646,0.11764705882352941,0.6842105263157895,0.2608695652173913,-0.5764396376021483,0.003333239689364351,34,23,19,30,7,-0.11490498865688512,0.6840041462423401,27,0.12628773396583992,13,-0.8620459179441885,17
2025,2025_01_SF_SEA,SEA,1,SF,-4.0,-0.3679192874020228,-0.24635616392783116,-0.2023968296644757,-0.16686375092037706,-0.2653911860944444,-0.13043478260869565,0.043478260869565216,0.6818181818181819,0.2222222222222222,-0.432622883302413,0.20966629081897664,26,19,22,22,3,-0.5247652809290825,-0.2351316598533543,20,0.21618243244981084,15,-0.7649726543582015,28
2025,2025_01_SF_SEA,SF,1,SEA,4.0,0.3684794488563149,0.432622883302413,0.5007664928446245,-0.20966629081897664,0.1124434784286858,-0.2222222222222222,0.027777777777777776,0.7419354838709677,0.13043478260869565,0.24635616392783116,0.16686375092037706,39,20,31,35,15,0.34176473724613093,0.7649726543582015,28,0.09136101607810301,23,0.2351316598533543,20
2025,2025_01_TB_ATL,ATL,1,TB,-3.0,0.3242189493593474,0.2752785591386287,0.10591127139015462,-0.532041309831336,0.055108582185132676,-0.09302325581395349,0.023255813953488372,0.7272727272727273,0.06060606060606061,-0.18925247617525556,0.2904950414051522,48,35,22,42,7,1.122114997880999,0.23550272270414596,39,-0.11156411476986283,16,-0.20779632448768343,31
2025,2025_01_TB_ATL,TB,1,ATL,3.0,0.2789397833529796,0.18925247617525556,0.30916912183682443,-0.2904950414051522,0.11404061733898188,-0.06060606060606061,0.030303030303030304,0.8235294117647058,0.09302325581395349,-0.2752785591386287,0.532041309831336,37,25,17,32,7,-0.23902125833034762,0.20779632448768343,31,-0.1291608625407599,14,-0.23550272270414596,39
2025,2025_01_TEN_DEN,DEN,1,TEN,8.0,-0.22959667816530105,-0.06108826090517498,0.20750374195416,0.026619264197175717,-0.14790463857146788,-0.12195121951219512,0.024390243902439025,0.8636363636363636,0.4117647058823529,0.1329960252478487,0.49447281793352715,47,27,22,40,13,-0.6189331899207169,0.10462983479050705,36,0.18566140716919927,19,0.1709336169267775,20
2025,2025_01_TEN_DEN,TEN,1,DEN,-8.0,-0.39380760055258257,-0.1329960252478487,-0.1836203134419828,-0.49447281793352715,-0.4102946305332313,-0.4117647058823529,0.17647058823529413,0.85,0.12195121951219512,0.06108826090517498,-0.026619264197175717,34,24,20,28,4,0.17074970391695576,-0.1709336169267775,20,-0.4694783465677822,17,-0.10462983479050705,36
2025,2025_02_ATL_MIN,ATL,2,MIN,16.0,-0.3957658054988706,-0.18581782269009833,-0.17729375449437454,0.20327538304556095,-0.02861152864905771,-0.20833333333333334,0.125,0.868421052631579,0.3333333333333333,0.23663942023765547,0.05731488410050829,24,15,38,21,6,-0.2071279931794079,-0.11830437764606366,19,0.37492204887199754,33,0.14328027517790604,18
2025,2025_02_ATL_MIN,MIN,2,ATL,-16.0,-0.622122725786089,-0.23663942023765547,-0.22363753405437622,-0.05731488410050829,-0.45022468701221663,-0.3333333333333333,0.2222222222222222,0.8571428571428572,0.20833333333333334,0.18581782269009833,-0.20327538304556095,32,17,14,21,4,-0.2918974365165923,-0.14328027517790604,18,0.17072586342692364,12,0.11830437764606366,19
2025,2025_02_BUF_NYJ,BUF,2,NYJ,20.0,0.2624956191347152,0.02577538777441845,0.22639572437302757,0.12190239543590152,0.1977823571975365,-0.07142857142857142,0.03571428571428571,0.875,0.2692307692307692,-0.07941137016380448,0.29066165530336197,33,23,32,27,4,-1.127791547667584,0.03947857886791754,26,0.3035364689920764,28,-0.22453799011724923,19
2025,2025_02_BUF_NYJ,NYJ,2,BUF,-20.0,-0.26459680382778666,0.07941137016380448,0.30204016388077914,-0.29066165530336197,-0.2953253710950091,-0.2692307692307692,0.15384615384615385,0.75,0.07142857142857142,-0.02577538777441845,-0.12190239543590152,34,14,12,22,8,-0.3101890188409012,0.22453799011724923,19,-0.05691023300945133,9,-0.03947857886791754,26
2025,2025_02_CAR_ARI,ARI,2,CAR,5.0,0.20397496815252042,0.3362637746360584,0.6587776117537734,-0.05440299451094293,0.12701131969957385,-0.15384615384615385,0.038461538461538464,0.9285714285714286,0.1724137931034483,-0.22152294852464005,0.20586565046524655,33,18,14,25,7,-0.4930575208094944,0.42771156606914906,22,0.01430031381036039,13,-0.18556285632730626,48
2025,2025_02_CAR_ARI,CAR,2,ARI,-5.0,0.04765632404280892,0.22152294852464005,0.2245130678663398,-0.20586565046524655,-0.018261211651571106,-0.1724137931034483,0.05172413793103448,0.7222222222222222,0.15384615384615385,-0.3362637746360584,0.05440299451094293,59,45,18,55,10,0.2080674114869913,0.18556285632730626,48,0.06606883352371619,13,-0.42771156606914906,22
2025,2025_02_CHI_DET,CHI,2,DET,-31.0,-0.09269236304548505,0.19995711743037928,0.31333502745191205,-0.3904049340421091,-0.16596288634354994,-0.10810810810810811,0.10810810810810811,0.8947368421052632,0.14285714285714285,-0.8608364394316428,0.05318293859622513,44,27,19,33,6,-0.31024347766651816,0.19995711743037928,33,-0.3443248640191195,17,-0.8504296932664556,24
2025,2025_02_CHI_DET,DET,2,CHI,31.0,0.8131068144766741,0.8608364394316428,1.0378077939147066,-0.05318293859622513,0.40949023790671385,-0.14285714285714285,0.0,0.8461538461538461,0.10810810810810811,-0.19995711743037928,0.3904049340421091,29,24,26,28,4,-0.20099168746673968,0.8504296932664556,24,0.172791040022275,22,-0.19995711743037928,33
2025,2025_02_CLE_BAL,BAL,2,CLE,24.0,0.29951452715702026,0.4897276493081806,0.6422124555594492,-0.3122762573891257,0.1249088551197405,-0.125,0.09375,0.7142857142857143,0.18,0.2925356085031462,-0.10498349187837464,34,25,14,29,4,-0.46330238976224836,0.4174137869104923,28,-0.06650018515065322,10,0.04572509840477577,41
2025,2025_02_CLE_BAL,CLE,2,BAL,-24.0,-0.4308480804980142,-0.2925356085031462,-0.19962699955956048,0.10498349187837464,-0.26294704133987695,-0.18,0.04,0.85,0.125,-0.4897276493081806,0.3122762573891257,51,29,20,48,19,-0.43434348531177697,-0.04572509840477577,41,0.26229817842420977,17,-0.4174137869104923,28
2025,2025_02_DEN_IND,DEN,2,IND,-1.0,0.2865530938572331,0.2781781163306155,0.20686234223914735,0.011939685113611515,0.1918209873637267,0.0,0.0,0.8,0.17142857142857143,-0.3649479371257187,-0.1215149452362739,33,24,20,30,6,0.5634412126964881,0.2781781163306155,30,0.19632901300792574,16,-0.5247839320964914,29
2025,2025_02_DEN_IND,IND,2,DEN,1.0,0.2561175626134401,0.3649479371257187,0.3325951684037437,0.1215149452362739,0.15012470650069618,-0.17142857142857143,0.02857142857142857,0.92,0.0,-0.2781781163306155,-0.011939685113611515,41,30,25,34,4,0.6075937025405311,0.5247839320964914,29,0.2033515381892585,23,-0.2781781163306155,30
2025,2025_02_JAX_CIN,CIN,2,JAX,4.0,0.01453380095864034,0.06678174138013655,0.04615470001382477,-0.07362161004675698,-0.007165992519611325,-0.1875,0.0625,0.875,0.09302325581395349,-0.12452802323532865,-0.0799128950287317,49,40,16,45,5,0.23179807231063085,0.26359159446209635,39,0.025422338215451656,14,-0.2874725501428435,39
2025,2025_02_JAX_CIN,JAX,2,CIN,-4.0,0.08396609537070808,0.12452802323532865,0.17090459689857312,0.0799128950287317,0.09293807758550683,-0.09302325581395349,0.023255813953488372,0.9583333333333334,0.1875,-0.06678174138013655,0.07362161004675698,45,30,24,42,12,0.008586589077217432,0.2874725501428435,39,0.1341059915189957,23,-0.26359159446209635,39
2025,2025_02_LAC_LV,LAC,2,LV,11.0,0.11764155659520743,0.4662436387727606,0.5459450060523985,-0.2647376813387709,-0.020255894486863008,-0.10344827586206896,0.06896551724137931,0.6875,0.10869565217391304,0.3581429033756247,0.29334702664234025,36,23,16,27,4,0.007960776914842427,0.43419227115469805,26,0.16513834417458967,11,0.3501220410183744,41
2025,2025_02_LAC_LV,LV,2,LAC,-11.0,-0.4310198484228291,-0.3581429033756247,-0.3543414868986205,-0.29334702664234025,-0.39188326173300536,-0.10869565217391304,0.06521739130434782,0.6923076923076923,0.10344827586206896,-0.4662436387727606,0.2647376813387709,51,34,13,43,9,-0.37250381006652944,-0.3501220410183744,41,0.14945504022762193,9,-0.43419227115469805,26
2025,2025_02_LA_TEN,LA,2,TEN,14.0,0.28764619381255785,0.34398577030896055,0.41519310078614435,0.16240407207673824,0.34340160106030854,-0.17647058823529413,0.029411764705882353,0.9090909090909091,0.23684210526315788,-0.1296062762449022,0.03740516706862705,34,30,22,33,3,-0.36808753446287784,0.4035506827560487,28,0.27822885420173393,20,-0.062420550567856434,29
2025,2025_02_LA_TEN,TEN,2,LA,-14.0,-0.16266745695278853,0.1296062762449022,0.21833780553225837,-0.03740516706862705,-0.12371082812978199,-0.23684210526315788,0.13157894736842105,0.95,0.17647058823529413,-0.34398577030896055,-0.16240407207673824,42,30,20,33,3,-0.7577090166286595,0.062420550567856434,29,0.005803863723524769,19,-0.4035506827560487,28
2025,2025_02_NE_MIA,MIA,2,NE,-6.0,0.26843593250532516,0.5116596050999895,0.6535909709667691,-0.18553816026542388,0.169882718400781,-0.1891891891891892,0.13513513513513514,0.6666666666666667,0.11538461538461539,-0.8478568583954385,-0.06171103667220965,37,19,12,32,13,0.30422145498700404,0.4994204587620479,30,0.08303496145526873,8,-0.8478568583954385,23
2025,2025_02_NE_MIA,NE,2,MIA,6.0,0.5149607467778887,0.8478568583954385,0.6373123658851622,0.06171103667220965,0.3439231203229155,-0.11538461538461539,0.11538461538461539,0.95,0.1891891891891892,-0.5116596050999895,0.18553816026542388,33,15,20,23,8,1.2426277818522065,0.8478568583954385,23,0.14558601246053596,19,-0.4994204587620479,30
2025,2025_02_NYG_DAL,DAL,2,NYG,3.0,0.151065682988103,0.2837412611076546,0.3852292220900107,0.09682138912187954,0.1336964227637166,-0.12727272727272726,0.05454545454545454,0.8260869565217391,0.1590909090909091,-0.5366705701113362,0.12089244725853768,58,43,23,52,9,-0.20114566358582447,0.31968774461226235,48,0.2580396549724795,19,-0.754295223074817,37
2025,2025_02_NYG_DAL,NYG,2,DAL,-3.0,0.3430114477160213,0.5366705701113362,0.8482790875339374,-0.12089244725853768,0.22168273672267513,-0.1590909090909091,0.06818181818181818,0.8235294117647058,0.12727272727272726,-0.2837412611076546,-0.09682138912187954,48,31,17,41,10,-0.4293158338987276,0.754295223074817,37,0.04115097452969574,14,-0.31968774461226235,48
2025,2025_02_PHI_KC,KC,2,PHI,-3.0,-0.019594961384745865,-0.12198396854841213,-0.026733636325224984,-0.3666921112394172,-0.135294011336303,-0.2903225806451613,0.06451612903225806,0.7894736842105263,0.16666666666666666,0.12059810186360226,-0.05843964998377461,38,25,19,29,4,-0.7172985449433318,0.10821075098779603,22,-0.04690422633841835,15,0.05192087686154965,20
2025,2025_02_PHI_KC,PHI,2,KC,3.0,-0.05460739518564314,-0.12059810186360226,-0.08354683856938942,0.05843964998377461,-0.004139964306438827,-0.16666666666666666,0.08333333333333333,0.84,0.2903225806451613,0.12198396854841213,0.3666921112394172,31,19,25,22,3,-0.3552561027269503,-0.05192087686154965,20,0.19436290906187836,21,-0.10821075098779603,22
2025,2025_02_SEA_PIT,PIT,2,SEA,-14.0,-0.22210374570918615,-0.12091039757108758,-0.2597912013492168,-0.15234969042358001,-0.1980506231969082,-0.1891891891891892,0.08108108108108109,0.9,0.22857142857142856,-0.17684780314968784,-0.0073921268090737235,38,21,20,34,13,0.1034355162243519,-0.09426895793434169,30,-0.07838617386167059,18,-0.1038280654497059,27
2025,2025_02_SEA_PIT,SEA,2,PIT,14.0,0.08154463132619001,0.17684780314968784,0.2892143148120082,0.0073921268090737235,0.07425628441474208,-0.22857142857142856,0.05714285714285714,0.6785714285714286,0.1891891891891892,0.12091039757108758,0.15234969042358001,35,29,28,33,4,-0.6378094064021349,0.1038280654497059,27,0.33020675222475154,19,0.09426895793434169,30
2025,2025_02_SF_NO,NO,2,SF,-5.0,-0.09325044142114448,-0.015608369902793592,0.252164901485179,-0.05362887233450935,-0.07787490714871892,-0.13513513513513514,0.08108108108108109,0.7692307692307692,0.14634146341463414,-0.3058221733546203,-0.04091815373210801,41,27,26,34,7,-1.048448130970688,-0.030061316863793534,32,0.14113778524333626,20,-0.35221258405256756,35
2025,2025_02_SF_NO,SF,2,NO,5.0,0.0803960954500042,0.3058221733546203,0.2412987991398235,0.04091815373210801,0.04780100033472966,-0.14634146341463414,0.07317073170731707,0.7894736842105263,0.13513513513513514,0.015608369902793592,0.05362887233450935,44,29,19,38,9,0.513730823602299,0.35221258405256756,35,0.2662907178125653,15,0.030061316863793534,32
2025,2025_02_TB_HOU,HOU,2,TB,-1.0,-0.05485191711154188,0.11914380885467375,-0.04678398059924654,-0.02769734424461327,-0.045800392822565705,-0.18518518518518517,0.1111111111111111,0.6666666666666667,0.16666666666666666,-0.2022180823786967,-0.19180230972684775,30,20,15,24,4,0.9487827561242752,0.24543398201926142,22,0.3204898370953738,10,-0.21894484920760335,35
2025,2025_02_TB_HOU,TB,2,HOU,1.0,0.12437218400546649,0.2022180823786967,0.25873143596234377,0.19180230972684775,0.1496584811509845,-0.16666666666666666,0.09523809523809523,0.8888888888888888,0.18518518518518517,-0.11914380885467375,0.02769734424461327,45,28,27,38,10,0.04398069234448485,0.21894484920760335,35,0.30581972130554885,24,-0.24543398201926142,22
2025,2025_02_WAS_GB,GB,2,WAS,9.0,0.2618052749004442,0.3161853961421366,0.668735684558709,-0.08704325533700132,0.16102400712476658,-0.09090909090909091,0.06060606060606061,0.9565217391304348,0.2222222222222222,0.07134213252818467,0.035413447883911764,34,23,23,31,8,-0.6973966830555092,0.3435691761590363,30,-0.05781104338636198,22,0.11187282946184769,35
2025,2025_02_WAS_GB,WAS,2,GB,-9.0,-0.21495730981959268,-0.07134213252818467,0.03432232881406085,-0.035413447883911764,-0.1812928357066525,-0.2222222222222222,0.08888888888888889,0.75,0.09090909090909091,-0.3161853961421366,0.08704325533700132,52,35,12,41,6,-0.6877181570246168,-0.11187282946184769,35,0.30303913160848084,9,-0.3435691761590363,30
2025,2025_03_ARI_SF,ARI,3,SF,-1.0,0.047273330221060006,-0.012416201589972444,0.2540951075684282,-0.1286505776820594,-0.011040268516559554,-0.1111111111111111,0.027777777777777776,0.7142857142857143,0.1951219512195122,-0.08283468110218964,0.2580882336202959,42,25,21,35,10,-0.678694474485974,0.12294179311042809,32,0.19899150969771023,15,-0.11198604474331042,33
2025,2025_03_ARI_SF,SF,3,ARI,1.0,0.038703978097678164,0.08283468110218964,0.2673593069286491,-0.2580882336202959,-0.05528022227968026,-0.1951219512195122,0.024390243902439025,0.736842105263158,0.1111111111111111,0.012416201589972444,0.1286505776820594,41,22,19,40,18,-0.14269541713014972,0.11198604474331042,33,-0.0414397997706795,14,-0.12294179311042809,32
2025,2025_03_ATL_CAR,ATL,3,CAR,-30.0,-0.5007859013723875,-0.5080961368412346,-0.4516332087781005,0.007369192782789448,-0.33910018959574034,-0.046511627906976744,0.0,1.0,0.12,0.01282938169883927,-0.014156667170701187,45,33,21,43,10,-0.6944237994495772,-0.49073049263184154,41,0.007369192782789448,21,-0.04018962474512374,22
2025,2025_03_ATL_CAR,CAR,3,ATL,30.0,-0.03206976186029414,-0.01282938169883927,0.007687226318684686,0.014156667170701187,-0.008956547344796454,-0.12,0.04,0.8518518518518519,0.046511627906976744,0.5080961368412346,-0.007369192782789448,27,20,27,24,4,-0.11541242178645905,0.04018962474512374,22,0.14607714801146038,23,0.49073049263184154,41
2025,2025_03_CIN_MIN,CIN,3,MIN,-38.0,-1.0523752598587737,-0.9779201611532753,-0.6787252642548453,-0.4188647552080895,-0.7874375241005502,-0.3225806451612903,0.12903225806451613,0.6842105263157895,0.14814814814814814,-0.42991199166667843,-0.1202459230874503,32,21,19,27,6,-2.0251023002977804,-0.6518833082324504,21,-0.2154458976986534,13,-0.49950276241163527,23
2025,2025_03_CIN_MIN,MIN,3,CIN,38.0,0.12187170689956534,0.42991199166667843,0.5840839958828942,0.1202459230874503,0.12105881499350778,-0.14814814814814814,0.1111111111111111,0.896551724137931,0.3225806451612903,0.9779201611532753,0.4188647552080895,29,22,29,24,2,-1.2659800547116955,0.49950276241163527,23,0.23391320684682937,26,0.6518833082324504,21
2025,2025_03_DAL_CHI,CHI,3,DAL,17.0,0.5751926668542218,0.642127668879403,0.7378592700436822,-0.10470476274770713,0.3017187412359374,-0.03571428571428571,0.0,0.736842105263158,0.14893617021276595,-0.0036406606969642537,-0.0054016173572134975,31,23,19,28,5,0.2017623035237186,0.6838289722147043,27,0.21726205423640624,14,0.03740789408726719,40
2025,2025_03_DAL_CHI,DAL,3,CHI,-17.0,-0.07820394922365782,0.0036406606969642537,0.0520977777575287,0.0054016173572134975,-0.055828452015357355,-0.14893617021276595,0.0425531914893617,1.0,0.03571428571428571,-0.642127668879403,0.10470476274770713,47,36,19,45,9,-0.19018780754529352,-0.03740789408726719,40,0.0054016173572134975,19,-0.6838289722147043,27
2025,2025_03_DEN_LAC,DEN,3,LAC,-3.0,-0.08890689600760886,0.011782914416744878,0.2944634929142471,0.06551442582769168,-0.04619461549997259,-0.18518518518518517,0.07407407407407407,0.6923076923076923,0.2692307692307692,-0.15569309512299648,0.038028753047110515,34,18,13,25,7,-0.7151100017196894,0.10362730783036964,22,0.4988101411015824,9,-0.16347560374608783,38
2025,2025_03_DEN_LAC,LAC,3,DEN,3.0,-0.033057726056034104,0.15569309512299648,0.1730869286878395,-0.038028753047110515,-0.038644879167485775,-0.2692307692307692,0.09615384615384616,0.8,0.18518518518518517,-0.011782914416744878,-0.06551442582769168,54,38,25,47,9,0.0822524645158814,0.16347560374608783,38,0.13026674084103426,20,-0.10362730783036964,22
2025,2025_03_DET_BAL,BAL,3,DET,-8.0,0.24637693108786363,0.8070245250294514,0.9382286248273093,-0.47069327874245004,0.08702799557001617,-0.2,0.2,0.6666666666666667,0.21428571428571427,-0.5089237984448919,-0.3611761365994907,42,23,12,28,5,0.20348566595930534,0.8070245250294514,28,0.454830189944914,8,-0.6593442426331667,22
2025,2025_03_DET_BAL,DET,3,BAL,8.0,0.42538695321533543,0.5089237984448919,0.791259521958276,0.3611761365994907,0.3917997568316629,-0.21428571428571427,0.0,0.8529411764705882,0.2,-0.8070245250294514,0.47069327874245004,31,19,34,28,9,-0.08711828452780779,0.6593442426331667,22,0.5747756346134903,29,-0.8070245250294514,28
2025,2025_03_GB_CLE,CLE,3,GB,3.0,-0.2479622343132214,-0.13366112662266316,-0.020103374072977867,0.03599174087790555,-0.1516207070162319,-0.2702702702702703,0.05405405405405406,0.9473684210526316,0.16666666666666666,-0.32530683054313597,0.15691902931526447,37,26,19,35,9,-0.46171685621064296,-0.049607588421741726,27,0.08306382531736745,18,-0.32530683054313597,25
2025,2025_03_GB_CLE,GB,3,CLE,-3.0,0.016726008605483858,0.32530683054313597,0.5105833681802987,-0.15691902931526447,-0.07903598365834237,-0.16666666666666666,0.16666666666666666,0.7727272727272727,0.2702702702702703,0.13366112662266316,-0.03599174087790555,33,16,22,25,9,-0.00407368081181995,0.32530683054313597,25,-0.025611832164622254,17,0.049607588421741726,27
2025,2025_03_HOU_JAX,HOU,3,JAX,-7.0,-0.18833467162077416,-0.12837447150656459,-0.05745867225760823,-0.2588351434368329,-0.20688742736184218,-0.1282051282051282,0.05128205128205128,1.0,0.09523809523809523,0.17698938532196065,0.12221524367426483,42,30,15,37,7,-0.4322993254306633,-0.10267100277701406,34,-0.2588351434368329,15,0.16591274958201033,38
2025,2025_03_HOU_JAX,JAX,3,HOU,7.0,-0.18426590279453223,-0.17698938532196065,-0.14476442801517656,-0.12221524367426483,-0.16326414124613403,-0.09523809523809523,0.047619047619047616,0.8636363636363636,0.1282051282051282,0.12837447150656459,0.2588351434368329,43,32,22,40,8,-0.305889214549097,-0.16591274958201033,38,-0.005915620724278957,19,0.10267100277701406,34
2025,2025_03_IND_TEN,IND,3,TEN,21.0,0.5812237888618987,0.43274560588944655,0.5570917807449804,0.11229720008016639,0.3936531533492058,-0.08,0.0,0.95,0.16666666666666666,0.1814200243252086,-0.04406567168512541,30,21,20,25,4,-0.2200718121021068,0.393253212971815,23,0.14575070954937272,19,0.047227362394213886,35
2025,2025_03_IND_TEN,TEN,3,IND,-21.0,-0.25160765200604596,-0.1814200243252086,0.20448811292090113,0.04406567168512541,-0.17245561312711896,-0.16666666666666666,0.09523809523809523,0.8333333333333334,0.08,-0.43274560588944655,-0.11229720008016639,45,30,18,38,8,-1.62857553899812,-0.047227362394213886,35,0.2197532427109151,15,-0.393253212971815,23
2025,2025_03_KC_NYG,KC,3,NYG,13.0,0.19275256973292312,0.29722861467783535,0.3254689229469426,0.0518636219481281,0.1513525659311651,-0.23076923076923078,0.05128205128205128,0.8636363636363636,0.2647058823529412,0.37678890049028274,-0.11126780533231823,41,32,22,37,5,0.11649064175554927,0.3423339475364867,30,0.16978876176443392,19,0.17626394616672753,25
2025,2025_03_KC_NYG,NYG,3,KC,-13.0,-0.43918659544039923,-0.37678890049028274,-0.40298524882497405,0.11126780533231823,-0.2496859000924146,-0.2647058823529412,0.058823529411764705,0.8571428571428572,0.23076923076923078,-0.29722861467783535,-0.0518636219481281,40,19,21,32,13,-0.33850192984727234,-0.17626394616672753,25,0.25056345094667987,18,-0.3423339475364867,30
2025,2025_03_LA_PHI,LA,3,PHI,-7.0,-0.15610666502132914,-0.1049547319546879,-0.09887280841790691,0.006204858919777711,-0.07952667208885701,-0.2,0.02857142857142857,0.8571428571428572,0.1111111111111111,-0.35498650713088853,0.26130648253213923,35,30,28,34,4,-0.1505691584805453,-0.06295128830857426,28,0.2359579818883862,24,-0.35498650713088853,32
2025,2025_03_LA_PHI,PHI,3,LA,7.0,0.1522450161216759,0.35498650713088853,0.602486588524189,-0.26130648253213923,0.032181677802826325,-0.1111111111111111,0.1111111111111111,0.7222222222222222,0.2,0.1049547319546879,-0.006204858919777711,44,25,18,32,7,-0.5289423549880417,0.35498650713088853,32,-0.05391147580051503,13,0.06295128830857426,28
2025,2025_03_LV_WAS,LV,3,WAS,-17.0,0.422142747233415,0.6206430868117202,0.8580498157146698,-0.5029014981818535,0.02899403525733694,-0.2647058823529412,0.14705882352941177,0.6923076923076923,0.14285714285714285,-0.614574332990643,-0.23201430064332465,36,24,26,29,5,-0.5189092119224377,0.7706863461295141,25,-0.13694804604812033,18,-0.47873208276470236,18
2025,2025_03_LV_WAS,WAS,3,LV,17.0,0.3285649368710133,0.614574332990643,0.9288393717980467,0.23201430064332465,0.2802268965676272,-0.14285714285714285,0.047619047619047616,0.8260869565217391,0.2647058823529412,-0.6206430868117202,0.5029014981818535,27,17,23,20,3,-1.1662608869179774,0.47873208276470236,18,0.4064387995473989,19,-0.7706863461295141,25
2025,2025_03_MIA_BUF,BUF,3,MIA,10.0,0.37359312536966716,0.4256601762774935,0.6775539616882317,0.12888094458189317,0.2772775162637866,-0.06666666666666667,0.06666666666666667,0.8636363636363636,0.029411764705882353,-0.004336495231494519,-0.11312716643026677,34,21,22,28,7,-0.3300211799547212,0.4256601762774935,28,0.22990775408566427,19,-0.015019452111146267,33
2025,2025_03_MIA_BUF,MIA,3,BUF,-10.0,0.01222625857432507,0.004336495231494519,0.22020327616579946,0.11312716643026677,0.05354211520170798,-0.029411764705882353,0.0,0.9047619047619048,0.06666666666666667,-0.4256601762774935,-0.12888094458189317,36,24,21,34,10,-0.5137437790108373,0.015019452111146267,33,0.22269336303916654,19,-0.4256601762774935,28
2025,2025_03_NO_SEA,NO,3,SEA,-31.0,-0.00733955705839114,0.010073066809855062,0.034816767342468975,-0.32040973438881315,-0.11915033467639903,-0.16279069767441862,0.046511627906976744,0.76,0.09523809523809523,-0.7654291571159627,0.26259542891244986,45,37,25,41,4,-0.21880616311682366,-0.13245537009614877,36,-0.03763114363812885,19,-0.9436813382208233,19
2025,2025_03_NO_SEA,SEA,3,NO,31.0,0.710142689980101,0.7654291571159627,0.9607330059560895,-0.26259542891244986,0.14118265817502423,-0.09523809523809523,0.0,0.7741935483870968,0.16279069767441862,-0.010073066809855062,0.32040973438881315,22,17,31,21,4,-0.06461220045457594,0.9436813382208233,19,0.013318562666730182,24,0.13245537009614877,36
2025,2025_03_NYJ_TB,NYJ,3,TB,-2.0,-0.12147713559223178,-0.011877233157187916,-0.049252162840097466,-0.38025045735218266,-0.185109919631564,-0.2564102564102564,0.10256410256410256,0.7333333333333334,0.06666666666666667,-0.3387612977284244,0.41997215973233903,46,27,15,35,8,0.1142631545226318,-0.0726865920583272,29,0.013484982514373129,11,-0.3945202908356354,28
2025,2025_03_NYJ_TB,TB,3,NYJ,2.0,0.41543987569715973,0.3387612977284244,0.39084355269251825,-0.41997215973233903,0.01762462073073171,-0.06666666666666667,0.03333333333333333,0.7,0.2564102564102564,0.011877233157187916,0.38025045735218266,33,24,30,29,5,0.08876647390077394,0.3945202908356354,28,-0.18958382248253733,21,0.0726865920583272,29
2025,2025_03_PIT_NE,NE,3,PIT,-7.0,0.07446502885788356,0.31773547685903336,0.3092851536765615,-0.6740316531239926,-0.15746352048861326,-0.19047619047619047,0.11904761904761904,0.9090909090909091,0.13043478260869565,-0.008408910840364542,0.10125746940850004,49,30,22,37,7,0.35395114764105556,0.3624936238253105,34,-0.4154017607565038,20,-0.40557028564508046,20
2025,2025_03_PIT_NE,PIT,3,NE,7.0,-0.007028010700499983,0.008408910840364542,0.044994178546281384,-0.10125746940850004,-0.05209427356084786,-0.13043478260869565,0.0,0.7272727272727273,0.19047619047619047,-0.31773547685903336,0.6740316531239926,24,15,22,23,8,-0.06018846610822953,0.40557028564508046,20,0.24756947533933274,16,-0.3624936238253105,34
2025,2025_04_BAL_KC,BAL,4,KC,-17.0,-0.19724566672794,-0.13307093475349316,0.030427534375724603,0.4518811809618705,-0.06252122664137556,-0.25,0.08333333333333333,0.9090909090909091,0.07894736842105263,-0.45821375029278305,0.035000061194295835,42,21,11,33,12,-0.41919325572962424,0.15481820802906832,27,0.7123037751531225,10,-0.47047510643619717,35
2025,2025_04_BAL_KC,KC,4,BAL,17.0,0.3243566361164226,0.45821375029278305,0.5516770364954109,-0.035000061194295835,0.23060424059340304,-0.07894736842105263,0.02631578947368421,0.9166666666666666,0.25,0.13307093475349316,-0.4518811809618705,42,27,24,37,10,0.20586287754568797,0.47047510643619717,35,0.04441444189499412,22,-0.15481820802906832,27
2025,2025_04_CAR_NE,CAR,4,NE,-29.0,0.04272516491855357,0.09325410838014464,0.33782259094689343,-0.16311717268231793,-0.024340105037695833,-0.10810810810810811,0.02702702702702703,0.7692307692307692,0.05263157894736842,-1.051647885768842,0.05165791537596767,38,28,26,36,8,-0.7627355806034761,0.23087510859264257,33,0.08494019912614019,20,-1.051647885768842,18
2025,2025_04_CAR_NE,NE,4,CAR,29.0,0.8828346157533811,1.051647885768842,1.3182368744642836,-0.05165791537596767,0.3920487745199352,-0.05263157894736842,0.05263157894736842,0.9090909090909091,0.10810810810810811,-0.09325410838014464,0.16311717268231793,22,14,22,18,4,0.11858642533479635,1.051647885768842,18,-0.0322443076685882,20,-0.23087510859264257,33
2025,2025_04_CHI_LV,CHI,4,LV,1.0,-0.1279394522912565,0.05195453678252244,0.08328635284414226,-0.05623833171570177,-0.10745341784109796,-0.05263157894736842,0.02631578947368421,0.7222222222222222,0.05,0.4801091761875888,-0.018260548791010908,45,30,18,37,7,-0.08232467491013394,0.10328363243872837,36,0.2589446011563551,13,0.5140398652869218,19
2025,2025_04_CHI_LV,LV,4,CHI,-1.0,-0.39400424170360154,-0.4801091761875888,-0.8036123514545745,0.018260548791010908,-0.1957607227575903,-0.05,0.0,0.6799999999999999,0.05263157894736842,-0.05195453678252244,0.05623833171570177,24,17,25,20,3,1.3530754836586638,-0.5140398652869218,19,0.6711062788929079,17,-0.10328363243872837,36
2025,2025_04_CIN_DEN,CIN,4,DEN,-25.0,-0.32609391234790414,-0.2684930132587267,-0.2017357500317627,-0.09389576222218401,-0.2563648635905046,-0.17857142857142858,0.10714285714285714,1.0,0.023809523809523808,-0.31618562376353937,-0.00701415807481931,30,18,11,25,7,-0.44015454727091996,-0.17214740399522427,23,-0.09389576222218401,11,-0.31197325475641713,41
2025,2025_04_CIN_DEN,DEN,4,CIN,25.0,0.3265898470158897,0.31618562376353937,0.2559162537089674,0.00701415807481931,0.22374861138304336,-0.023809523809523808,0.0,0.935483870967742,0.17857142857142858,0.2684930132587267,0.09389576222218401,45,34,31,42,8,0.5723304464954702,0.31197325475641713,41,0.11334951346788304,29,0.17214740399522427,23
2025,2025_04_CLE_DET,CLE,4,DET,-24.0,-0.5685658664625797,-0.4012365351424239,-0.4279965449943558,0.0005930524860996796,-0.3630427129297361,-0.2631578947368421,0.07894736842105263,0.782608695652174,0.18518518518518517,0.037855901723718235,0.18463308272028128,40,27,23,35,8,-0.31092150189215384,-0.1807689574011691,28,0.20576000232378866,18,-0.10129632625848521,22
2025,2025_04_CLE_DET,DET,4,CLE,24.0,-0.037855901723718235,-0.037855901723718235,0.16947432933029274,-0.18463308272028128,-0.12780117351946363,-0.18518518518518517,0.0,0.7692307692307692,0.2631578947368421,0.4012365351424239,-0.0005930524860996796,27,22,26,27,5,-0.9501089183613665,0.10129632625848521,22,0.0038821640977400374,20,0.1807689574011691,28
2025,2025_04_GB_DAL,DAL,4,GB,0.0,0.5682799721031795,0.5859165361522629,0.8033473997111286,-0.029285543688076517,0.3580656074350035,-0.12195121951219512,0.024390243902439025,0.9130434782608696,0.11363636363636363,-0.5648287826292697,-0.08018264428052745,42,32,23,40,8,-0.28380691808319947,0.5131614288863807,36,0.08148796584767624,21,-0.6782157735656401,39
2025,2025_04_GB_DAL,GB,4,DAL,-0.0,0.5253350047315415,0.5648287826292697,0.6973202578847643,0.08018264428052745,0.3413296651202161,-0.11363636363636363,0.022727272727272728,0.8666666666666667,0.12195121951219512,-0.5859165361522629,0.029285543688076517,46,28,30,43,15,0.31751136215234654,0.6782157735656401,39,0.22553330622479117,26,-0.5131614288863807,36
2025,2025_04_IND_LA,IND,4,LA,-7.0,-0.10325084947844688,-0.034103705175892396,0.08608310338060352,-0.22421404097573916,-0.09276769388046643,-0.22857142857142856,0.05714285714285714,0.8823529411764706,0.20930232558139536,-0.457682382371273,0.24149539554983449,35,26,17,33,7,-0.48051185124287715,-0.08906458679806685,27,-0.16404957134527554,15,-0.4799261079519013,34
2025,2025_04_IND_LA,LA,4,IND,7.0,0.2395044861612292,0.457682382371273,0.6786865573947534,-0.24149539554983449,0.08156422649490978,-0.20930232558139536,0.06976744186046512,0.8181818181818181,0.22857142857142856,0.034103705175892396,0.22421404097573916,45,32,22,40,8,-0.4263343177226484,0.4799261079519013,34,0.20797537815699302,18,0.08906458679806685,27
2025,2025_04_JAX_SF,JAX,4,SF,5.0,0.2513347414458333,0.2098601313982158,0.17491266492040558,-0.10039408972901938,0.09526594224266714,0.0,0.0,0.782608695652174,0.10256410256410256,-0.0392606783887501,0.18538578071059997,34,21,23,30,9,0.29140421984643966,0.2098601313982158,30,0.21562513386339097,18,-0.11794852871375487,35
2025,2025_04_JAX_SF,SF,4,JAX,-5.0,-0.03468470302352909,0.0392606783887501,0.0385562139689807,-0.18538578071059997,-0.08731047618409349,-0.10256410256410256,0.02564102564102564,0.8636363636363636,0.0,-0.2098601313982158,0.10039408972901938,41,23,22,38,15,0.04034085716572985,0.11794852871375487,35,-0.07691825657016842,19,-0.2098601313982158,30
2025,2025_04_LAC_NYG,LAC,4,NYG,-3.0,-0.4039239006189776,-0.45044657966028645,-0.4811823312393242,0.599976508072965,-0.16701637772560413,-0.27906976744186046,0.046511627906976744,0.9166666666666666,0.2962962962962963,-0.0935598227835175,0.12727548802883917,44,32,12,41,9,-0.3411639073792634,-0.1954518107907665,31,0.7521998739314518,11,-0.15392993823833506,19
2025,2025_04_LAC_NYG,NYG,4,LAC,3.0,-0.16138829536553498,0.0935598227835175,0.141702320504313,-0.12727548802883917,-0.14530654333537837,-0.2962962962962963,0.2222222222222222,0.8181818181818181,0.27906976744186046,0.45044657966028645,-0.599976508072965,37,18,33,21,3,-0.19529516354125556,0.15392993823833506,19,0.025137810007979454,27,0.1954518107907665,31
2025,2025_04_MIN_PIT,MIN,4,PIT,-3.0,0.07137749346441107,0.24139425755452626,0.4428455402807999,-0.09128100432604334,0.030140127827394468,-0.2549019607843137,0.11764705882352941,0.7222222222222222,0.125,-0.31435834310071537,-0.15956626736218718,53,31,18,45,14,-0.20467643991079396,0.2866765095202845,38,0.23869541134291253,13,-0.31379932061515214,21
2025,2025_04_MIN_PIT,PIT,4,MIN,3.0,0.23944068276817915,0.31435834310071537,0.5717153629034354,0.15956626736218718,0.19872039256120286,-0.125,0.08333333333333333,0.8846153846153846,0.2549019607843137,-0.24139425755452626,0.09128100432604334,25,15,26,22,7,-0.23712098504797044,0.31379932061515214,21,0.28929233386778597,23,-0.2866765095202845,38
2025,2025_04_NO_BUF,BUF,4,NO,12.0,0.32868645166290844,0.3927868389438134,0.5244716453325075,0.06399323511626184,0.19637072308012207,-0.28,0.12,0.9166666666666666,0.16129032258064516,0.3017838305043684,-0.03799505323083932,29,18,24,22,4,-0.19979478980530985,0.6706615412760912,18,0.18075552837531575,22,0.1914462940174618,26
2025,2025_04_NO_BUF,NO,4,BUF,-12.0,-0.15673290765957787,-0.3017838305043684,0.20786954349323059,0.03799505323083932,-0.09360413658291655,-0.16129032258064516,0.0967741935483871,0.9230769230769231,0.28,-0.3927868389438134,-0.06399323511626184,37,19,26,28,9,-1.3777187311659662,-0.1914462940174618,26,0.15511722851321474,24,-0.6706615412760912,18
2025,2025_04_NYJ_MIA,MIA,4,NYJ,6.0,0.4110144597699827,0.41511775593333994,0.5449701982784755,-0.15992000116232555,0.12968685222226234,0.0,0.0,0.7692307692307692,0.10344827586206896,-0.385366098779453,0.216702390786459,28,22,26,25,3,-0.537133487930987,0.41511775593333994,25,0.022780126842553938,20,-0.4088297220306177,26
2025,2025_04_NYJ_MIA,NYJ,4,MIA,-6.0,0.3530664522088359,0.385366098779453,0.5793432851433648,-0.216702390786459,0.15883865643107678,-0.10344827586206896,0.06896551724137931,0.7619047619047619,0.0,-0.41511775593333994,0.15992000116232555,36,19,21,27,8,-0.07532971883483741,0.4088297220306177,26,0.056711283374170765,16,-0.41511775593333994,25
2025,2025_04_PHI_TB,PHI,4,TB,6.0,0.006373441773133998,0.09139509032926656,0.18265507734490932,-0.1162388541168433,-0.07388661178406919,-0.11538461538461539,0.07692307692307693,0.7272727272727273,0.04878048780487805,0.06253984938692222,0.21811245988854872,35,19,22,24,5,-0.25539286033017594,0.03514696073303297,23,0.17963988714778825,16,0.06253984938692222,39
2025,2025_04_PHI_TB,TB,4,PHI,-6.0,-0.08740621901073342,-0.06253984938692222,-0.38446253114203527,-0.21811245988854872,-0.14611229033813664,-0.04878048780487805,0.04878048780487805,0.9047619047619048,0.11538461538461539,-0.09139509032926656,0.1162388541168433,43,29,21,39,10,0.8710359277029056,-0.06253984938692222,39,-0.15520166218783216,19,-0.03514696073303297,23
2025,2025_04_SEA_ARI,ARI,4,SEA,-3.0,-0.062148319460710796,0.11171530386923713,0.098119387730851,-0.156409268473825,-0.08130371034049264,-0.14893617021276595,0.1276595744680851,0.8181818181818181,0.10344827586206896,-0.5103173233114411,0.24749345975605416,52,33,11,41,8,0.16779845794007991,0.12048029283657731,40,-0.06113728327909445,9,-0.5103173233114411,26
2025,2025_04_SEA_ARI,SEA,4,ARI,3.0,0.37991788636293367,0.5103173233114411,0.6700370190064693,-0.24749345975605416,0.05527675193449555,-0.10344827586206896,0.10344827586206896,0.7419354838709677,0.14893617021276595,-0.11171530386923713,0.156409268473825,30,20,31,26,6,-0.02208166233865298,0.5103173233114411,26,0.08183962679381539,23,-0.12048029283657731,40
2025,2025_04_TEN_HOU,HOU,4,TEN,26.0,0.3776844430735268,0.40538718342555075,0.29102833659103444,-0.05533003791306534,0.16684690547106404,-0.16666666666666666,0.06666666666666667,0.8333333333333334,0.25925925925925924,0.5414963550665511,0.009409066004494695,34,21,30,28,7,0.7484637239290997,0.5619637510306036,25,0.18366112621151845,25,0.421217989278375,20
2025,2025_04_TEN_HOU,TEN,4,HOU,-26.0,-0.4876183103758055,-0.5414963550665511,-0.5406551334290207,-0.009409066004494695,-0.3398414129623064,-0.25925925925925924,0.07407407407407407,0.7333333333333334,0.16666666666666666,-0.40538718342555075,0.05533003791306534,29,19,15,25,6,-0.5441602235853976,-0.421217989278375,20,0.20716699712045808,11,-0.5619637510306036,25
2025,2025_04_WAS_ATL,ATL,4,WAS,7.0,0.6868608004133459,0.7536256161449596,0.5815379465237223,-0.08864469296597491,0.26732504169994287,-0.07407407407407407,0.037037037037037035,0.7878787878787878,0.17857142857142858,-0.09936456372800574,-0.12501149619492918,28,21,33,26,5,1.476393828554156,0.8419080852600758,25,0.2093827482111427,26,0.021231256494517178,23
2025,2025_04_WAS_ATL,WAS,4,ATL,-7.0,0.11277119292583,0.09936456372800574,0.26375463983766284,0.12501149619492918,0.11287894633095888,-0.17857142857142858,0.07142857142857142,0.875,0.07407407407407407,-0.7536256161449596,0.08864469296597491,30,20,16,26,6,-0.44860235663751796,-0.021231256494517178,23,0.33885528816608684,14,-0.8419080852600758,25
2025,2025_05_DAL_NYJ,DAL,5,NYJ,15.0,0.4144571227676271,0.4358366502321367,0.4469682894084731,0.3054772849121946,0.35991049247900425,-0.1,0.03333333333333333,0.9,0.26,-0.22728051396536353,0.15787195474840657,34,25,20,29,4,0.36626390538003406,0.3756838715006714,27,0.4083944256983361,18,-0.38403523536505263,37
2025,2025_05_DAL_NYJ,NYJ,5,DAL,-15.0,0.020217752862534116,0.22728051396536353,0.31138645460525743,-0.15787195474840657,-0.017406833252453357,-0.26,0.1,0.8666666666666667,0.1,-0.4358366502321367,-0.3054772849121946,56,33,15,45,12,-0.004010822794344726,0.38403523536505263,37,0.054274269205053176,13,-0.3756838715006714,27
2025,2025_05_DEN_PHI,DEN,5,PHI,4.0,0.12813931148518815,0.15437007092212257,0.17825485144335887,-0.09737612675060507,0.05750576115663024,-0.1951219512195122,0.04878048780487805,0.88,0.20454545454545456,-0.19410263720051346,0.036371387806462464,44,30,25,39,9,0.07475413585133496,0.3212135562824902,33,0.014806811675291732,22,-0.25964195732330114,35
2025,2025_05_DEN_PHI,PHI,5,DEN,-4.0,0.011067744448238943,0.19410263720051346,0.1917832146704694,-0.036371387806462464,0.003161222405788751,-0.20454545454545456,0.13636363636363635,0.7777777777777778,0.1951219512195122,-0.15437007092212257,0.09737612675060507,45,32,9,38,6,0.20647289069408167,0.25964195732330114,35,0.14069805689255827,7,-0.3212135562824902,33
2025,2025_05_DET_CIN,CIN,5,DET,-13.0,-0.11367930551779912,-0.13354986969249566,-0.010707857364308926,-0.14456790075443354,-0.12007004935986133,-0.21428571428571427,0.047619047619047616,1.0,0.25,-0.9407160805615905,-0.025935786946987026,46,30,12,40,10,-0.5020759066770558,-0.17047441306005395,33,-0.14456790075443354,12,-0.9925627081954318,21
2025,2025_05_DET_CIN,DET,5,CIN,13.0,0.46474630837993924,0.9407160805615905,0.913635874976171,0.025935786946987026,0.22680771923071483,-0.25,0.14285714285714285,0.8333333333333334,0.21428571428571427,0.13354986969249566,0.14456790075443354,28,20,30,24,4,1.0761171084886882,0.9925627081954318,21,0.17888006018241862,25,0.17047441306005395,33
2025,2025_05_HOU_BAL,BAL,5,HOU,-34.0,-0.37595030913918687,-0.2759374212258477,0.07848740189871997,-0.2913029296017302,-0.33574280385889493,-0.09523809523809523,0.047619047619047616,0.7894736842105263,0.12121212121212122,-0.7451494395551449,-0.08464659767450977,21,16,19,20,4,-1.6936367137241182,-0.4517827574427365,19,-0.1094250900632082,15,-0.8415105432780522,29
2025,2025_05_HOU_BAL,HOU,5,BAL,34.0,0.6312257974546037,0.7451494395551449,0.8438888986585691,0.08464659767450977,0.3914223138318197,-0.12121212121212122,0.06060606060606061,0.8888888888888888,0.09523809523809523,0.2759374212258477,0.2913029296017302,35,29,27,31,2,-0.6865727174445055,0.8415105432780522,29,0.2656116556051225,24,0.4517827574427365,19
2025,2025_05_KC_JAX,JAX,5,KC,3.0,0.04114302365841989,0.03407435729602146,0.005640788594438343,-0.0022219757338460613,0.028294134949600376,-0.25,0.10714285714285714,0.875,0.0975609756097561,-0.06498334619852698,-0.2398148180645269,38,17,16,25,8,0.09449569078688558,0.25581464641190643,21,0.10787548038726023,14,0.0715692067035859,37
2025,2025_05_KC_JAX,KC,5,JAX,-3.0,0.1575760762033832,0.06498334619852698,0.025369839656350732,0.2398148180645269,0.1889954635324626,-0.0975609756097561,0.0,0.8666666666666667,0.25,-0.03407435729602146,0.0022219757338460613,47,33,15,41,8,0.228389060685004,-0.0715692067035859,37,0.3508923048323665,13,-0.25581464641190643,21
2025,2025_05_LV_IND,IND,5,LV,34.0,0.4231489140947818,0.4226123874495901,0.5987425760977209,0.23055672119895937,0.34013503784658244,-0.09375,0.0,0.92,0.125,0.07059122955992778,0.18348296706764272,33,24,25,32,8,-0.10577817849480198,0.4419961012117088,29,0.3464952277901645,23,0.1267890747795908,35
2025,2025_05_LV_IND,LV,5,IND,-34.0,-0.2499624453222152,-0.07059122955992778,-0.06805232815213069,-0.18348296706764272,-0.21280899116320026,-0.125,0.1,0.9047619047619048,0.09375,-0.4226123874495901,-0.23055672119895937,43,29,21,36,7,-0.08110953539223001,-0.1267890747795908,35,0.013052047787871595,19,-0.4419961012117088,29
2025,2025_05_MIA_CAR,CAR,5,MIA,3.0,-0.019534184882262166,0.2869840297309475,0.41594200600512926,0.37493163490930975,0.15926762393042979,-0.21875,0.09375,0.9259259259259259,0.07692307692307693,-0.41859478479697476,0.4410553489086361,33,22,27,29,7,-0.11831246713076661,0.3279472740194071,25,0.45947774096042876,25,-0.41859478479697476,36
2025,2025_05_MIA_CAR,MIA,5,CAR,-3.0,0.26958028524912675,0.41859478479697476,0.6185976328449139,-0.4410553489086361,0.09527343158778871,-0.07692307692307693,0.07692307692307693,0.5384615384615384,0.21875,-0.2869840297309475,-0.37493163490930975,40,26,13,36,10,-0.1014126201276671,0.41859478479697476,36,-0.1694579935865477,7,-0.3279472740194071,25
2025,2025_05_MIN_CLE,CLE,5,MIN,-4.0,-0.09548579289306773,0.016274246165261304,-0.045588046623526106,0.06866237706633205,-0.011413968600349648,-0.08823529411764706,0.058823529411764705,0.7241379310344828,0.07894736842105263,-0.4618230730777472,0.5142578396642221,36,26,29,32,6,0.28434418158334007,0.007088218447596244,31,0.44392416480972974,21,-0.4618230730777472,35
2025,2025_05_MIN_CLE,MIN,5,CLE,4.0,0.2522458002781764,0.4618230730777472,0.635130478113812,-0.5142578396642221,0.03647955072198814,-0.07894736842105263,0.07894736842105263,0.8333333333333334,0.08823529411764706,-0.016274246165261304,-0.06866237706633205,41,30,18,35,5,-0.5780213571386412,0.4618230730777472,35,-0.15219958917004991,15,-0.007088218447596244,31
2025,2025_05_NE_BUF,BUF,5,NE,-3.0,0.09467085490710953,0.2501028101851939,0.3086843239514913,-0.0737643259896063,0.03892745436064724,-0.125,0.03125,0.8947368421052632,0.23529411764705882,-0.2760149070848286,0.12418941321696968,41,29,19,31,2,-0.5993291394261178,0.3744292419011353,28,-0.09074638825704281,17,-0.28999382676056146,26
2025,2025_05_NE_BUF,NE,5,BUF,3.0,0.15741837485400995,0.2760149070848286,0.7330742702484397,-0.12418941321696968,0.06187287532992757,-0.23529411764705882,0.11764705882352941,0.736842105263158,0.125,-0.2501028101851939,0.0737643259896063,37,22,19,30,8,-0.980898341615102,0.28999382676056146,26,0.16666790286295277,14,-0.3744292419011353,28
2025,2025_05_NYG_NO,NO,5,NYG,12.0,0.2533119599795586,0.2909286108808083,0.5043760949270445,-0.16078962471672437,0.048407695519188464,-0.03125,0.0,0.8333333333333334,0.15,0.3106986879705429,0.527016083737614,37,23,18,32,9,-0.25454829279290636,0.320544504053718,31,0.007377476889329622,15,0.21270857957493097,34
2025,2025_05_NYG_NO,NYG,5,NO,-12.0,-0.2471800372004511,-0.3106986879705429,-0.373190283589065,-0.527016083737614,-0.29072365002956363,-0.15,0.025,0.9523809523809523,0.03125,-0.2909286108808083,0.16078962471672437,47,30,21,39,9,-0.102393369242136,-0.21270857957493097,34,0.03956817669677535,20,-0.320544504053718,31
2025,2025_05_SF_LA,LA,5,SF,-3.0,0.19788217393201743,0.3768850742007724,0.45040803145130337,-0.31845972788675414,0.074943625879929,-0.0425531914893617,0.02127659574468085,0.9333333333333333,0.1836734693877551,-0.3308084798486815,0.22410743931726773,48,34,15,46,12,0.1685700286576012,0.35038324758498995,45,-0.09680382696595727,14,-0.4036999416831903,40
2025,2025_05_SF_LA,SF,5,LA,3.0,0.3208959153231701,0.3308084798486815,0.318362797303451,-0.22410743931726773,0.12498951755959811,-0.1836734693877551,0.02040816326530612,0.75,0.0425531914893617,-0.3768850742007724,0.31845972788675414,53,35,28,48,13,0.3643160867012252,0.4036999416831903,40,0.04463197894401987,21,-0.35038324758498995,45
2025,2025_05_TB_SEA,SEA,5,TB,-3.0,0.5135529402142165,0.688621176653025,0.7980299299681571,0.20686038598528525,0.4056425970595924,-0.058823529411764705,0.0,0.8947368421052632,0.029411764705882353,-0.8139016243875813,0.07491990055731428,35,31,19,34,3,-0.44193594093667343,0.6265953718063582,32,0.31877201085102147,17,-0.8139016243875813,33
2025,2025_05_TB_SEA,TB,5,SEA,3.0,0.6516788628318391,0.8139016243875813,1.1528449475837028,-0.07491990055731428,0.38516920593366744,-0.029411764705882353,0.029411764705882353,0.7647058823529411,0.058823529411764705,-0.688621176653025,-0.20686038598528525,38,25,17,33,8,-0.2452962606002984,0.8139016243875813,33,0.20182068356482943,13,-0.6265953718063582,32
2025,2025_05_TEN_ARI,ARI,5,TEN,-1.0,0.03933970280176665,0.18237111259986694,0.31900743763496076,-0.25148924230597897,-0.07426535388094646,-0.14285714285714285,0.08571428571428572,0.8,0.0975609756097561,-0.1581475111293018,0.1927477387852325,39,24,25,32,8,-0.22753786250541452,0.2507172522852972,30,-0.14380029115127407,20,-0.13047602991713045,37
2025,2025_05_TEN_ARI,TEN,5,ARI,1.0,0.02883236448936247,0.1581475111293018,0.2337689222081575,-0.1927477387852325,-0.04018438898960969,-0.0975609756097561,0.04878048780487805,0.8421052631578947,0.14285714285714285,-0.18237111259986694,0.25148924230597897,42,33,19,39,6,-0.25777024980440455,0.13047602991713045,37,-0.06154350645010659,16,-0.2507172522852972,30
2025,2025_05_WAS_LAC,LAC,5,WAS,-17.0,-0.19112380543395754,-0.17488745043556275,-0.15080272236082234,-0.08163505476633362,-0.1404446765816021,-0.21621621621621623,0.13513513513513514,0.8095238095238095,0.038461538461538464,-0.5702997691242808,0.06540218499721957,41,24,21,32,8,-0.24714163465978395,-0.12245308502641473,29,0.12506048379274176,17,-0.5702997691242808,25
2025,2025_05_WAS_LAC,WAS,5,LAC,17.0,0.44345602040910714,0.5702997691242808,0.6243331369769711,-0.06540218499721957,0.25499001840676394,-0.038461538461538464,0.038461538461538464,0.8,0.21621621621621623,0.17488745043556275,0.08163505476633362,34,19,20,25,6,0.39919410425742835,0.5702997691242808,25,0.48363673840503907,16,0.12245308502641473,29
2025,2025_06_ARI_IND,ARI,6,IND,-4.0,0.1715778963828013,0.1976345019035288,0.37816346677492496,-0.10077150444184138,0.08987307613540849,-0.2608695652173913,0.043478260869565216,0.7619047619047619,0.1935483870967742,-0.14142468363003485,-0.1232482097574661,49,31,21,44,13,-0.23285764509749285,0.4009928197991915,34,0.11378043123659162,16,0.026774630285618894,25
2025,2025_06_ARI_IND,IND,6,ARI,4.0,0.16619581233651418,0.14142468363003485,0.21147050799470768,0.1232482097574661,0.14932353989474526,-0.1935483870967742,0.03225806451612903,0.9090909090909091,0.2608695652173913,-0.1976345019035288,0.10077150444184138,34,25,22,30,5,-0.2088044381933294,-0.026774630285618894,25,0.21858750117680775,20,-0.4009928197991915,34
2025,2025_06_BUF_ATL,ATL,6,BUF,10.0,-0.003553248587377329,0.09586823452477215,0.020245303095593872,0.138621934297725,0.06679594271918639,-0.11764705882352941,0.058823529411764705,0.7241379310344828,0.2,0.08356949097427593,-0.11236211639091656,35,22,29,32,10,0.2622386836689644,0.042144959028367346,30,0.5183916547019705,21,0.042562981176160475,24
2025,2025_06_BUF_ATL,BUF,6,ATL,-10.0,-0.23450788825074445,-0.08356949097427593,-0.030530705162990168,0.11236211639091656,-0.11888455337019076,-0.2,0.13333333333333333,0.8888888888888888,0.11764705882352941,-0.09586823452477215,-0.138621934297725,36,22,18,26,4,-0.3752828129363477,-0.042562981176160475,24,0.21918298229502373,16,-0.042144959028367346,30
2025,2025_06_CHI_WAS,CHI,6,WAS,1.0,0.11460503014954938,0.2657943332657425,-0.003013530356658949,0.3047136728040635,0.18470876516890408,-0.125,0.09375,0.9,0.10344827586206896,-0.3359587004718853,0.36481652743072807,35,25,20,29,4,1.9458434809057514,0.3008614176261985,28,0.42065962945667235,18,-0.3359587004718853,26
2025,2025_06_CHI_WAS,WAS,6,CHI,-1.0,0.0961003808841932,0.3359587004718853,0.47965641306884804,-0.36481652743072807,-0.0636969037116481,-0.10344827586206896,0.10344827586206896,0.8947368421052632,0.125,-0.2657943332657425,-0.3047136728040635,38,19,19,26,7,-0.05407794800558489,0.3359587004718853,26,-0.05668518328970726,17,-0.3008614176261985,28
2025,2025_06_CIN_GB,CIN,6,GB,-9.0,0.12392435487955376,0.1682594644342483,0.29400076347791654,0.016168561403174034,0.0769036029997731,-0.11363636363636363,0.022727272727272728,0.8666666666666667,0.14814814814814814,-0.31368021806272084,-0.014078699412162953,44,35,15,43,8,-0.38185871888180034,0.18356744958610513,39,0.1421165352355904,13,-0.5126018443071464,23
2025,2025_06_CIN_GB,GB,6,CIN,9.0,0.3399593812130485,0.31368021806272084,0.33685100131138324,0.014078699412162953,0.2080298966806623,-0.14814814814814814,0.037037037037037035,0.8636363636363636,0.11363636363636363,-0.1682594644342483,-0.016168561403174034,33,20,22,26,6,0.2364442739005129,0.5126018443071464,23,0.14137762659658232,19,-0.18356744958610513,39
2025,2025_06_CLE_PIT,CLE,6,PIT,-14.0,-0.239269245039033,-0.0828840013748485,-0.04336331615708347,-0.0014433157869940228,-0.18536203440857085,-0.25862068965517243,0.10344827586206896,0.9411764705882353,0.1,-0.31997332456243155,0.11099875879569943,58,42,17,52,10,-0.24887087928946167,0.03403113644406117,43,0.047982792038965605,16,-0.4376509536460606,27
2025,2025_06_CLE_PIT,PIT,6,CLE,14.0,0.29616877678587306,0.31997332456243155,0.5634306224031648,-0.11099875879569943,0.1301541118708453,-0.1,0.0,0.7391304347826086,0.25862068965517243,0.0828840013748485,0.0014433157869940228,31,20,23,30,10,-0.16694127111903487,0.4376509536460606,27,0.1594970828292013,17,-0.03403113644406117,43
2025,2025_06_DAL_CAR,CAR,6,DAL,3.0,0.105093295943486,0.1402321528630825,0.20167784678219036,0.181313760247469,0.15938481098163315,-0.19230769230769232,0.038461538461538464,0.9705882352941176,0.058823529411764705,-0.5219220168028712,0.45307635780773076,27,16,34,25,9,0.030995363673557375,-0.014045161498718114,21,0.24600488853210475,33,-0.459405837206531,32
2025,2025_06_DAL_CAR,DAL,6,CAR,-3.0,0.48460555162476115,0.5219220168028712,0.8175218517144539,-0.45307635780773076,0.17961180428658055,-0.058823529411764705,0.0,0.625,0.19230769230769232,-0.1402321528630825,-0.181313760247469,35,24,16,34,10,-0.1875175869849272,0.459405837206531,32,-0.11798748847795652,10,0.014045161498718114,21
2025,2025_06_DEN_NYJ,DEN,6,NYJ,2.0,0.0569954476561294,0.03970158813703254,0.4641124334352173,-0.2908412192708867,-0.08565105830495129,-0.0967741935483871,0.03225806451612903,0.7222222222222222,0.4230769230769231,0.4361312161715931,0.17041441633045873,34,20,18,30,10,-0.8091201024593371,0.1794019774486784,28,-0.15959332348295302,13,0.3374960016911415,15
2025,2025_06_DEN_NYJ,NYJ,6,DEN,-2.0,-0.6026593234095814,-0.4361312161715931,-0.4374956182089965,-0.17041441633045873,-0.4206614677973193,-0.4230769230769231,0.34615384615384615,0.7916666666666666,0.0967741935483871,-0.03970158813703254,0.2908412192708867,33,14,24,17,3,-0.4297640066637107,-0.3374960016911415,15,-0.05047171867734364,19,-0.1794019774486784,28
2025,2025_06_DET_KC,DET,6,KC,-13.0,0.2542503035191685,0.28630068097745254,0.37307522724048486,-0.075195361990371,0.11232516020075138,-0.13333333333333333,0.03333333333333333,0.9523809523809523,0.12121212121212122,-0.6171762159394958,0.02062764635128442,31,23,21,29,6,-0.04633507969750461,0.42969367836037836,26,-0.02326948756526704,20,-0.7730629428797644,29
2025,2025_06_DET_KC,KC,6,DET,13.0,0.4019979039681963,0.6171762159394958,1.026782742030628,-0.02062764635128442,0.2675266565339694,-0.12121212121212122,0.09090909090909091,1.0,0.13333333333333333,-0.28630068097745254,0.075195361990371,39,20,18,30,10,-0.20203683624276855,0.7730629428797644,29,-0.02062764635128442,18,-0.42969367836037836,26
2025,2025_06_LAC_MIA,LAC,6,MIA,2.0,0.23062014878749454,0.20222519283990312,0.18036604993438823,-0.10705748198260602,0.1039910372487068,-0.1794871794871795,0.02564102564102564,0.75,0.11428571428571428,-0.09947347418267562,-0.33292820253470684,40,33,24,38,5,0.34649553601630123,0.4004526870232117,32,0.2248687940009405,18,-0.06680208082074306,31
2025,2025_06_LAC_MIA,MIA,6,LAC,-2.0,-0.022386834385461827,0.09947347418267562,0.3463197159101175,0.33292820253470684,0.0910085833688624,-0.11428571428571428,0.05714285714285714,0.8947368421052632,0.1794871794871795,-0.20222519283990312,0.10705748198260602,36,22,19,33,11,-0.3942190092722082,0.06680208082074306,31,0.4772195075809788,17,-0.4004526870232117,32
2025,2025_06_LA_BAL,BAL,6,LA,-14.0,-0.445438941434387,-0.4290534840007568,-0.4006608804093424,-0.15540498819900683,-0.3320732728952491,-0.2972972972972973,0.10810810810810811,0.8666666666666667,0.07142857142857142,-0.42278325259085303,0.014762765087653432,41,24,30,33,9,-0.504767093577862,-0.25213820920659513,26,0.09265876326557754,26,-0.42278325259085303,26
2025,2025_06_LA_BAL,LA,6,BAL,14.0,0.006298941084957847,0.42278325259085303,0.2552549251198046,-0.014762765087653432,-0.033186779316962796,-0.07142857142857142,0.07142857142857142,0.8333333333333334,0.2972972972972973,0.4290534840007568,0.15540498819900683,30,24,18,26,2,2.4331231822434347,0.42278325259085303,26,0.11748912920399203,15,0.25213820920659513,26
2025,2025_06_NE_NO,NE,6,NO,6.0,0.49756602575037906,0.7114096653379328,1.0020918298069528,-0.3929239418860314,0.15764914514767533,-0.14814814814814814,0.037037037037037035,0.6363636363636364,0.14285714285714285,-0.030345948266769722,0.20078747427194493,33,21,22,26,5,-0.5094554254319504,0.7152205316491878,23,0.08175852809966148,14,-0.050483546124362934,24
2025,2025_06_NE_NO,NO,6,NE,-6.0,0.010947497992758543,0.030345948266769722,-0.09558636171066456,-0.20078747427194493,-0.04114743442538713,-0.14285714285714285,0.07142857142857142,0.8333333333333334,0.14814814814814814,-0.7114096653379328,0.3929239418860314,32,20,18,26,6,0.45012031485821735,0.050483546124362934,24,-0.08192759237717843,15,-0.7152205316491878,23
2025,2025_06_PHI_NYG,NYG,6,PHI,17.0,0.3010886607608932,0.284076193186383,0.3043777665710272,0.18110762100863764,0.25234636336153937,-0.10714285714285714,0.07142857142857142,0.9615384615384616,0.08333333333333333,-0.05443199042385658,0.18724585119903578,38,24,26,26,2,0.04045731257065199,0.1900531530566515,25,0.21585238104918963,25,-0.05443199042385658,33
2025,2025_06_PHI_NYG,PHI,6,NYG,-17.0,-0.06929095083829001,0.05443199042385658,0.2944414730190629,-0.18724585119903578,-0.09667333842203452,-0.08333333333333333,0.08333333333333333,0.6153846153846154,0.10714285714285714,-0.284076193186383,-0.18110762100863764,43,27,13,33,6,-1.025610681254572,0.05443199042385658,33,0.26872144889057314,8,-0.1900531530566515,25
2025,2025_06_SEA_JAX,JAX,6,SEA,-8.0,0.03765566680868089,0.2313404647699959,0.5069646073994233,-0.33375762971353856,-0.021846653996281325,-0.2653061224489796,0.14285714285714285,0.8125,0.14285714285714285,-0.47858375011347476,0.37646310058632493,51,25,16,42,17,-0.17398915674386786,0.2789365915830586,36,-0.14624444580224996,13,-0.6507588290030163,24
2025,2025_06_SEA_JAX,SEA,6,JAX,8.0,0.3763852451761694,0.47858375011347476,0.6365482890436498,-0.37646310058632493,0.05162713523940719,-0.14285714285714285,0.03571428571428571,0.6363636363636364,0.2653061224489796,-0.2313404647699959,0.33375762971353856,29,22,22,27,5,-0.21646022117929534,0.6507588290030163,24,0.046136852166715384,14,-0.2789365915830586,36
2025,2025_06_SF_TB,SF,6,TB,-11.0,-0.08932160525569648,0.14111669072457544,0.15454641695973292,-0.07355278339716376,-0.08532056090353146,-0.17777777777777778,0.13333333333333333,0.7647058823529411,0.041666666666666664,-0.6173235399578312,-0.028789283570105805,50,25,17,39,14,0.11713503673322277,0.19856946531141953,37,0.12624804943782028,13,-0.6173235399578312,23
2025,2025_06_SF_TB,TB,6,SF,11.0,0.5395107187228294,0.6173235399578312,0.7009703440930019,0.028789283570105805,0.29436442984952205,-0.041666666666666664,0.041666666666666664,0.875,0.17777777777777778,-0.14111669072457544,0.07355278339716376,26,20,24,23,3,0.059678179056692926,0.6173235399578312,23,0.1737970209450438,21,-0.19856946531141953,37
2025,2025_06_TEN_LV,LV,6,TEN,10.0,-0.03999140448510127,0.18572419727443765,0.32822854207349944,-0.30970222833936994,-0.17984146129842582,-0.28,0.08,0.6428571428571428,0.20930232558139536,-0.05541855161160045,0.21376228920411308,26,18,28,23,5,-0.32729144400218485,0.7187397775059148,18,0.08466284775770178,18,-0.11334497315179083,34
2025,2025_06_TEN_LV,TEN,6,LV,-10.0,-0.3404266892277184,0.05541855161160045,0.08432626694515645,-0.21376228920411308,-0.30766865473885496,-0.20930232558139536,0.13953488372093023,0.8666666666666667,0.28,-0.18572419727443765,0.30970222833936994,43,28,15,37,9,-0.034516562759462674,0.11334497315179083,34,-0.03093078680097158,13,-0.7187397775059148,18
2025,2025_07_ATL_SF,ATL,7,SF,-10.0,-0.13531695070513752,-0.012883135832932097,-0.02124421126375515,-0.06473602241668343,-0.11414267221860133,-0.125,0.05,0.7777777777777778,0.14814814814814814,-0.12708131779301698,0.015137336909366606,42,28,18,38,10,0.010527875373372454,0.0496246852695807,35,0.1412436753286915,14,-0.29660687643810246,23
2025,2025_07_ATL_SF,SF,7,ATL,10.0,0.09067812201833458,0.12708131779301698,-0.34110060579520407,-0.015137336909366606,0.03446365946299332,-0.14814814814814814,0.037037037037037035,0.8529411764705882,0.125,0.012883135832932097,0.06473602241668343,30,14,34,26,12,0.6732935619792748,0.29660687643810246,23,0.210879159981891,29,-0.0496246852695807,35
2025,2025_07_CAR_NYJ,CAR,7,NYJ,7.0,-0.08615327939837075,0.07315768207605652,0.08425517436739795,-0.04849636998973909,-0.0608214259744427,-0.20588235294117646,0.058823529411764705,0.8064516129032258,0.225,0.1807632680637217,0.09297379336875043,36,26,31,32,6,0.025068548813577046,0.14159072574305429,27,0.21612150345463305,25,0.11124983714938526,31
2025,2025_07_CAR_NYJ,NYJ,7,CAR,-7.0,-0.30079367650837885,-0.1807632680637217,-0.1601492490323532,-0.09297379336875043,-0.25576603516145935,-0.225,0.15,1.0,0.20588235294117646,-0.07315768207605652,0.04849636998973909,47,24,13,34,10,-0.23023691373900612,-0.11124983714938526,31,-0.09297379336875043,13,-0.14159072574305429,27
2025,2025_07_GB_ARI,ARI,7,GB,-4.0,-0.013649635919423175,0.3722619036198894,0.5560824898037383,-0.13634530603038977,-0.05221113224001269,-0.2619047619047619,0.14285714285714285,0.6818181818181819,0.06666666666666667,-0.2787219136023919,0.11257962454232907,48,28,22,36,8,-0.2711101480235818,0.4200562906702281,31,0.12280592440317074,15,-0.32834238131365984,28
2025,2025_07_GB_ARI,GB,7,ARI,4.0,0.25016763387193935,0.2787219136023919,0.4223160095971405,-0.11257962454232907,0.1176253663744182,-0.06666666666666667,0.03333333333333333,0.8421052631578947,0.2619047619047619,-0.3722619036198894,0.13634530603038977,33,25,19,29,4,-0.6187411863647867,0.32834238131365984,28,0.2473041000994274,16,-0.4200562906702281,31
2025,2025_07_HOU_SEA,HOU,7,SEA,-8.0,-0.1817021536493884,-0.150006131419865,-0.09053951569446961,-0.7296354391747927,-0.3008180852853458,-0.1346153846153846,0.057692307692307696,0.6,0.14705882352941177,0.23210868545691615,0.18979090833973708,54,37,15,49,12,-0.33336152990650075,0.025467402654896196,45,-0.020115110143605265,9,0.2939489417734312,29
2025,2025_07_HOU_SEA,SEA,7,HOU,8.0,-0.3660121325101451,-0.23210868545691615,-0.17083076409555822,-0.18979090833973708,-0.24831872541773356,-0.14705882352941177,0.058823529411764705,0.7931034482758621,0.1346153846153846,0.150006131419865,0.7296354391747927,35,27,29,32,5,-0.5630094608082489,-0.2939489417734312,29,0.017891006632809205,23,-0.025467402654896196,45
2025,2025_07_IND_LAC,IND,7,LAC,14.0,0.35465849056102644,0.4492924751495151,0.50128587114159,0.5606738020174411,0.4233302610464981,-0.14705882352941177,0.029411764705882353,0.7222222222222222,0.25862068965517243,-0.2036078057837935,0.30497312911320484,36,28,18,33,5,0.1581294575938955,0.6412420431633702,29,1.082139219582762,13,-0.3135830953116203,43
2025,2025_07_IND_LAC,LAC,7,IND,-14.0,0.14876878649408962,0.2036078057837935,0.30680316105714905,-0.30497312911320484,0.08745231141202282,-0.25862068965517243,0.05172413793103448,0.8,0.14705882352941177,-0.4492924751495151,-0.5606738020174411,64,47,10,55,8,-0.40266490644717035,0.3135830953116203,43,-0.20059646488516605,8,-0.6412420431633702,29
2025,2025_07_LA_JAX,JAX,7,LA,-28.0,-0.27360661777186107,-0.10329943037291626,-0.2095229829353327,0.23416584187473835,-0.1601752830825375,-0.21818181818181817,0.12727272727272726,1.0,0.12121212121212122,-0.26614912443399164,0.059161491090586944,57,29,13,48,19,0.05883125511708779,-0.16395973873650108,43,0.23416584187473835,13,-0.46984720175507744,29
2025,2025_07_LA_JAX,LA,7,JAX,28.0,0.2480298470335954,0.26614912443399164,0.27017968528751457,-0.059161491090586944,0.12091618987876139,-0.12121212121212122,0.0,0.8333333333333334,0.21818181818181817,0.10329943037291626,-0.23416584187473835,34,29,24,33,4,0.2369275582459507,0.46984720175507744,29,0.04425775351992356,20,0.16395973873650108,43
2025,2025_07_LV_KC,KC,7,LV,31.0,0.5475128715580244,0.5795812420745282,0.7182242286592526,-0.1871033417851187,0.2247423508362797,-0.08333333333333333,0.027777777777777776,0.8181818181818181,0.10526315789473684,0.4867650747635505,0.2613366607365606,40,27,33,35,8,0.11166116235108348,0.668570750455591,33,-0.007260698115849979,27,0.465706272283569,17
2025,2025_07_LV_KC,LV,7,KC,-31.0,-0.8168362236253667,-0.4867650747635505,-0.4495801944285631,-0.2613366607365606,-0.6687030068550184,-0.10526315789473684,0.05263157894736842,0.875,0.08333333333333333,-0.5795812420745282,0.1871033417851187,22,14,8,18,4,-0.6169121559360065,-0.465706272283569,17,-0.18236875423878823,7,-0.668570750455591,33
2025,2025_07_MIA_CLE,CLE,7,MIA,25.0,0.023127716807131625,0.21562200203652962,0.1338187953854434,-0.16007635019245944,-0.07904378209648656,-0.15,0.1,0.6896551724137931,0.2,0.6409017203338933,0.04903239736449949,23,15,29,18,3,0.6246380352919608,0.31705255951965333,17,0.20719917084788858,20,0.5490056213212707,28
2025,2025_07_MIA_CLE,MIA,7,CLE,-25.0,-0.793387005627219,-0.6409017203338933,-0.3959986412949385,-0.04903239736449949,-0.558327655649518,-0.2,0.11428571428571428,0.6111111111111112,0.15,-0.21562200203652962,0.16007635019245944,39,23,18,31,8,-1.344998072570888,-0.5490056213212707,28,0.5305567523834968,11,-0.31705255951965333,17
2025,2025_07_NE_TEN,NE,7,TEN,18.0,0.4136999455574916,0.7119867047246466,0.8477089099681258,0.07658187545370296,0.26747702232415793,-0.17857142857142858,0.14285714285714285,0.8,0.15384615384615385,-0.14601167565520315,0.17965185889360405,36,22,25,24,2,-0.7809575529536232,0.8048634588181891,23,0.27701688334054764,20,-0.1258150148719855,33
2025,2025_07_NE_TEN,TEN,7,NE,-18.0,-0.30109448113472315,0.14601167565520315,0.2781858209622477,-0.17965185889360405,-0.28418670217351044,-0.15384615384615385,0.1282051282051282,0.9090909090909091,0.17857142857142858,-0.7119867047246466,-0.07658187545370296,39,22,11,34,12,-0.09630759074104518,0.1258150148719855,33,-0.10566217845189374,10,-0.8048634588181891,23
2025,2025_07_NO_CHI,CHI,7,NO,12.0,-0.021755877036278955,0.15945350731557079,0.20504467030349602,0.22498013670360384,0.09379912528868671,-0.14814814814814814,0.037037037037037035,0.9090909090909091,0.19444444444444445,0.08570063467535591,0.3712449952995831,29,21,33,26,5,-0.0320293772337152,0.17699711225172407,23,0.29654190155306825,30,0.0035818303880402404,29
2025,2025_07_NO_CHI,NO,7,CHI,-12.0,-0.2810533620905273,-0.08570063467535591,-0.06577564445546354,-0.3712449952995831,-0.2968173971767235,-0.19444444444444445,0.1111111111111111,0.9230769230769231,0.14814814814814814,-0.15945350731557079,-0.22498013670360384,38,28,13,32,4,-0.2251755662146025,-0.0035818303880402404,29,-0.15916299759798339,12,-0.17699711225172407,23
2025,2025_07_NYG_DEN,DEN,7,NYG,1.0,0.07171744538313127,-0.04696413193477694,-0.09789189457591221,-0.06830937394665369,0.0576723211087909,-0.09803921568627451,0.0392156862745098,0.8333333333333334,0.21621621621621623,-0.41663108964514145,0.05252348176307161,56,42,18,49,7,0.25860244391203463,-0.013007169496394211,46,0.10346218754226924,15,-0.45625421410257894,29
2025,2025_07_NYG_DEN,NYG,7,DEN,-1.0,0.26086712830112385,0.41663108964514145,0.45484907852045997,-0.05252348176307161,0.1382360200151343,-0.21621621621621623,0.10810810810810811,0.8148148148148149,0.09803921568627451,0.04696413193477694,0.06830937394665369,42,27,27,33,6,0.2446501397062081,0.45625421410257894,29,0.1194784484105186,22,0.013007169496394211,46
2025,2025_07_PHI_MIN,MIN,7,PHI,-6.0,-0.07093607184167795,0.019825994299838303,0.11582628073946771,-0.13436421705409896,-0.08892315779743909,-0.18181818181818182,0.045454545454545456,0.7894736842105263,0.15384615384615385,-0.9359563518740721,0.35326262987379864,48,38,19,42,4,-0.8921767268766412,0.3002098207258288,36,0.08285622699186199,15,-0.9191549162496812,22
2025,2025_07_PHI_MIN,PHI,7,MIN,6.0,0.6996513432983691,0.9359563518740721,1.217683658644091,-0.35326262987379864,0.282872895584386,-0.15384615384615385,0.11538461538461539,0.631578947368421,0.18181818181818182,-0.019825994299838303,0.13436421705409896,29,20,19,23,3,-0.9422256932593859,0.9191549162496812,22,0.10038568285138655,12,-0.3002098207258288,36
2025,2025_07_PIT_CIN,CIN,7,PIT,2.0,0.3504263494805396,0.38754119068867066,0.5797306435047199,0.26999694184956363,0.3294447648811546,-0.10204081632653061,0.04081632653061224,1.0,0.058823529411764705,-0.39152682071503747,-0.32184418232952217,51,41,18,47,6,-0.9257534035543328,0.45479129831843623,44,0.26999694184956363,18,-0.334320269374075,32
2025,2025_07_PIT_CIN,PIT,7,CIN,-2.0,0.3882528155559807,0.39152682071503747,0.5761067590746097,0.32184418232952217,0.3648868149763008,-0.058823529411764705,0.0,0.9473684210526316,0.10204081632653061,-0.38754119068867066,-0.26999694184956363,35,25,19,34,9,-0.12119523028377444,0.334320269374075,32,0.3681866582968119,18,-0.45479129831843623,44
2025,2025_07_TB_DET,DET,7,TB,15.0,-0.23696830744874972,0.036669972639066545,-0.21383793115308788,0.015787280362565402,-0.1203118823050658,-0.2727272727272727,0.12121212121212122,0.8333333333333334,0.14814814814814814,0.4771114657520175,-0.1423265911024908,35,22,30,29,7,0.823980527414409,0.16344129380420938,24,0.1660816807858649,25,0.4388636540759547,46
2025,2025_07_TB_DET,TB,7,DET,-15.0,-0.5241523660502819,-0.4771114657520175,-0.4525197140178154,0.1423265911024908,-0.4113636194551973,-0.14814814814814814,0.07407407407407407,1.0,0.2727272727272727,-0.036669972639066545,-0.015787280362565402,54,43,11,50,7,-0.6281750835478306,-0.4388636540759547,46,0.1423265911024908,11,-0.16344129380420938,24
2025,2025_07_WAS_DAL,DAL,7,WAS,22.0,0.21878543008245288,0.2532511778838981,0.5243628528698326,-0.05955573534839273,0.09817092506241983,-0.12903225806451613,0.03225806451612903,0.8461538461538461,0.19444444444444445,0.31746844703047805,-0.0380460439547384,34,24,26,30,6,-0.8311955220598399,0.2827420542042031,27,0.07876873898600313,22,0.12160418913418658,29
2025,2025_07_WAS_DAL,WAS,7,DAL,-22.0,-0.3089281443144296,-0.31746844703047805,0.006982094044080823,0.0380460439547384,-0.22131152660881315,-0.19444444444444445,0.1111111111111111,0.7777777777777778,0.12903225806451613,-0.2532511778838981,0.05955573534839273,45,26,18,32,6,-1.7234207916869,-0.12160418913418658,29,0.28978126050372227,14,-0.2827420542042031,27
2025,2025_08_BUF_CAR,BUF,8,CAR,31.0,0.3610730294162023,0.5328553408186927,0.5828000048985073,0.32875275329934095,0.34383554882054296,-0.08,0.08,0.84375,0.2903225806451613,-0.0837648701695116,0.07939857700209053,28,22,32,23,1,-0.5659272689372301,0.5328553408186927,23,0.5244310519709773,27,0.0927677258906114,22
2025,2025_08_BUF_CAR,CAR,8,BUF,-31.0,-0.5611496970761519,0.0837648701695116,0.15200330449693372,-0.07939857700209053,-0.3448128232429677,-0.2903225806451613,0.22580645161290322,0.875,0.08,-0.5328553408186927,-0.32875275329934095,33,22,24,24,2,-0.6668579074321317,-0.0927677258906114,22,0.039851172067712784,21,-0.5328553408186927,23
2025,2025_08_CHI_BAL,BAL,8,CHI,14.0,0.26731799616671537,0.3436679265261137,0.43340623757384383,0.1293964025031669,0.2150173336134698,-0.125,0.08333333333333333,0.9615384615384616,0.10256410256410256,-0.06865042123316427,-0.051011458382061975,32,21,26,22,1,-1.540836605476219,0.3986192246555679,21,0.156459129091818,25,-0.058150230571903515,35
2025,2025_08_CHI_BAL,CHI,8,BAL,-14.0,0.026384079396035213,0.06865042123316427,0.13518846466457515,0.051011458382061975,0.02440001071221802,-0.10256410256410256,0.02564102564102564,0.7777777777777778,0.125,-0.3436679265261137,-0.1293964025031669,42,33,18,38,5,-0.3705006654141477,0.058150230571903515,35,0.36645023898953266,14,-0.3986192246555679,21
2025,2025_08_CLE_NE,CLE,8,NE,-19.0,-0.49875210705998635,-0.5022382698759026,-0.5246291793547555,-0.2908235306094866,-0.33747090329004986,-0.05555555555555555,0.027777777777777776,0.8333333333333334,0.26666666666666666,-0.6064607263918613,0.19137249831244538,38,22,12,35,13,-0.46434596152707475,-0.5486465104491413,34,-0.1603270071442239,10,-0.6011509336967693,22
2025,2025_08_CLE_NE,NE,8,CLE,19.0,0.2870392383207897,0.6064607263918613,0.6304474042941944,-0.19137249831244538,0.0732997381371434,-0.26666666666666666,0.2,0.7692307692307692,0.05555555555555555,0.5022382698759026,0.2908235306094866,34,21,26,24,3,0.4385539810755296,0.6011509336967693,22,0.07228344876493811,20,0.5486465104491413,34
2025,2025_08_DAL_DEN,DAL,8,DEN,-20.0,0.08692043026931628,0.1379856678375934,0.15361265190997953,0.015218442997138435,0.05669074314944773,-0.21621621621621623,0.05405405405405406,0.7916666666666666,0.034482758620689655,-0.5186147633179351,-0.23652354467397005,43,33,24,35,2,-0.11985956935677766,0.08245080399970402,29,0.1416762009244657,19,-0.42116649744920814,28
2025,2025_08_DAL_DEN,DEN,8,DAL,20.0,0.5186147633179351,0.5186147633179351,0.5655423162463903,0.23652354467397005,0.3901087990730242,-0.034482758620689655,0.0,0.8695652173913043,0.21621621621621623,-0.1379856678375934,-0.015218442997138435,29,24,23,29,5,0.2933625092613504,0.42116649744920814,28,0.3891966030234473,20,-0.08245080399970402,29
2025,2025_08_GB_PIT,GB,8,PIT,10.0,0.575648851817823,0.575648851817823,0.7831528781439897,-0.04340138025387796,0.3178255097981404,-0.13513513513513514,0.0,0.9166666666666666,0.1282051282051282,0.06663064653461231,0.06948745364691884,37,28,24,37,9,-0.06991923008580672,0.5423167715405349,32,-0.005478920684915572,22,0.13644960325765856,34
2025,2025_08_GB_PIT,PIT,8,GB,-10.0,-0.17712918597200314,-0.06663064653461231,0.22575365769229247,-0.06948745364691884,-0.1431370599746081,-0.1282051282051282,0.07692307692307693,0.8888888888888888,0.13513513513513514,-0.575648851817823,0.04340138025387796,39,26,18,36,10,-0.8268298375245647,-0.13644960325765856,34,0.046635457858429125,16,-0.5423167715405349,32
2025,2025_08_MIA_ATL,ATL,8,MIA,-24.0,-0.17515535107778493,-0.142696933728838,-0.26905868965899576,-0.7059917850917656,-0.3410417367071538,-0.125,0.03125,0.8,0.07142857142857142,-0.3027186511232476,-0.08247643509109656,33,25,15,31,6,0.38381038264681955,-0.19084445184229734,28,-0.5198834960077262,12,-0.2788794024069858,26
2025,2025_08_MIA_ATL,MIA,8,ATL,24.0,0.22217718312680373,0.3027186511232476,0.5556301745339571,0.08247643509109656,0.14265521886032426,-0.07142857142857142,0.03571428571428571,0.8918918918918919,0.125,0.142696933728838,0.7059917850917656,28,17,37,27,10,-0.1272309386749587,0.2788794024069858,26,0.20755251139004652,33,0.19084445184229734,28
2025,2025_08_MIN_LAC,LAC,8,MIN,27.0,0.45218935251775777,0.5970603289506238,0.6930536843037092,-0.031017807703012403,0.20368281297564733,-0.2962962962962963,0.07407407407407407,0.7222222222222222,0.2222222222222222,0.18767518413411652,0.653490334839179,34,22,36,25,3,-0.10689094363866876,0.7333882229071799,19,0.29241010840168524,26,0.13860726551028896,28
2025,2025_08_MIN_LAC,MIN,8,LAC,-27.0,-0.3541880785418457,-0.18767518413411652,-0.16317736690071463,-0.653490334839179,-0.42423754278164716,-0.2222222222222222,0.1388888888888889,0.7272727272727273,0.2962962962962963,-0.5970603289506238,0.031017807703012403,36,23,11,31,8,-0.25810640868014695,-0.13860726551028896,28,-0.5558749229021487,8,-0.7333882229071799,19
2025,2025_08_NYG_PHI,NYG,8,PHI,-18.0,0.21831022223532612,0.36188305811268556,0.29203345343108067,-0.20037081775565957,0.09014255693196313,-0.20689655172413793,0.1724137931034483,0.8666666666666667,0.20833333333333334,-0.6985825762551825,-0.4601872275032718,34,16,15,24,8,0.5015822674758954,0.4093725587938917,23,-0.11350614649172013,13,-0.7862261189813077,19
2025,2025_08_NYG_PHI,PHI,8,NYG,18.0,0.4526064056880566,0.6985825762551825,0.8368948956435968,0.4601872275032718,0.4562564310064935,-0.20833333333333334,0.16666666666666666,0.8461538461538461,0.20689655172413793,-0.36188305811268556,0.20037081775565957,28,15,26,20,5,0.28364561808994004,0.7862261189813077,19,0.6679571295363455,22,-0.4093725587938917,23
2025,2025_08_NYJ_CIN,CIN,8,NYJ,-1.0,0.16803980527361634,0.14696719224175384,0.11418885179427157,0.4344902382401334,0.2645132378994242,-0.05714285714285714,0.02857142857142857,0.9047619047619048,0.03125,-0.4828590108065943,-0.18469770201223581,37,29,21,34,5,0.33708156683715085,0.19393821494534877,33,0.5971046394291705,19,-0.5364886780890029,31
2025,2025_08_NYJ_CIN,NYJ,8,CIN,1.0,0.36767856413073585,0.4828590108065943,0.729747277323486,0.18469770201223581,0.33092832806386585,-0.03125,0.0,0.88,0.05714285714285714,-0.14696719224175384,-0.4344902382401334,42,21,25,32,11,0.011526865637982876,0.5364886780890029,31,0.45900067803553274,22,-0.19393821494534877,33
2025,2025_08_SF_HOU,HOU,8,SF,11.0,0.5230660698884928,0.4920008234125963,0.5542385436748336,-0.2119335532920476,0.23502567702044325,-0.05128205128205128,0.0,0.8275862068965517,0.17647058823529413,0.027425194683019394,0.09237970371032177,45,31,29,39,8,0.25082965739642704,0.46883531328262207,37,-0.03926784663231774,24,-0.11566251535883265,28
2025,2025_08_SF_HOU,SF,8,HOU,-11.0,-0.05878942244615046,-0.027425194683019394,0.03370875469915042,-0.09237970371032177,-0.0648967463123634,-0.17647058823529413,0.058823529411764705,0.625,0.05128205128205128,-0.4920008234125963,0.2119335532920476,36,23,8,32,9,-0.1836563986596756,0.11566251535883265,28,0.3761015117168426,5,-0.46883531328262207,37
2025,2025_08_TB_NO,NO,8,TB,-20.0,-0.5172086185806549,-0.3670298228834676,-0.37492098935858187,-0.12268180799825752,-0.4726712227326961,-0.12727272727272726,0.09090909090909091,1.0,0.1111111111111111,-0.21391914543362525,0.22464949178562058,61,45,6,50,5,-0.29600932460743934,-0.3874677109188065,48,-0.12268180799825752,6,-0.21391914543362525,24
2025,2025_08_TB_NO,TB,8,NO,20.0,-0.06556898014631561,0.21391914543362525,0.1088287454756371,-0.22464949178562058,-0.14794995938809857,-0.1111111111111111,0.1111111111111111,0.7586206896551724,0.12727272727272726,0.3670298228834676,0.12268180799825752,27,22,29,24,2,1.369913544971495,0.21391914543362525,24,0.05645864044744142,22,0.3874677109188065,48
2025,2025_08_TEN_IND,IND,8,TEN,24.0,0.3013919597698492,0.4959044701787687,0.6102799941655117,0.5618962600419757,0.38154712908434973,-0.17647058823529413,0.08823529411764706,0.8125,0.14634146341463414,0.0050155571268592925,-0.17094534287356178,36,25,16,31,6,0.01933978690067306,0.609554367002732,28,0.8752173739306337,13,0.009168358291831824,35
2025,2025_08_TEN_IND,TEN,8,IND,-24.0,-0.2092869776263182,-0.0050155571268592925,-0.01924440535549362,0.17094534287356178,-0.08746747893923318,-0.14634146341463414,0.0975609756097561,0.6818181818181819,0.17647058823529413,-0.4959044701787687,-0.5618962600419757,43,32,22,37,5,0.0860490715364004,-0.009168358291831824,35,0.6376552923039224,15,-0.609554367002732,28
2025,2025_08_WAS_KC,KC,8,WAS,21.0,0.34702803958207346,0.4361561651920267,0.36872193899621486,0.06689090447859304,0.25077166728177946,-0.1891891891891892,0.08108108108108109,0.9583333333333334,0.125,0.10310480244224882,0.1597630007732236,40,31,24,34,3,1.1329765025487493,0.435606948045703,30,0.09223875565626466,23,-0.054081299471103406,28
2025,2025_08_WAS_KC,WAS,8,KC,-21.0,-0.17892538896267057,-0.10310480244224882,-0.3169650842977241,-0.1597630007732236,-0.18105482519828128,-0.125,0.0625,0.9090909090909091,0.1891891891891892,-0.4361561651920267,-0.06689090447859304,40,23,11,30,7,0.5995789807971699,0.054081299471103406,28,-0.1278734791732859,10,-0.435606948045703,30
2025,2025_09_ARI_DAL,ARI,9,DAL,10.0,0.1812924555816685,0.5042473304288762,0.6088785340893726,-0.034069356075791896,0.11332130881309907,-0.3055555555555556,0.1388888888888889,0.782608695652174,0.20930232558139536,0.059296152374550416,-0.10958513411605947,39,26,23,31,5,-0.0398349286057055,0.5993175075408617,25,0.1854572981634799,18,-0.0931161482079639,34
2025,2025_09_ARI_DAL,DAL,9,ARI,-10.0,-0.18590743082862052,-0.059296152374550416,0.04119058726263341,0.10958513411605947,-0.1111333077029065,-0.20930232558139536,0.11627906976744186,0.875,0.3055555555555556,-0.5042473304288762,0.034069356075791896,47,35,16,38,3,-1.231641448141695,0.0931161482079639,34,0.2105830587430058,14,-0.5993175075408617,25
2025,2025_09_ATL_NE,ATL,9,NE,-1.0,0.1376345319174998,0.1371397823295884,0.2939201116672214,-0.12431607245317906,0.06972141226584233,-0.10526315789473684,0.02631578947368421,0.7857142857142857,0.2,-0.43061509598505215,-0.004763569643255455,40,24,14,37,13,-0.1523008256783494,0.16665770525158777,34,0.06304341617611836,11,-0.4325477893345465,28
2025,2025_09_ATL_NE,NE,9,ATL,1.0,0.01882928589720559,0.43061509598505215,0.6036807767786304,0.004763569643255455,0.013419395030301661,-0.2,0.17142857142857143,0.88,0.10526315789473684,-0.1371397823295884,0.12431607245317906,40,21,25,29,8,-0.023682316098090794,0.4325477893345465,28,0.10920366856258969,22,-0.16665770525158777,34
2025,2025_09_BAL_MIA,BAL,9,MIA,22.0,0.4061121728321134,0.5896723850063327,0.6628463791229902,-0.049848100415450375,0.2123500463494563,-0.16,0.08,0.8333333333333334,0.07317073170731707,0.02446595799997533,0.19147160439642713,28,19,24,23,4,0.24209591295220978,0.6538815100377953,21,0.14406896068539937,20,-0.007432530030381899,38
2025,2025_09_BAL_MIA,MIA,9,BAL,-22.0,-0.09678923748618155,-0.02446595799997533,0.28428756810227757,-0.19147160439642713,-0.20004813488724668,-0.07317073170731707,0.04878048780487805,0.6875,0.16,-0.5896723850063327,0.049848100415450375,42,26,16,39,13,-0.641973010204481,0.007432530030381899,38,0.1725248027428889,11,-0.6538815100377953,21
2025,2025_09_CAR_GB,CAR,9,GB,3.0,0.011151299484164977,-0.1737513021638732,-0.16585223523240214,0.13115046691177396,0.09463535318914694,-0.09523809523809523,0.047619047619047616,0.8333333333333334,0.15789473684210525,-0.20255315299834384,-0.11284572228348975,23,15,30,20,5,-0.19744850295828636,-0.1521089086998375,19,0.32280890145339064,25,-0.47093131338129124,32
2025,2025_09_CAR_GB,GB,9,CAR,-3.0,0.1378402240221779,0.20255315299834384,0.30896942074927863,0.11284572228348975,0.04252452810324182,-0.15789473684210525,0.02631578947368421,0.8695652173913043,0.09523809523809523,0.1737513021638732,-0.13115046691177396,39,26,23,37,11,-0.04897620714022934,0.47093131338129124,32,0.3003038536320675,20,0.1521089086998375,19
2025,2025_09_CHI_CIN,CHI,9,CIN,5.0,0.4968214902556376,0.6018659631620598,0.7335224382794734,0.3752466231798603,0.47156186563158786,-0.1794871794871795,0.05128205128205128,1.0,0.1,-0.5187467390742581,0.1210712190726411,44,26,31,37,11,0.29067793106635453,0.6427623592080641,32,0.3752466231798603,31,-0.485561231702708,45
2025,2025_09_CHI_CIN,CIN,9,CHI,-5.0,0.3135749063959225,0.5187467390742581,0.9654881683816249,-0.1210712190726411,0.2180233993297859,-0.1,0.06,0.8461538461538461,0.1794871794871795,-0.6018659631620598,-0.3752466231798603,50,31,13,47,16,-0.3468147802087651,0.485561231702708,45,0.00015742693689052567,11,-0.6427623592080641,32
2025,2025_09_DEN_HOU,DEN,9,HOU,3.0,-0.06779003921994757,-0.10003738440955345,-0.1339982623863036,-0.1555771254966711,-0.10873886690361881,-0.10526315789473684,0.02631578947368421,0.8333333333333334,0.13636363636363635,-0.06122559564694452,0.34955178049605584,41,25,18,37,12,-0.029285555291323966,-0.16652259810230025,34,0.007187870699756667,15,-0.02367637959462027,38
2025,2025_09_DEN_HOU,HOU,9,DEN,-3.0,-0.04038258213086566,0.06122559564694452,0.17938782160482955,-0.34955178049605584,-0.14950094418954266,-0.13636363636363635,0.09090909090909091,0.782608695652174,0.10526315789473684,0.10003738440955345,0.1555771254966711,48,35,23,40,5,-0.7659099860582508,0.02367637959462027,38,-0.2590638396828177,18,0.16652259810230025,34
2025,2025_09_IND_PIT,IND,9,PIT,-7.0,-0.2064401366072494,-0.019882786112232848,0.009950909713950542,0.04568281562921283,-0.12281911859057515,-0.16666666666666666,0.09259259259259259,0.8,0.07894736842105263,-0.0018113448029546525,0.1330767430744822,57,43,15,49,6,-0.23369093953321382,0.05355770446023746,45,0.3410198419151129,12,-0.0018113448029546525,35
2025,2025_09_IND_PIT,PIT,9,IND,7.0,-0.1029274400130114,0.0018113448029546525,0.04450552178389701,-0.1330767430744822,-0.11347969608452617,-0.07894736842105263,0.07894736842105263,0.7619047619047619,0.16666666666666666,0.019882786112232848,-0.04568281562921283,39,27,21,35,8,-0.1422815025077258,0.0018113448029546525,35,0.11962473078528962,16,-0.05355770446023746,45
2025,2025_09_JAX_LV,JAX,9,LV,1.0,0.042655004834788415,0.0087711357852092,0.027944916414215062,0.3087162531901417,0.15706824798076896,-0.058823529411764705,0.029411764705882353,0.71875,0.07317073170731707,-0.34086451298804904,0.21748319861497,43,26,32,33,7,-0.06244576369395543,-0.0390229035152427,32,0.6971894629456551,23,-0.4489956958560988,38
2025,2025_09_JAX_LV,LV,9,JAX,-1.0,0.26096649368042973,0.34086451298804904,0.22689661664935457,-0.21748319861497,0.15699908674529625,-0.07317073170731707,0.04878048780487805,0.6153846153846154,0.058823529411764705,-0.0087711357852092,-0.3087162531901417,46,32,13,39,7,0.8618606105363666,0.4489956958560988,38,0.1500395976472647,8,0.0390229035152427,32
2025,2025_09_KC_BUF,BUF,9,KC,7.0,0.41219863410600854,0.5448087456539865,0.6213156287121823,0.019372422884904716,0.2313738702105798,-0.1724137931034483,0.10344827586206896,0.896551724137931,0.3783783783783784,-0.0659475601456579,-0.09333146086282804,34,22,29,26,4,0.12402088883391027,0.7533124692575561,24,0.10363435657312997,26,-0.3546926304303617,23
2025,2025_09_KC_BUF,KC,9,BUF,-7.0,-0.05723781577449821,0.0659475601456579,0.2813476198362203,0.09333146086282804,0.017526580114138903,-0.3783783783783784,0.08108108108108109,0.75,0.1724137931034483,-0.5448087456539865,-0.019372422884904716,38,26,16,34,8,-0.6341026338486699,0.3546926304303617,23,0.4327510422105358,12,-0.7533124692575561,24
2025,2025_09_LAC_TEN,LAC,9,TEN,7.0,0.18042698188265308,0.32411132728074926,0.38462617824733775,-0.11253053000629208,0.08430029829409295,-0.2857142857142857,0.17142857142857143,0.9047619047619048,0.2,-0.1620040918323429,0.28572966641386316,43,26,21,29,3,-0.20035071442968425,0.4056351172244391,25,-0.03597436528836701,19,-0.20923576758941592,20
2025,2025_09_LAC_TEN,TEN,9,LAC,-7.0,-0.1089304558602941,0.1620040918323429,0.12031121716063335,-0.28572966641386316,-0.17723924175599126,-0.2,0.16,0.8235294117647058,0.2857142857142857,-0.32411132728074926,0.11253053000629208,27,16,17,21,5,0.2954212907818135,0.20923576758941592,20,0.11545234216025321,14,-0.4056351172244391,25
2025,2025_09_MIN_DET,DET,9,MIN,-3.0,0.09830499062817652,0.35214612970751685,0.6454913454905061,-0.2283805958810267,-0.0070774566328567524,-0.2619047619047619,0.11904761904761904,0.9,0.3,-0.04058689355850202,-0.16955331353911837,42,29,20,37,8,-0.7112302775058192,0.48298488295028763,31,-0.16827984762817857,18,-0.05089536236066886,21
2025,2025_09_MIN_DET,MIN,9,DET,3.0,-0.17866531550433068,0.04058689355850202,0.04301409215549921,0.16955331353911837,-0.021526931048336057,-0.3,0.16666666666666666,0.8947368421052632,0.2619047619047619,-0.35214612970751685,0.2283805958810267,35,20,19,25,5,0.030878099170513273,0.05089536236066886,21,0.2522338266477592,17,-0.48298488295028763,31
2025,2025_09_NO_LA,LA,9,NO,24.0,0.3481982655474624,0.471041916867466,0.5023145145046356,0.14616963101434532,0.26580770541853005,-0.11764705882352941,0.058823529411764705,0.8947368421052632,0.08,-0.05693391543657922,0.9951870082489529,34,31,38,32,1,-0.4984086098847911,0.5537171758145509,30,0.3092341206057055,34,-0.12173612613190532,23
2025,2025_09_NO_LA,NO,9,LA,-24.0,-0.036974276689130954,0.05693391543657922,0.22969462019973536,-0.9951870082489529,-0.32076716913769954,-0.08,0.04,1.0,0.11764705882352941,-0.471041916867466,-0.14616963101434532,26,20,9,24,4,-0.8068696083792015,0.12173612613190532,23,-0.9951870082489529,9,-0.5537171758145509,30
2025,2025_09_SEA_WAS,SEA,9,WAS,24.0,0.9353306285868329,0.9353306285868329,0.9191853578830146,-0.12628059411442552,0.4484156475213808,-0.041666666666666664,0.0,0.7272727272727273,0.19230769230769232,-0.24974035548802928,0.0013902734417933704,24,21,22,24,3,1.0483475235135618,0.9140301909567148,23,0.10382403825860845,16,-0.3792095491537893,21
2025,2025_09_SEA_WAS,WAS,9,SEA,-24.0,-0.02404104320562022,0.24974035548802928,0.23243713179253964,-0.0013902734417933704,-0.019666099207355653,-0.19230769230769232,0.15384615384615385,0.88,0.041666666666666664,-0.9353306285868329,0.12628059411442552,36,20,25,22,2,0.42277259244292553,0.3792095491537893,21,0.15988523810334623,22,-0.9140301909567148,23
2025,2025_09_SF_NYG,NYG,9,SF,-10.0,0.20152062440500282,0.12076583826883665,0.17912607056659666,0.06637573016968633,0.1701477025289472,-0.08571428571428572,0.05714285714285714,0.8461538461538461,0.11538461538461539,-0.708324102988494,-0.22334331988399336,43,26,13,33,7,-0.09600073883712909,0.1377863889041793,32,0.14409912273351286,11,-0.6906791977088212,23
2025,2025_09_SF_NYG,SF,9,NYG,10.0,0.4967910957663098,0.708324102988494,0.9124643619694436,0.22334331988399336,0.3299612511886196,-0.11538461538461539,0.07692307692307693,0.8787878787878788,0.08571428571428572,-0.12076583826883665,-0.06637573016968633,29,15,33,24,9,0.36809033802024477,0.6906791977088212,23,0.3952275066684674,29,-0.1377863889041793,32
2025,2025_10_ARI_SEA,ARI,10,SEA,-22.0,-0.21428115222187022,0.16528134458995847,0.28815413311127086,-0.28448338613859053,-0.22821652929438926,-0.18,0.1,0.6470588235294117,0.15384615384615385,-0.7632272962042602,-0.09201102438824277,54,36,17,45,9,-0.32620980949529116,0.2855129320786347,41,0.4764796061155554,11,-0.7587164705691525,11
2025,2025_10_ARI_SEA,SEA,10,ARI,22.0,-0.10416796741438086,0.7632272962042602,0.8502953446076851,0.09201102438824277,0.07370413134805967,-0.15384615384615385,0.07692307692307693,0.8,0.18,-0.16528134458995847,0.28448338613859053,15,11,35,12,1,-0.19452123623341322,0.7587164705691525,11,0.29060696408883196,28,-0.2855129320786347,41
2025,2025_10_ATL_IND,ATL,10,IND,-6.0,-0.2936472128261397,-0.02024286955582074,0.15997644527365334,0.14445990572026554,-0.08573197012615077,-0.12903225806451613,0.0967741935483871,0.9285714285714286,0.24242424242424243,-0.4732028808510489,-0.28540976113839184,31,23,28,28,5,-0.8492517177714015,-0.017606990835667653,27,0.21811280012032197,26,-0.40763486714413605,25
2025,2025_10_ATL_IND,IND,10,ATL,6.0,0.023028564639887984,0.4732028808510489,0.43814869110815663,0.28540976113839184,0.16582703468845483,-0.24242424242424243,0.21212121212121213,0.9393939393939394,0.12903225806451613,0.02024286955582074,-0.14445990572026554,40,22,33,26,4,0.6660009244369562,0.40763486714413605,25,0.4532493140758962,31,0.017606990835667653,27
2025,2025_10_BAL_MIN,BAL,10,MIN,8.0,-0.0008162073272579298,-0.028559454783287228,0.05011806030637817,-0.03892700320095004,-0.02026523790896099,-0.13333333333333333,0.03333333333333333,0.7692307692307692,0.27906976744186046,0.1883536722994419,0.007939883852556813,38,23,26,29,6,-0.3301565959603379,0.020898711126258115,26,0.21645852126239315,20,0.34477057565776703,31
2025,2025_10_BAL_MIN,MIN,10,BAL,-8.0,-0.18553313728998846,-0.1883536722994419,-0.13449448887408977,-0.007939883852556813,-0.1476853947541424,-0.27906976744186046,0.023255813953488372,0.8461538461538461,0.13333333333333333,0.028559454783287228,0.03892700320095004,48,34,13,42,8,-0.41725520185718834,-0.34477057565776703,31,0.2309981122327202,11,-0.020898711126258115,26
2025,2025_10_BUF_MIA,BUF,10,MIA,-17.0,0.07730959711989287,0.17407271292759133,0.2750073758924071,-0.41240040619595675,-0.06020125151128279,-0.16279069767441862,0.06976744186046512,0.75,0.09523809523809523,-0.42892714934645354,-0.24197031912558625,48,30,16,40,10,-0.1287312759668559,-0.004478394084596826,36,-0.3919631205984236,12,-0.5152245172434246,19
2025,2025_10_BUF_MIA,MIA,10,BUF,17.0,0.42892714934645354,0.42892714934645354,0.5097006822819825,0.24197031912558625,0.312316327215032,-0.09523809523809523,0.0,0.7586206896551724,0.16279069767441862,-0.17407271292759133,0.41240040619595675,21,15,29,21,6,0.22699331700763103,0.5152245172434246,19,0.6462780145353088,22,0.004478394084596826,36
2025,2025_10_CLE_NYJ,CLE,10,NYJ,-7.0,-0.05831007286428988,0.07761293712576296,0.14382969005061827,-0.24038492145482449,-0.08239375050718023,-0.18421052631578946,0.15789473684210525,0.72,0.5,0.6327813393224717,0.15485313476869575,43,27,25,32,5,-0.2799575286684557,0.021772131582579204,31,-0.023395013452197036,18,1.4155818567045837,7
2025,2025_10_CLE_NYJ,NYJ,10,CLE,7.0,-0.4785431517229098,-0.6327813393224717,-1.1602035221747231,-0.15485313476869575,-0.29455701669196765,-0.5,0.21428571428571427,0.75,0.18421052631578946,-0.07761293712576296,0.24038492145482449,19,9,24,11,2,1.7406184835126601,-1.4155818567045837,7,0.09848532390960446,18,-0.021772131582579204,31
2025,2025_10_DET_WAS,DET,10,WAS,22.0,0.6853817619685815,0.6853817619685815,0.8999496948097545,0.2643989238690701,0.490552863990323,-0.14285714285714285,0.0,0.9375,0.20833333333333334,-0.6910935404399574,0.11083460941406603,35,27,32,35,8,-0.038785011370377376,0.7699889820851626,30,0.3236829038510564,30,-0.5927555018651443,19
2025,2025_10_DET_WAS,WAS,10,DET,-22.0,0.44647213916146555,0.6910935404399574,0.7273336746831065,-0.11083460941406603,0.19513772313720618,-0.20833333333333334,0.08333333333333333,0.8695652173913043,0.14285714285714285,-0.6853817619685815,-0.2643989238690701,28,21,23,22,1,-0.06994927866617218,0.5927555018651443,19,0.024042740094591758,20,-0.7699889820851626,30
2025,2025_10_JAX_HOU,HOU,10,JAX,7.0,0.045548272832232416,0.05899548166036296,0.03674990220423905,0.20333085882195626,0.07419571370326838,-0.0851063829787234,0.0425531914893617,0.8947368421052632,0.17857142857142858,-0.27500801156188254,0.19828903211672075,50,40,19,45,5,0.23696011730935423,0.0017114882435183903,43,0.341474848395378,17,-0.27500801156188254,23
2025,2025_10_JAX_HOU,JAX,10,HOU,-7.0,-0.19846527243453302,0.27500801156188254,0.352993663492297,-0.19828903211672075,-0.22263341862759897,-0.17857142857142858,0.17857142857142858,0.75,0.0851063829787234,-0.05899548166036296,-0.20333085882195626,33,16,20,23,7,0.09675509286379239,0.27500801156188254,23,0.12479709036027382,15,-0.0017114882435183903,43
2025,2025_10_LA_SF,LA,10,SF,16.0,0.6116259063057589,0.6583181677083808,0.8036056536150302,0.13576187934032274,0.4108707699297155,-0.1891891891891892,0.02702702702702703,0.8148148148148149,0.02564102564102564,-0.327040781493848,0.2235419177595758,37,31,27,36,5,-0.24246424491284557,0.611165993993442,30,0.3250990535518874,22,-0.4705768263359603,38
2025,2025_10_LA_SF,SF,10,LA,-16.0,0.3285621543982416,0.327040781493848,0.44035027438076213,-0.2235419177595758,0.1445274636789691,-0.02564102564102564,0.0,0.85,0.1891891891891892,-0.6583181677083808,-0.13576187934032274,40,26,20,39,13,0.10042179572001973,0.4705768263359603,38,0.06834132001077864,17,-0.611165993993442,30
2025,2025_10_LV_DEN,DEN,10,LV,3.0,-0.36222219806929956,-0.152721959679588,-0.13627707935754502,-0.08735887100390904,-0.2522768672431434,-0.13333333333333333,0.06666666666666667,0.8181818181818181,0.24242424242424243,0.23649305174013585,0.15841712073015507,33,21,22,28,7,-0.20205660064571696,-0.13186513506929273,26,0.05788301916456695,18,0.2974821369283666,25
2025,2025_10_LV_DEN,LV,10,DEN,-3.0,-0.5147175473283165,-0.23649305174013585,0.07503580015863405,-0.15841712073015507,-0.3900550544295582,-0.24242424242424243,0.18181818181818182,0.85,0.13333333333333333,0.152721959679588,0.08735887100390904,36,19,20,27,8,-0.9763740749997144,-0.2974821369283666,25,-0.06031869686386718,17,0.13186513506929273,26
2025,2025_10_NE_TB,NE,10,TB,5.0,0.05658754770717509,0.22748042838159754,0.3214126655802828,0.47503207555334764,0.17789473459285104,-0.1875,0.03125,0.6842105263157895,0.1111111111111111,-0.11141970556580419,-0.08951778173765303,38,28,19,31,3,-0.6492204521394648,-0.05532490056178249,26,1.0359605322345689,13,-0.22180607238993036,40
2025,2025_10_NE_TB,TB,10,NE,-5.0,0.021516018650641358,0.11141970556580419,0.26674810597296883,0.08951778173765303,0.04433766933688483,-0.1111111111111111,0.044444444444444446,0.8421052631578947,0.1875,-0.22748042838159754,-0.47503207555334764,45,36,19,43,7,-0.6874120679567568,0.22180607238993036,40,0.26505608601291947,16,0.05532490056178249,26
2025,2025_10_NO_CAR,CAR,10,NO,-10.0,-0.5437331439881197,-0.3258691676284816,-0.25378180085040186,-0.24775758502627965,-0.4194234092241469,-0.1111111111111111,0.07407407407407407,0.9047619047619048,0.16666666666666666,-0.5982141854458015,0.07712905887791952,29,19,21,25,6,-0.554145829092401,-0.2731911724573975,24,-0.13744832161740467,19,-0.767612661717496,25
2025,2025_10_NO_CAR,NO,10,CAR,10.0,0.3512399516076202,0.5982141854458015,0.8518208211323228,-0.07712905887791952,0.1617636877947151,-0.16666666666666666,0.06666666666666667,0.8461538461538461,0.1111111111111111,0.3258691676284816,0.24775758502627965,31,20,26,28,8,-0.03580240377050181,0.767612661717496,25,0.034566846866668735,22,0.2731911724573975,24
2025,2025_10_NYG_CHI,CHI,10,NYG,4.0,0.011660670847703645,-0.168371298727981,0.09551924329214756,0.05705081318446938,0.026302652246660355,-0.08333333333333333,0.0,0.95,0.2,-0.21530315691832966,0.1498691018919504,42,27,20,36,9,-0.9600429247883668,-0.1353859630877751,33,0.17255934202541198,19,-0.30243821238096413,32
2025,2025_10_NYG_CHI,NYG,10,CHI,-4.0,0.07567850976843414,0.21530315691832966,0.26087050382506793,-0.1498691018919504,0.004792117532313262,-0.2,0.1,0.7272727272727273,0.08333333333333333,0.168371298727981,-0.05705081318446938,48,27,22,36,9,0.07860111619811486,0.30243821238096413,32,0.11761262324944252,16,0.1353859630877751,33
2025,2025_10_PHI_GB,GB,10,PHI,-3.0,-0.14831492036634847,-0.06264421510769187,-0.09291975953293793,-0.22172667046701983,-0.17316197424657573,-0.21052631578947367,0.07894736842105263,0.8636363636363636,0.0,-0.32669329790447754,0.27556225011853974,43,26,22,35,9,0.02481846878746345,0.09173955891755249,30,0.024616063290618693,19,-0.32669329790447754,26
2025,2025_10_PHI_GB,PHI,10,GB,3.0,0.10640479351634229,0.32669329790447754,0.2907373873313195,-0.27556225011853974,-0.07821261090718402,0.0,0.0,0.8275862068965517,0.21052631578947367,0.06264421510769187,0.22172667046701983,31,18,29,26,8,0.4075940966940831,0.32669329790447754,26,-0.10169305405839184,24,-0.09173955891755249,30
2025,2025_10_PIT_LAC,LAC,10,PIT,15.0,-0.10483002566572315,0.031034373327813922,0.005422975699394846,-0.04648896220169884,-0.08252314845889033,-0.23684210526315788,0.13157894736842105,0.7692307692307692,0.14705882352941177,0.4569800830079517,0.0462640715195449,42,32,26,33,1,0.8505990974372244,0.07113460955024492,29,0.20254326591893107,20,0.4292313508979885,29
2025,2025_10_PIT_LAC,PIT,10,LAC,-15.0,-0.5320600154927307,-0.4569800830079517,-0.4589674108851474,-0.0462640715195449,-0.3766053134213113,-0.14705882352941177,0.08823529411764706,0.9375,0.23684210526315788,-0.031034373327813922,0.04648896220169884,34,23,16,31,8,-0.4512665153610138,-0.4292313508979885,29,0.03606816115013009,15,-0.07113460955024492,29
2025,2025_11_BAL_CLE,BAL,11,CLE,7.0,-0.3519151083771072,-0.25252997543065075,-0.2553684348406932,0.023190528148310092,-0.0883295588667411,-0.23333333333333334,0.16666666666666666,0.75,0.3448275862068966,0.40671764543215044,0.22779166189904673,32,19,24,25,6,-0.243541520632183,-0.3051935521866338,23,0.3429475807368165,18,-0.008684361061845097,19
2025,2025_11_BAL_CLE,CLE,11,BAL,-7.0,-0.5371484797353241,-0.40671764543215044,-0.343370518459467,-0.22779166189904673,-0.4091096535774217,-0.3448275862068966,0.10344827586206896,0.736842105263158,0.23333333333333334,0.25252997543065075,-0.023190528148310092,34,22,19,26,4,-0.7551268437819094,0.008684361061845097,19,0.11877809768442889,14,0.3051935521866338,23
2025,2025_11_CAR_ATL,ATL,11,CAR,-3.0,0.26107675330987135,0.23153446503586003,0.29665645193706797,-0.03842421555096857,0.12681769830328793,-0.03333333333333333,0.0,0.8461538461538461,0.2,-0.6205252003469877,0.18970090006097354,32,22,26,30,8,0.05244900105753825,0.29052574160843003,29,0.16043324696775862,22,-0.6464522479176943,40
2025,2025_11_CAR_ATL,CAR,11,ATL,3.0,0.28272045977314536,0.6205252003469877,0.83709802573336,-0.18970090006097354,0.12950272144856625,-0.2,0.1,0.9583333333333334,0.03333333333333333,-0.23153446503586003,0.03842421555096857,50,34,24,45,11,-0.048881714483617535,0.6464522479176943,40,-0.17244673327034157,23,-0.29052574160843003,29
2025,2025_11_CHI_MIN,CHI,11,MIN,2.0,-0.040731310344207364,0.06565157091164547,0.23417879044495796,-0.08718723024617635,-0.0475844152494683,-0.14705882352941177,0.058823529411764705,0.7647058823529411,0.15625,0.40818487820920174,-0.12114825664320988,38,26,34,32,6,-0.664633047066042,0.19290763826837037,29,0.25310432592235593,26,0.31334743835824014,27
2025,2025_11_CHI_MIN,MIN,11,CHI,-2.0,-0.40818487820920174,-0.40818487820920174,-0.3262541322507716,0.12114825664320988,-0.19253063808414517,-0.15625,0.0,1.0,0.14705882352941177,-0.06565157091164547,0.08718723024617635,32,26,22,32,6,-0.7632181106957324,-0.31334743835824014,27,0.12114825664320988,22,-0.19290763826837037,29
2025,2025_11_CIN_PIT,CIN,11,PIT,-22.0,-0.4227775999803986,-0.3967057344403843,-0.45633564783744274,0.11004258700400942,-0.23671340770012914,-0.07317073170731707,0.024390243902439025,0.8636363636363636,0.125,-0.44220959978118396,0.03242207771668638,41,31,22,40,9,-0.1913138105171832,-0.1577731519342231,38,0.13908112951627902,19,-0.579913280887008,28
2025,2025_11_CIN_PIT,PIT,11,CIN,22.0,0.38182364269378777,0.44220959978118396,0.3113593870709119,-0.03242207771668638,0.19927468115696867,-0.125,0.03125,0.8846153846153846,0.07317073170731707,0.3967057344403843,-0.11004258700400942,33,19,26,31,12,0.6493891032391147,0.579913280887008,28,0.03670514751043502,23,0.1577731519342231,38
2025,2025_11_DAL_LV,DAL,11,LV,17.0,0.25184390721401173,0.43495427211503374,0.507166912573406,-0.015126868860399535,0.13367651452533785,-0.11764705882352941,0.029411764705882353,0.8518518518518519,0.21739130434782608,0.11628465189200038,0.12734907476988222,34,28,27,33,5,0.030563485548149315,0.6051550459330122,30,0.10276462489475849,23,-0.036227741458691315,36
2025,2025_11_DAL_LV,LV,11,DAL,-17.0,-0.23224873130538293,-0.11628465189200038,-0.013419080466796135,-0.12734907476988222,-0.21752597249338285,-0.21739130434782608,0.08695652173913043,0.5,0.11764705882352941,-0.43495427211503374,0.015126868860399535,49,29,8,42,13,-0.34575400353284064,0.036227741458691315,36,0.8046644960704707,4,-0.6051550459330122,30
2025,2025_11_DET_PHI,DET,11,PHI,-7.0,-0.3657237643507864,-0.3117578208944186,-0.6902982418348537,-0.4062762449159181,-0.4007645259548519,-0.1794871794871795,0.05128205128205128,0.8333333333333334,0.034482758620689655,0.21537851964609375,0.13592507194844028,39,27,18,37,10,0.710301315644756,-0.13381785022836185,32,-0.11550307855941332,15,0.21537851964609375,28
2025,2025_11_DET_PHI,PHI,11,DET,7.0,-0.3032796559231553,-0.21537851964609375,-0.15599773888424273,-0.13592507194844028,-0.22944675122842803,-0.034482758620689655,0.034482758620689655,0.8,0.1794871794871795,0.3117578208944186,0.4062762449159181,38,25,30,28,3,-0.7102183593281856,-0.21537851964609375,28,0.13211816544693059,24,0.13381785022836185,32
2025,2025_11_GB_NYG,GB,11,NYG,7.0,0.4216483325994155,0.4679013854832965,0.5183637892047919,0.16572777214031137,0.3358215870878969,-0.2857142857142857,0.07142857142857142,0.9473684210526316,0.16129032258064516,-0.3385628489636948,-0.05459734683224425,31,23,19,26,3,0.08102295695183177,0.43316828792740153,20,0.19986408422765697,18,-0.21031586752416453,26
2025,2025_11_GB_NYG,NYG,11,GB,-7.0,0.254984312726954,0.3385628489636948,0.2358193107938866,0.05459734683224425,0.15184396263408875,-0.16129032258064516,0.06451612903225806,0.9142857142857143,0.2857142857142857,-0.4679013854832965,-0.16572777214031137,33,24,35,29,5,0.8317318321787743,0.21031586752416453,26,0.15295347444953244,32,-0.43316828792740153,20
2025,2025_11_HOU_TEN,HOU,11,TEN,3.0,-0.007117332114718927,0.27167093002582643,0.3528277924334657,-0.20091682082920603,-0.06696717421772226,-0.15555555555555556,0.08888888888888889,0.7142857142857143,0.125,-0.13770432497667226,0.4966719012408772,47,36,21,41,5,-0.3126584793091759,0.31956641597286056,38,0.019808929400249062,15,-0.0449843305650357,35
2025,2025_11_HOU_TEN,TEN,11,HOU,-3.0,0.0029416810711675716,0.13770432497667226,0.19100931616371014,-0.4966719012408772,-0.11977042686512412,-0.125,0.075,0.7857142857142857,0.15555555555555556,-0.27167093002582643,0.20091682082920603,43,28,14,37,9,-0.028133425383001134,0.0449843305650357,35,-0.40977226444105064,11,-0.31956641597286056,38
2025,2025_11_KC_DEN,DEN,11,KC,3.0,0.09757153074686618,0.2006911335883459,0.4224488307634293,-0.09929895001080088,0.03274600573464166,-0.125,0.05,0.8235294117647058,0.16666666666666666,-0.09198563790573668,-0.1532471382524819,42,28,17,38,10,-0.42023041850188764,0.32387544176904665,35,0.05669839894315913,14,-0.004776422056937941,40
2025,2025_11_KC_DEN,KC,11,DEN,-3.0,0.016732353110339823,0.09198563790573668,0.3358809938753364,0.1532471382524819,0.04535642096272446,-0.16666666666666666,0.0625,0.8461538461538461,0.125,-0.2006911335883459,0.09929895001080088,49,37,13,45,8,-1.036030383453662,0.004776422056937941,40,0.30154790939361037,11,-0.32387544176904665,35
2025,2025_11_LAC_JAX,JAX,11,LAC,29.0,0.07012411835603423,0.10853404505046055,0.18164782825479064,0.08567941666461568,0.07959256080473599,-0.09090909090909091,0.0,0.8809523809523809,0.1724137931034483,0.5989407504076332,0.2127840965171342,27,20,42,22,2,-0.6226037869928405,0.11141638250119298,20,0.19962624619113986,37,0.5629828331420098,24
2025,2025_11_LAC_JAX,LAC,11,JAX,-29.0,-0.5966513048729087,-0.5989407504076332,-0.4010445220693315,-0.2127840965171342,-0.5113474807938477,-0.1724137931034483,0.10344827586206896,0.7,0.09090909090909091,-0.10853404505046055,-0.08567941666461568,35,20,10,26,6,-1.2585948448686386,-0.5629828331420098,24,-0.006296836055948282,7,-0.11141638250119298,20
2025,2025_11_NYJ_NE,NE,11,NYJ,13.0,0.3145151662179804,0.4217098777715341,0.491881182909612,-0.031092492194905372,0.16685830179392724,-0.11428571428571428,0.02857142857142857,0.8636363636363636,0.20689655172413793,0.18652043744266308,-0.09127211576560476,37,28,22,34,6,0.09424378712717078,0.5170604371408147,31,0.09050652258145199,19,0.11121634397979654,23
2025,2025_11_NYJ_NE,NYJ,11,NE,-13.0,-0.15486901312833656,-0.18652043744266308,-0.07776476032978996,0.09127211576560476,-0.0850973869776028,-0.20689655172413793,0.06896551724137931,1.0,0.11428571428571428,-0.4217098777715341,0.031092492194905372,40,22,16,27,5,-0.6650454167393048,-0.11121634397979654,23,0.09127211576560476,16,-0.5170604371408147,31
2025,2025_11_SEA_LA,LA,11,SEA,2.0,-0.3379342173429901,-0.3379342173429901,-0.25059793144717524,0.043065321753965456,-0.17388195808161966,-0.10714285714285714,0.0,0.7,0.06818181818181818,0.2985575765361339,0.1353978699320076,28,23,20,28,5,-0.7396811324637387,-0.2030771686811925,25,0.4224171993597078,14,0.032872555783741375,41
2025,2025_11_SEA_LA,SEA,11,LA,-2.0,-0.26259667351366817,-0.2985575765361339,-0.4367064666516278,-0.1353978699320076,-0.19965516479720188,-0.06818181818181818,0.0,0.9655172413793104,0.10714285714285714,0.3379342173429901,-0.043065321753965456,46,37,29,44,7,0.43165798550290546,-0.032872555783741375,41,-0.12261200453109003,28,0.2030771686811925,25
2025,2025_11_SF_ARI,ARI,11,SF,-19.0,0.10884701951578517,0.12921003818477192,0.2283765768193486,-0.07601484779128856,0.07546918236311909,-0.07017543859649122,0.0,0.8461538461538461,0.1111111111111111,-0.4587795848442932,-0.12005561137283673,59,42,13,57,15,-0.14845626999204278,0.2616380773765176,53,0.10341929167572532,11,-0.4300311318069594,24
2025,2025_11_SF_ARI,SF,11,ARI,19.0,0.28518892747668545,0.4587795848442932,0.48906520022786737,0.12005561137283673,0.21441750628932174,-0.1111111111111111,0.037037037037037035,0.8571428571428572,0.07017543859649122,-0.12921003818477192,0.07601484779128856,28,16,21,26,10,0.4103226002305746,0.4300311318069594,24,0.2569745928113762,18,-0.2616380773765176,53
2025,2025_11_TB_BUF,BUF,11,TB,12.0,0.48881339084840686,0.4462620936205522,0.07467719670704452,-0.2061499759729485,0.26590061281136834,-0.03333333333333333,0.0,0.7647058823529411,0.10344827586206896,0.08159464742410517,-0.20669809519313248,36,25,17,30,5,2.3041865781880904,0.6404178988894454,29,-0.06229794409815569,13,-0.0007063285848384146,26
2025,2025_11_TB_BUF,TB,11,BUF,-12.0,0.03507690791448031,-0.08159464742410517,-0.24059050117741138,0.20669809519313248,0.08378146815195343,-0.10344827586206896,0.034482758620689655,0.8620689655172413,0.03333333333333333,-0.4462620936205522,0.2061499759729485,34,22,29,28,6,0.5013901496713509,0.0007063285848384146,26,0.3474464417900889,25,-0.6404178988894454,29
2025,2025_11_WAS_MIA,MIA,11,WAS,3.0,0.08528118756045604,0.3585113862907752,0.40057073047695135,-0.09785059019440846,-0.019850018187706934,-0.13043478260869565,0.13043478260869565,0.7741935483870968,0.16129032258064516,-0.197281228794346,0.07209836183756142,23,15,31,20,5,0.23233335373224673,0.3585113862907752,20,0.2869028241920966,24,-0.44312814914910026,26
2025,2025_11_WAS_MIA,WAS,11,MIA,-3.0,0.1524390282126395,0.197281228794346,0.10157345300393442,-0.07209836183756142,0.07062747970214615,-0.16129032258064516,0.03225806451612903,0.8214285714285714,0.13043478260869565,-0.3585113862907752,0.09785059019440846,35,25,28,30,5,0.675820107746404,0.44312814914910026,26,0.13919576657834765,23,-0.3585113862907752,20
2025,2025_12_ATL_NO,ATL,12,NO,14.0,-0.14940745289998864,0.08090420907881835,0.05141495804042135,-0.11116071639817064,-0.11221282572562641,-0.12,0.12,0.8148148148148149,0.16,0.23276960205849576,0.14796781671466314,26,17,27,22,5,0.18116766260936812,0.08090420907881835,22,0.09997373761871658,22,0.2471743918070448,42
2025,2025_12_ATL_NO,NO,12,ATL,-14.0,-0.40157857258991164,-0.23276960205849576,-0.14948076120344905,-0.14796781671466314,-0.2748235859631687,-0.16,0.1,0.9,0.12,-0.08090420907881835,0.11116071639817064,57,34,10,45,11,-0.49020783742864005,-0.2471743918070448,42,-0.055161589885958505,9,-0.08090420907881835,22
2025,2025_12_BUF_HOU,BUF,12,HOU,-4.0,-0.2153172892076248,-0.023659608072557344,-0.18807484385552062,-0.04048905832582695,-0.16421365248832995,-0.2619047619047619,0.19047619047619047,0.8421052631578947,0.13333333333333333,0.21174410061675855,-0.029887876530251697,46,25,19,34,9,0.43304938021345174,0.04925172877377805,31,0.3281848798542343,16,0.06359353187455764,26
2025,2025_12_BUF_HOU,HOU,12,BUF,4.0,-0.13510317154103071,-0.21174410061675855,-0.07183168725144001,0.029887876530251697,-0.06426352002561594,-0.13333333333333333,0.0,0.7272727272727273,0.2619047619047619,0.023659608072557344,0.04048905832582695,32,26,22,30,4,-1.1211747874913292,-0.06359353187455764,26,0.3229226201801792,16,-0.04925172877377805,31
2025,2025_12_CAR_SF,CAR,12,SF,-11.0,-0.23785325194765713,-0.2599515956109777,-0.43253876564497334,0.022822231203058874,-0.18329326710215849,-0.1,0.03333333333333333,1.0,0.03125,0.09901634321647762,0.05064024994946775,34,19,9,29,10,0.06796402745361405,-0.27914517739555583,27,0.022822231203058874,9,0.09605157749214428,31
2025,2025_12_CAR_SF,SF,12,CAR,11.0,0.05263132294738851,-0.09901634321647762,-0.2044130778223303,-0.05064024994946775,-0.0013478750223232397,-0.03125,0.0,0.8387096774193549,0.1,0.2599515956109777,-0.022822231203058874,36,23,31,32,9,0.1703308674429237,-0.09605157749214428,31,0.12130023691327614,26,0.27914517739555583,27
2025,2025_12_CLE_LV,CLE,12,LV,14.0,-0.12489504988057133,-0.07570680975979438,-0.38753246159069554,-0.26206940475337165,-0.2182791154299419,-0.23809523809523808,0.047619047619047616,0.5833333333333333,0.2962962962962963,-0.00962955136963447,0.4425639520987818,21,15,24,20,5,0.8597701457329091,0.18078034743584884,16,0.2152061328649453,14,-0.12593851549220147,38
2025,2025_12_CLE_LV,LV,12,CLE,-14.0,-0.3617925584522935,0.00962955136963447,-0.06241493477919231,-0.4425639520987818,-0.3811776929274507,-0.2962962962962963,0.18518518518518517,0.7222222222222222,0.23809523809523808,0.07570680975979438,0.26206940475337165,57,31,18,44,13,0.18142794141683682,0.12593851549220147,38,-0.2718957914711119,13,-0.18078034743584884,16
2025,2025_12_IND_KC,IND,12,KC,-3.0,0.10522050572672934,0.04611859794571775,0.0856017474571548,-0.2300398657498593,-0.004252268632973072,-0.1935483870967742,0.0,0.6875,0.16,-0.22557465535516333,0.23424117206951436,33,27,16,31,4,-0.22039266125648238,0.0790485688159247,25,0.1837446716804572,11,-0.1781711114446726,42
2025,2025_12_IND_KC,KC,12,IND,3.0,0.1951747833989011,0.22557465535516333,0.2898748256640768,-0.23424117206951436,0.0025446745604558664,-0.16,0.08,0.8055555555555556,0.1935483870967742,-0.04611859794571775,0.2300398657498593,54,34,36,46,12,0.04339083947990844,0.1781711114446726,42,-0.06527560265746696,29,-0.0790485688159247,25
2025,2025_12_JAX_ARI,ARI,12,JAX,-3.0,-0.13484026486325476,0.006451572624371773,0.07486829780619533,-0.09769873273326089,-0.146952324809659,-0.25,0.10714285714285714,0.7333333333333334,0.15151515151515152,0.04049690734671244,0.23145173309856795,59,38,15,50,12,-0.21020139045140285,0.1186854812090545,42,0.11980086179788821,11,0.021534308115936294,28
2025,2025_12_JAX_ARI,JAX,12,ARI,3.0,-0.16112955179477725,-0.04049690734671244,-0.10934430256065118,-0.23145173309856795,-0.18808638796123042,-0.15151515151515152,0.09090909090909091,0.8695652173913043,0.25,-0.006451572624371773,0.09769873273326089,37,25,23,30,5,0.30374006872298126,-0.021534308115936294,28,-0.1353645784693072,20,-0.1186854812090545,42
2025,2025_12_MIN_GB,GB,12,MIN,17.0,0.25724314950483573,0.33482320050773495,0.3824987376170203,-0.11210935096296264,0.024495087762468302,-0.21739130434782608,0.043478260869565216,0.75,0.375,0.5069172733482873,0.05306762698284538,26,18,36,22,4,0.12028328351595086,0.21894129183558564,18,0.17641731401849423,27,0.5052362135434422,15
2025,2025_12_MIN_GB,MIN,12,GB,-17.0,-0.6493764920774429,-0.5069172733482873,-0.6175596105417106,-0.05306762698284538,-0.42938007633339015,-0.375,0.20833333333333334,0.8235294117647058,0.21739130434782608,-0.33482320050773495,0.11210935096296264,26,14,17,19,5,-0.19711872920670218,-0.5052362135434422,15,0.35268613143541266,14,-0.21894129183558564,18
2025,2025_12_NE_CIN,CIN,12,NE,-6.0,-0.3385143685879264,-0.28709337548943115,0.10450806401575115,0.0691319238616244,-0.19337428153972716,-0.15789473684210525,0.02631578947368421,0.9047619047619048,0.08333333333333333,-0.26580390301472107,0.27848050183616574,39,29,21,37,8,-1.706648593695717,-0.2563735893391869,32,0.14329510749513794,19,-0.34038530867905487,33
2025,2025_12_NE_CIN,NE,12,CIN,6.0,0.15711624017015288,0.26580390301472107,0.3983711601416787,-0.27848050183616574,0.003567308900269438,-0.08333333333333333,0.027777777777777776,0.76,0.15789473684210525,0.28709337548943115,-0.0691319238616244,40,27,25,35,8,-0.181610589788761,0.34038530867905487,33,0.08745396543465749,19,0.2563735893391869,32
2025,2025_12_NYG_DET,DET,12,NYG,7.0,-0.14428399789894913,-0.003954760528991036,0.19365559308030447,0.777635987800022,0.14838901343405755,-0.16279069767441862,0.06976744186046512,0.9,0.18421052631578946,-0.42794214008621373,0.1966526961554978,43,23,20,40,17,-0.2713099448239203,0.09213306173448649,36,0.9359522733381408,18,-0.4321193655726918,31
2025,2025_12_NYG_DET,NYG,12,DET,-7.0,0.39064437687896697,0.42794214008621373,0.3696316871898657,-0.1966526961554978,0.11667236768513423,-0.18421052631578946,0.02631578947368421,0.8235294117647058,0.16279069767441862,0.003954760528991036,-0.777635987800022,41,29,34,37,8,0.6393175318354754,0.4321193655726918,31,0.009219776663355701,28,-0.09213306173448649,36
2025,2025_12_NYJ_BAL,BAL,12,NYJ,13.0,-0.0666250147212313,0.07898822352665687,0.1331224495424637,-0.05030302372862281,-0.04953882377230072,-0.041666666666666664,0.041666666666666664,0.9130434782608696,0.1935483870967742,-0.16071546007433493,0.6177122379798676,29,17,23,23,6,-0.07439208351812916,0.07898822352665687,23,0.010198070321210144,21,-0.20537170280818814,25
2025,2025_12_NYJ_BAL,NYJ,12,BAL,-13.0,0.052020346955002406,0.16071546007433493,-0.029949952774552546,-0.6177122379798676,-0.17015552693500405,-0.1935483870967742,0.0967741935483871,0.8,0.041666666666666664,-0.07898822352665687,0.05030302372862281,36,22,20,28,6,0.8598219738535889,0.20537170280818814,25,-0.598669419938233,16,-0.07898822352665687,23
2025,2025_12_PHI_DAL,DAL,12,PHI,3.0,0.14066274943067997,0.17647434859944588,0.3416652635702243,-0.032334655721965255,-0.021556584924375885,-0.16666666666666666,0.027777777777777776,0.8695652173913043,0.15,-0.17396519635793706,0.2971142472445285,39,31,23,35,4,-1.1037552424240868,0.41340338002482846,30,0.08503088687284632,20,-0.162888448252156,34
2025,2025_12_PHI_DAL,PHI,12,DAL,-3.0,0.14598923942382688,0.17396519635793706,0.4018014900106331,-0.2971142472445285,0.06195237126258708,-0.15,0.025,0.9090909090909091,0.16666666666666666,-0.17647434859944588,0.032334655721965255,47,28,11,39,11,-0.4059817329398346,0.162888448252156,34,-0.24291279246099268,10,-0.41340338002482846,30
2025,2025_12_PIT_CHI,CHI,12,PIT,3.0,0.09246930095054508,0.20563100652775912,0.27028535158124595,-0.19610024197609144,0.013785061849619765,-0.02857142857142857,0.02857142857142857,0.9,0.12121212121212122,-0.020886800191816237,-0.10371064081193922,38,29,20,34,5,-0.1693641947824645,0.20563100652775912,34,-0.13561634885586982,18,0.041630713395565254,29
2025,2025_12_PIT_CHI,PIT,12,CHI,-3.0,-0.12433608235248024,0.020886800191816237,0.035055559484753925,0.10371064081193922,0.0010508614814962562,-0.12121212121212122,0.06060606060606061,0.8275862068965517,0.02857142857142857,-0.20563100652775912,0.19610024197609144,36,25,29,31,6,-0.0381496968620908,-0.041630713395565254,29,0.3856193896596474,24,-0.20563100652775912,34
2025,2025_12_SEA_TEN,SEA,12,TEN,6.0,0.34904471336111687,0.4673357562470721,0.6180214712017597,0.22857380399706465,0.29043922414280726,-0.1111111111111111,0.037037037037037035,0.8235294117647058,0.2391304347826087,-0.22158849802162012,0.563152110105875,27,21,17,26,5,-0.16554424656261552,0.35712463034867575,24,0.5580078994930128,14,-0.2934824019836792,35
2025,2025_12_SEA_TEN,TEN,12,SEA,-6.0,0.16636393061030424,0.22158849802162012,0.44638353736705294,-0.563152110105875,-0.00528690249938498,-0.2391304347826087,0.08695652173913043,0.6875,0.1111111111111111,-0.4673357562470721,-0.22857380399706465,52,28,16,42,14,-0.22800158066924553,0.2934824019836792,35,-0.21914632098262457,11,-0.35712463034867575,24
2025,2025_12_TB_LA,LA,12,TB,27.0,0.2283174979443786,0.2862216691414926,0.4378942638263356,-0.15583241067973808,0.09561116587422923,-0.08333333333333333,0.027777777777777776,0.8947368421052632,0.15789473684210525,0.570888290736441,0.04468669166089975,36,33,19,35,2,-2.216376143158417,0.35708788394429514,33,-0.023554494207286652,17,0.5674447514102214,32
2025,2025_12_TB_LA,TB,12,LA,-27.0,-0.6648034193623421,-0.570888290736441,-0.575121827126298,-0.04468669166089975,-0.42991774065989946,-0.15789473684210525,0.10526315789473684,0.8181818181818181,0.08333333333333333,-0.2862216691414926,0.15583241067973808,43,28,22,34,6,-0.5511317875837752,-0.5674447514102214,32,0.09222493496943376,18,-0.35708788394429514,33
2025,2025_13_ARI_TB,ARI,13,TB,-3.0,0.11354785829149713,0.19731994572665215,0.10674630519213965,-0.4108983439036815,-0.026304462293883894,-0.17073170731707318,0.04878048780487805,0.875,0.06666666666666667,-0.17274464266222406,-0.005412887902431137,44,28,16,39,11,0.42787103072359306,0.24974872891794023,34,-0.15787351465301677,14,-0.17274464266222406,28
2025,2025_13_ARI_TB,TB,13,ARI,3.0,0.09806299527244025,0.17274464266222406,0.16125569131943449,0.005412887902431137,0.062032397961881175,-0.06666666666666667,0.06666666666666667,0.8095238095238095,0.17073170731707318,-0.19731994572665215,0.4108983439036815,33,20,21,28,8,0.20146702101919794,0.17274464266222406,28,0.22573328343295368,17,-0.24974872891794023,34
2025,2025_13_ATL_NYJ,ATL,13,NYJ,-3.0,0.1672530945746254,0.307638443070523,0.389922743954183,0.1765253255556847,0.17422654433470738,-0.2,0.05714285714285714,0.8387096774193549,0.17142857142857143,-0.016350586444688973,0.06708587643132842,35,22,31,33,11,0.14306984130320302,0.3744400796264144,28,0.4433135900505402,26,0.0625954955755099,29
2025,2025_13_ATL_NYJ,NYJ,13,ATL,3.0,0.07416033752870653,0.016350586444688973,0.04032645358295562,-0.06708587643132842,0.009249043064762336,-0.17142857142857143,0.05714285714285714,0.7894736842105263,0.2,-0.307638443070523,-0.1765253255556847,42,28,19,33,5,-0.11791426952960424,-0.0625954955755099,29,0.14054781942783548,15,-0.3744400796264144,28
2025,2025_13_BUF_PIT,BUF,13,PIT,19.0,0.3429357911377482,0.23472732572269628,0.14586572605573253,-0.07502799719967994,0.10006494115789129,-0.043478260869565216,0.0,0.8604651162790697,0.08,0.13967574253911094,0.24691692389794398,31,15,43,23,8,0.4013428250982533,0.14165839402068517,22,0.20385932099904774,37,0.12705046947255833,23
2025,2025_13_BUF_PIT,PIT,13,BUF,-19.0,-0.540197151059356,-0.13967574253911094,-0.12915753330647267,-0.24691692389794398,-0.42424915427461174,-0.08,0.04,0.8235294117647058,0.043478260869565216,-0.23472732572269628,0.07502799719967994,26,15,17,24,9,-0.15720609126017474,-0.12705046947255833,23,0.05253863815284713,14,-0.14165839402068517,22
2025,2025_13_CHI_PHI,CHI,13,PHI,9.0,-0.09828168143443307,-0.0977910318802186,0.22211101741004333,0.17658973424840946,0.041945224764682584,-0.15789473684210525,0.05263157894736842,0.925,0.03125,-0.10811017942189535,0.07913277882079653,42,29,40,36,7,-1.4230995217970182,-0.007412417734556573,32,0.3213096832104556,37,-0.1581550833514939,31
2025,2025_13_CHI_PHI,PHI,13,CHI,-9.0,0.004188606897371952,0.10811017942189535,0.2523979583157144,-0.07913277882079653,-0.017917066864591075,-0.03125,0.0,0.8461538461538461,0.15789473684210525,0.0977910318802186,-0.17658973424840946,36,27,13,32,5,-0.6710438266047273,0.1581550833514939,31,0.06878645414359527,11,0.007412417734556573,32
2025,2025_13_CIN_BAL,BAL,13,CIN,-18.0,-0.5328440174038409,-0.37735690884255746,-0.5403558303391598,0.14174712005478787,-0.34010369241566124,-0.17142857142857143,0.08571428571428572,0.8125,0.14893617021276595,-0.1629839715219644,0.2521962151170274,40,26,16,32,6,0.32897175097605275,-0.3597749674086587,29,0.3158311705606488,13,-0.16807866046096312,40
2025,2025_13_CIN_BAL,CIN,13,BAL,18.0,0.15419344822929917,0.1629839715219644,0.28395976988441024,-0.2521962151170274,-0.002346606773383503,-0.14893617021276595,0.02127659574468085,0.8620689655172413,0.17142857142857143,0.37735690884255746,-0.14174712005478787,50,35,29,46,11,-0.22193902326763604,0.16807866046096312,40,0.0127716687670052,25,0.3597749674086587,29
2025,2025_13_DEN_WAS,DEN,13,WAS,1.0,0.24293485034201778,0.26464373462795066,0.34081627918919966,0.0034789750323396262,0.18286670500816082,-0.08695652173913043,0.021739130434782608,0.8,0.11538461538461539,-0.07093434462090678,-0.1851393660555396,48,32,20,45,13,0.07714208647718383,0.24370243415206408,42,0.1656101293156098,16,-0.2476674856152356,46
2025,2025_13_DEN_WAS,WAS,13,DEN,-1.0,0.08220533422598787,0.07093434462090678,0.3072784264346878,0.1851393660555396,0.08486199814935576,-0.11538461538461539,0.038461538461538464,0.8095238095238095,0.08695652173913043,-0.26464373462795066,-0.0034789750323396262,61,42,21,50,8,-1.1698720849014435,0.2476674856152356,46,0.42666799481958195,17,-0.24370243415206408,42
2025,2025_13_GB_DET,DET,13,GB,-7.0,0.33559802672256306,0.49798010473131066,0.5279308174254516,-0.24633347994781032,0.03874003898290986,-0.2,0.1,0.6785714285714286,0.06666666666666667,-0.5450136255245339,0.02293394699448826,31,21,28,27,6,0.3931526103018174,0.6749719082630098,24,0.27951766785822363,19,-0.5249518077726401,28
2025,2025_13_GB_DET,GB,13,DET,7.0,0.4983227355865377,0.5450136255245339,0.6621724593564413,-0.02293394699448826,0.2887752895080806,-0.06666666666666667,0.0,0.8571428571428572,0.2,-0.49798010473131066,0.24633347994781032,32,26,21,30,4,-0.21651879438286414,0.5249518077726401,28,0.07827022109025447,18,-0.6749719082630098,24
2025,2025_13_HOU_IND,HOU,13,IND,4.0,0.16775805567519975,0.31832244415788974,0.42692738306477523,-0.09934357461939466,0.011093858853163361,-0.13513513513513514,0.05405405405405406,0.75,0.21428571428571427,-0.10687285232607574,0.08643604132590707,38,31,28,35,4,-0.5233658323704726,0.34070117272627454,32,0.08336202550396725,21,-0.34065739938428097,22
2025,2025_13_HOU_IND,IND,13,HOU,-4.0,-0.0005685532561135445,0.10687285232607574,0.23333898691530086,-0.08643604132590707,-0.11632910457837009,-0.21428571428571427,0.03571428571428571,0.8095238095238095,0.13513513513513514,-0.31832244415788974,0.09934357461939466,29,20,21,27,7,-0.25445896078599606,0.34065739938428097,22,0.15127729301970955,17,-0.34070117272627454,32
2025,2025_13_JAX_TEN,JAX,13,TEN,22.0,0.21947893820117403,0.36572413072981647,0.5224458146106408,-0.3624390132899861,0.01299133000826798,-0.16666666666666666,0.1,0.8,0.12195121951219512,0.5199780247116561,-0.009072076349790547,33,23,20,27,4,-0.5354255515849231,0.34915408760076344,25,-0.22765645710023813,16,0.43419967832974593,36
2025,2025_13_JAX_TEN,TEN,13,JAX,-22.0,-0.549620287506504,-0.5199780247116561,-0.3983293007495227,0.009072076349790547,-0.4241798394368504,-0.12195121951219512,0.07317073170731707,0.9166666666666666,0.16666666666666666,-0.36572413072981647,0.3624390132899861,42,27,12,38,11,-0.8185703471641653,-0.43419967832974593,36,0.13272896601119968,11,-0.34915408760076344,25
2025,2025_13_KC_DAL,DAL,13,KC,3.0,0.3731782864916646,0.3731782864916646,0.38225868544987596,-0.12798731244401979,0.21834241261353407,-0.15384615384615385,0.0,0.9,0.24324324324324326,-0.5210983738755144,0.14902279673226376,39,34,20,39,5,0.3114315735758275,0.5319308709395664,33,-0.01412319522933088,18,-0.5240628375010725,28
2025,2025_13_KC_DAL,KC,13,DAL,-3.0,0.44902613657904966,0.5210983738755144,0.6231147531611239,-0.14902279673226376,0.24995369634610415,-0.24324324324324326,0.08108108108108109,0.8235294117647058,0.15384615384615385,-0.3731782864916646,0.12798731244401979,40,28,17,34,6,0.045021937209336706,0.5240628375010725,28,0.15013244669950973,14,-0.5319308709395664,33
2025,2025_13_LA_CAR,CAR,13,LA,3.0,0.6272995151122062,0.8244387213315347,0.7639468703380164,-0.02962515805681608,0.23759843780854886,-0.09090909090909091,0.09090909090909091,0.9142857142857143,0.06666666666666667,-0.10853088026176112,-0.525153923747712,24,15,35,20,5,1.0059142743120895,0.8244387213315347,20,0.039986705427509504,32,-0.10853088026176112,28
2025,2025_13_LA_CAR,LA,13,CAR,-3.0,-0.11706899175769693,0.10853088026176112,0.1555720089840735,0.525153923747712,0.13982017444446668,-0.06666666666666667,0.06666666666666667,1.0,0.09090909090909091,-0.8244387213315347,0.02962515805681608,30,26,20,28,2,-0.5030037931283,0.10853088026176112,28,0.525153923747712,20,-0.8244387213315347,20
2025,2025_13_LV_LAC,LAC,13,LV,17.0,0.24287657676589422,0.5770517038574415,0.5675757992493985,0.05386620782276916,0.13819391088970187,-0.16666666666666666,0.125,0.7777777777777778,0.2857142857142857,-0.3781669118084793,0.7201137258216489,29,20,36,21,1,0.7665697960183024,0.5106361954361731,20,0.37942257799919127,28,-0.46627543488138945,20
2025,2025_13_LV_LAC,LV,13,LAC,-17.0,-0.11722938206693219,0.3781669118084793,0.6841504481001577,-0.7201137258216489,-0.33158825984638696,-0.2857142857142857,0.17857142857142858,0.6875,0.16666666666666666,-0.5770517038574415,-0.05386620782276916,29,14,16,23,9,-0.09780747797857596,0.46627543488138945,20,-0.32472513874315456,11,-0.5106361954361731,20
2025,2025_13_MIN_SEA,MIN,13,SEA,-26.0,-0.916484619102182,-0.8075611042402078,-0.42408697610801976,-0.21811063774706194,-0.7026966656261247,-0.17647058823529413,0.11764705882352941,0.8666666666666667,0.16666666666666666,-0.07331748885113033,0.08691682671972858,34,23,15,30,7,-2.0675475252459683,-0.5098131771415607,28,-0.10613133780694067,13,-0.09911735478650492,25
2025,2025_13_MIN_SEA,SEA,13,MIN,26.0,-0.2838325437202411,0.07331748885113033,0.210459680061833,-0.08691682671972858,-0.17788509006690023,-0.16666666666666666,0.13333333333333333,0.7666666666666666,0.17647058823529413,0.8075611042402078,0.21811063774706194,30,19,30,26,7,-0.2989256015779197,0.09911735478650492,25,0.1394779573311101,23,0.5098131771415607,28
2025,2025_13_NO_MIA,MIA,13,NO,4.0,-0.3533435447404946,-0.11222654619526212,0.026786635887172193,0.0835349825294022,-0.13490428110554625,-0.23076923076923078,0.15384615384615385,0.8214285714285714,0.16666666666666666,-0.06535071707085298,0.06083114643728251,28,19,28,22,3,-0.9926433660506794,-0.14705164544889934,20,0.3430121418787167,23,-0.0747953863076039,35
2025,2025_13_NO_MIA,NO,13,MIA,-4.0,-0.1522168814231333,0.06535071707085298,0.1465848011967334,-0.06083114643728251,-0.1250128211142975,-0.16666666666666666,0.09523809523809523,0.9473684210526316,0.23076923076923078,0.11222654619526212,-0.0835349825294022,48,31,19,38,7,-0.2944002269151888,0.0747953863076039,35,-0.01128919929679889,18,0.14705164544889934,20
2025,2025_13_NYG_NE,NE,13,NYG,18.0,0.35111136199819665,0.5175001526719158,0.7321694374152531,-0.13184779355778234,0.1690120082639751,-0.14705882352941177,0.08823529411764706,0.782608695652174,0.2692307692307692,0.139818786516117,-0.16613415177297666,38,23,23,31,8,-0.09967404096517862,0.505996412368198,29,0.14583690734515475,18,-0.10682280305742314,19
2025,2025_13_NYG_NE,NYG,13,NE,-18.0,-0.22636238697062597,-0.139818786516117,-0.14050628931727344,0.16613415177297666,-0.1300847243060765,-0.2692307692307692,0.07692307692307693,0.9090909090909091,0.14705882352941177,-0.5175001526719158,0.13184779355778234,30,20,22,24,4,-0.13638127251033483,0.10682280305742314,19,0.2483854386082382,20,-0.505996412368198,29
2025,2025_13_SF_CLE,CLE,13,SF,-18.0,-0.1985992069899414,0.04266369182956761,0.1256340977475594,-0.1232197975545425,-0.1953979475391709,-0.20689655172413793,0.10344827586206896,0.8571428571428572,0.22580645161290322,-0.20802582371998923,0.12078035484799846,30,17,28,26,9,-0.11405818601552802,0.19315993205806167,23,0.15239695140857154,24,-0.16163626045393897,24
2025,2025_13_SF_CLE,SF,13,CLE,18.0,0.1348064321382549,0.20802582371998923,0.37442400054834185,-0.12078035484799846,0.0240947747093952,-0.22580645161290322,0.03225806451612903,0.8928571428571429,0.20689655172413793,-0.04266369182956761,0.1232197975545425,34,17,28,30,13,-0.009571792132471902,0.16163626045393897,24,-0.04142405431717628,25,-0.19315993205806167,23
2025,2025_14_CHI_GB,CHI,14,GB,-7.0,0.03478648052954895,0.00988448076411925,0.38319214204966573,0.22337454738642548,0.10808021202559323,-0.16666666666666666,0.027777777777777776,0.9642857142857143,0.038461538461538464,-0.4166939560673198,-0.1321243412473811,40,22,28,35,13,-0.6218669460268055,0.016458546664753267,30,0.2969882873968153,27,-0.4166939560673198,25
2025,2025_14_CHI_GB,GB,14,CHI,7.0,0.3087432060654883,0.4166939560673198,0.6325248700217342,0.1321243412473811,0.239843338202941,-0.038461538461538464,0.038461538461538464,0.8260869565217391,0.16666666666666666,-0.00988448076411925,-0.22337454738642548,26,20,23,25,5,-0.4466296997503377,0.4166939560673198,25,0.3122929443733917,19,-0.016458546664753267,30
2025,2025_14_CIN_BUF,BUF,14,CIN,5.0,0.5589409414780281,0.68517627376007,0.8414292049869391,-0.3474677870282906,0.24090279112493387,-0.16129032258064516,0.0967741935483871,0.95,0.13513513513513514,-0.2837203380105276,0.10640622044835879,37,22,20,28,6,0.11224885926155004,0.8875596902037687,26,-0.0033965821249264103,19,-0.21854772902588698,32
2025,2025_14_CIN_BUF,CIN,14,BUF,-5.0,0.24656275638719063,0.2837203380105276,0.2557945556529328,-0.10640622044835879,0.13792268460799467,-0.13513513513513514,0.02702702702702703,0.8333333333333334,0.16129032258064516,-0.68517627376007,0.3474677870282906,37,31,18,36,5,0.45686018862761557,0.21854772902588698,32,0.05022550154632559,15,-0.8875596902037687,26
2025,2025_14_DAL_DET,DAL,14,DET,-14.0,-0.03344093162845448,0.13861068761105838,0.21806003157537657,-0.00698403599672015,-0.02749444515229619,-0.21153846153846154,0.09615384615384616,0.95,0.22857142857142856,-0.41087885050899375,-0.33002265963781036,55,43,20,47,4,-0.7154697600053623,0.09303840309706154,41,0.03845946243228884,19,-0.5724374497028852,27
2025,2025_14_DAL_DET,DET,14,DAL,14.0,0.3485145640887282,0.41087885050899375,0.4637594611707186,0.33002265963781036,0.3332461341799722,-0.22857142857142856,0.02857142857142857,0.8333333333333334,0.21153846153846154,-0.13861068761105838,0.00698403599672015,35,23,18,34,11,0.3003103009435692,0.5724374497028852,27,0.6182078750571239,15,-0.09303840309706154,41
2025,2025_14_DEN_LV,DEN,14,LV,7.0,0.18732834945048077,0.2246790673167279,0.16612547733778765,0.12062601388337157,0.1552751960808553,-0.14634146341463414,0.07317073170731707,0.8148148148148149,0.2,-0.17259781870971097,0.19937945520505354,44,26,27,38,12,0.35154517893776505,0.318418366249119,35,0.3972380953782698,22,-0.219921370787725,28
2025,2025_14_DEN_LV,LV,14,DEN,-7.0,-0.014515369821922048,0.17259781870971097,0.45775037367983584,-0.19937945520505354,-0.05384815394599254,-0.2,0.11428571428571428,0.9,0.14634146341463414,-0.2246790673167279,-0.12062601388337157,37,23,10,31,8,-0.647215776829398,0.219921370787725,28,-0.09476187344019613,9,-0.318418366249119,35
2025,2025_14_HOU_KC,HOU,14,KC,10.0,0.014421553713166268,0.1034283996653566,0.15557076588690222,-0.15032024119852427,-0.07540147642134255,-0.2647058823529412,0.08823529411764706,0.7857142857142857,0.20588235294117646,0.5978802862266976,0.01651615354454745,36,24,28,31,7,-0.07534542737994267,0.09914765834109876,25,0.012041333800880296,22,0.4793010090774162,27
2025,2025_14_HOU_KC,KC,14,HOU,-10.0,-0.4411964121520222,-0.5978802862266976,-0.46584963959564146,-0.01651615354454745,-0.29289536946369765,-0.20588235294117646,0.058823529411764705,0.9545454545454546,0.2647058823529412,-0.1034283996653566,0.15032024119852427,41,27,22,32,5,-1.3108457780344012,-0.4793010090774162,27,0.020144832073821672,21,-0.09914765834109876,25
2025,2025_14_IND_JAX,IND,14,JAX,-17.0,-0.06372270393681519,-0.07125047554004008,-0.036903096157037955,-0.4261151753373932,-0.17628729373243354,-0.13513513513513514,0.02702702702702703,0.9090909090909091,0.0,-0.3516951568109086,0.48388876034137324,39,34,22,36,2,-0.6551559250510761,-0.14754013295508117,32,-0.2846136383668635,20,-0.3516951568109086,31
2025,2025_14_IND_JAX,JAX,14,IND,17.0,0.44534694989376683,0.3516951568109086,0.42212023953428357,-0.48388876034137324,0.0914108012442897,0.0,0.0,0.6363636363636364,0.13513513513513514,0.07125047554004008,0.4261151753373932,35,28,22,31,3,-0.30560561527392416,0.3516951568109086,31,0.2109715742200417,14,0.14754013295508117,32
2025,2025_14_LA_ARI,ARI,14,LA,-28.0,-0.04696902020708004,0.002101456895947328,0.1088403629546525,-0.1378195775847421,-0.06186255420341805,-0.23404255319148937,0.06382978723404255,0.8,0.06451612903225806,-0.4970863098642667,-0.3835759666108064,51,34,10,44,10,-0.3608108237036503,-0.13607777494730142,36,-0.05967744351801289,8,-0.583283226390104,29
2025,2025_14_LA_ARI,LA,14,ARI,28.0,0.4970863098642667,0.4970863098642667,0.5306172821986486,0.3835759666108064,0.43855753912420115,-0.06451612903225806,0.0,1.0,0.23404255319148937,-0.002101456895947328,0.1378195775847421,31,28,33,31,3,0.1841305680767024,0.583283226390104,29,0.3835759666108064,33,0.13607777494730142,36
2025,2025_14_MIA_NYJ,MIA,14,NYJ,24.0,0.034420481646362765,0.170159998811349,0.22685350699569362,0.2751089197059249,0.20675522446731304,-0.13636363636363635,0.045454545454545456,0.8333333333333334,0.2,0.43403755815088685,-0.03361905789279259,23,17,36,21,4,-0.0707874109721156,0.21813576472892535,19,0.4500148531341531,30,0.4153501548064942,32
2025,2025_14_MIA_NYJ,NYJ,14,MIA,-24.0,-0.6426768849617335,-0.43403755815088685,-0.4569051992827255,0.03361905789279259,-0.4528394273183578,-0.2,0.15,0.6875,0.13636363636363635,-0.170159998811349,-0.2751089197059249,41,30,16,34,4,-0.26253024966209715,-0.4153501548064942,32,0.48027386777208797,11,-0.21813576472892535,19
2025,2025_14_NO_TB,NO,14,TB,4.0,0.24621979289826365,0.3477906015268088,0.2687844475637633,-0.200440200334212,0.018192071700583907,-0.17391304347826086,0.13043478260869565,0.8260869565217391,0.06666666666666667,0.3272002143581175,0.15715912624022355,28,18,23,20,2,1.0588459871942186,0.27680636231978933,19,0.013339951861110828,19,0.33749173795196635,28
2025,2025_14_NO_TB,TB,14,NO,-4.0,-0.19777167873120208,-0.3272002143581175,-0.4377561131524561,-0.15715912624022355,-0.17834828406160366,-0.06666666666666667,0.0,0.7575757575757576,0.17391304347826086,-0.3477906015268088,0.200440200334212,36,23,33,30,7,0.03605488168042343,-0.33749173795196635,28,0.2777736731851477,25,-0.27680636231978933,19
2025,2025_14_PHI_LAC,LAC,14,PHI,3.0,-0.2874841229112824,-0.11791311072226561,-0.22546810795520175,-0.24515642846408459,-0.27228969229879674,-0.2727272727272727,0.21212121212121213,0.7037037037037037,0.14634146341463414,0.3398529798899525,0.013712707470404081,43,18,27,26,8,0.12408563305184067,-0.04382725166084798,24,0.029620506255397326,19,0.294360097641693,35
2025,2025_14_PHI_LAC,PHI,14,LAC,-3.0,-0.38196590590957286,-0.3398529798899525,-0.3228527181634461,-0.013712707470404081,-0.2629917956446107,-0.14634146341463414,0.024390243902439025,0.6190476190476191,0.2727272727272727,0.11791311072226561,0.24515642846408459,44,35,21,40,5,-0.4588548119754975,-0.294360097641693,35,0.4640824133440705,13,0.04382725166084798,24
2025,2025_14_PIT_BAL,BAL,14,PIT,-5.0,0.023430698913443362,-0.011542467438617327,0.17599281670032246,0.013416578091892138,0.013068931791815987,-0.14285714285714285,0.05714285714285714,0.875,0.029411764705882353,-0.31078123691862297,-0.10070759950904198,42,27,32,33,6,-0.8554512460638465,0.06457137231852919,30,0.14415538119023322,28,-0.29705329707415223,33
2025,2025_14_PIT_BAL,PIT,14,BAL,5.0,0.3408884335617341,0.31078123691862297,0.3615314311226195,0.10070759950904198,0.2688341833459264,-0.029411764705882353,0.0,0.8666666666666667,0.14285714285714285,0.011542467438617327,-0.013416578091892138,35,22,15,34,12,0.21773921421129602,0.29705329707415223,33,0.23761915414629964,13,-0.06457137231852919,30
2025,2025_14_SEA_ATL,ATL,14,SEA,-28.0,-0.4959143760492187,-0.45174732311998816,-0.6019120807631095,-0.2161165346905978,-0.3560154553699082,-0.22580645161290322,0.03225806451612903,0.8709677419354839,0.09375,-0.43608179296033767,0.12037372726070517,31,24,31,30,6,0.14891170745249718,-0.5796802559288027,24,0.07634653663478319,27,-0.3607854914564124,29
2025,2025_14_SEA_ATL,SEA,14,ATL,28.0,0.29750157934174265,0.43608179296033767,0.5999174633215765,-0.12037372726070517,0.15181387743784516,-0.09375,0.0625,0.8235294117647058,0.22580645161290322,0.45174732311998816,0.2161165346905978,36,24,17,30,6,-0.21926088848461767,0.3607854914564124,29,0.08875622272275263,14,0.5796802559288027,24
2025,2025_14_TEN_CLE,CLE,14,TEN,-2.0,0.07134171769620293,0.09554997147571387,0.25124141059103944,-0.33022913451713953,-0.04323424929776645,-0.2727272727272727,0.045454545454545456,0.625,0.1724137931034483,0.25771393239015866,-0.07865670730462343,47,26,16,42,16,-0.15744861708669022,0.2801460130621911,32,0.023989883065223715,10,-0.006060110899852163,24
2025,2025_14_TEN_CLE,TEN,14,CLE,2.0,-0.27513913118896366,-0.25771393239015866,-0.2948804564907085,0.07865670730462343,-0.09271315196570781,-0.1724137931034483,0.034482758620689655,0.7878787878787878,0.2727272727272727,-0.09554997147571387,0.33022913451713953,31,21,33,28,7,-0.1462143600885091,0.006060110899852163,24,0.3382994078722103,26,-0.2801460130621911,32
2025,2025_14_WAS_MIN,MIN,14,WAS,31.0,0.4010287366465107,0.6022501128805257,0.6963593662831291,0.21445835522068338,0.3093801282268061,-0.25925925925925924,0.14814814814814814,0.9285714285714286,0.15384615384615385,0.5855137479278102,-0.06928266825921392,29,21,28,23,2,-0.3858970478468109,0.6931724674060917,20,0.28873458283263836,26,0.6589500493930905,22
2025,2025_14_WAS_MIN,WAS,14,MIN,-31.0,-0.6985065452026902,-0.5855137479278102,-0.49209764366356745,0.06928266825921392,-0.4321306956342745,-0.15384615384615385,0.07692307692307693,0.8823529411764706,0.25925925925925924,-0.6022501128805257,-0.21445835522068338,32,19,17,24,5,-0.9404949441319325,-0.6589500493930905,22,0.17239732594074064,15,-0.6931724674060917,20
2025,2025_15_ARI_HOU,ARI,15,HOU,-20.0,-0.013414526534163244,0.07878402099740925,0.1779786922007557,0.12909656998171076,0.027302929613229308,-0.07142857142857142,0.047619047619047616,0.8333333333333334,0.06896551724137931,-0.57564109746509,0.009290202446410989,45,31,18,40,9,-0.26288651314745076,0.02959213213314512,39,0.31165216829783,15,-0.6251283831936744,27
2025,2025_15_ARI_HOU,HOU,15,ARI,20.0,0.4590558561907543,0.57564109746509,0.7628269727838581,-0.009290202446410989,0.24830012980402988,-0.06896551724137931,0.034482758620689655,0.7407407407407407,0.07142857142857142,-0.07878402099740925,-0.12909656998171076,33,19,27,28,9,0.18047091623657924,0.6251283831936744,27,0.23018182797823136,20,-0.02959213213314512,39
2025,2025_15_ATL_TB,ATL,15,TB,1.0,0.32230643664661324,0.3585318806689491,0.611458566202782,0.10836861508765351,0.25318806352756473,-0.09090909090909091,0.022727272727272728,0.8571428571428572,0.15384615384615385,-0.2757162874325858,0.010160888448202045,44,30,21,43,13,-0.22514508594758864,0.4234519855643155,40,0.2784533358871056,18,-0.2648554500256942,33
2025,2025_15_ATL_TB,TB,15,ATL,-1.0,0.06442578238576799,0.2757162874325858,0.3652925229356955,-0.010160888448202045,0.038748403901942216,-0.15384615384615385,0.1282051282051282,0.7142857142857143,0.09090909090909091,-0.3585318806689491,-0.10836861508765351,40,28,21,34,6,-0.14230614491525925,0.2648554500256942,33,0.3274997321306728,15,-0.4234519855643155,40
2025,2025_15_BAL_CIN,BAL,15,CIN,24.0,0.07397599195638997,0.5201617689609873,0.435179349029938,0.3339034053129392,0.20745223124759096,-0.3125,0.25,0.8947368421052632,0.23809523809523808,0.22190840918427598,0.24010996906845644,18,9,19,12,3,0.7751090287541355,0.6573594092053484,11,0.4754478010787247,17,-0.10673758189295618,32
2025,2025_15_BAL_CIN,CIN,15,BAL,-24.0,-0.35143561068715995,-0.22190840918427598,-0.3148622131203819,-0.24010996906845644,-0.3091005075363854,-0.23809523809523808,0.07142857142857142,0.9259259259259259,0.3125,-0.5201617689609873,-0.3339034053129392,44,28,27,39,11,0.014701273562175292,0.10673758189295618,32,-0.060130390014964966,25,-0.6573594092053484,11
2025,2025_15_BUF_NE,BUF,15,NE,4.0,0.33579969103218354,0.45099317463817545,0.6996433207164765,0.15184425881978775,0.26106779669589775,-0.13333333333333333,0.06666666666666667,0.9230769230769231,0.19230769230769232,-0.062454092631410406,-0.5632407909064793,38,19,26,28,9,-0.07393491152712686,0.4735263833370906,26,0.2597745442023251,24,-0.05710936072864606,21
2025,2025_15_BUF_NE,NE,15,BUF,-4.0,0.032328516384586704,0.062454092631410406,0.07011338155098265,0.5632407909064793,0.2442978493720021,-0.19230769230769232,0.11538461538461539,0.8,0.13333333333333333,-0.45099317463817545,-0.15184425881978775,30,16,20,23,7,0.04494714652953099,0.05710936072864606,21,0.9003591621888346,16,-0.4735263833370906,26
2025,2025_15_CAR_NO,CAR,15,NO,-3.0,0.3188240073400721,0.37045184976953655,0.5228420919359551,-0.16812833792452417,0.11013014508381658,-0.12,0.04,0.8333333333333334,0.13513513513513514,-0.5454262669575073,0.2787228691054872,32,18,24,24,6,-0.08671887672971934,0.25383170152325135,22,0.1420176599291149,20,-0.5454262669575073,32
2025,2025_15_CAR_NO,NO,15,CAR,3.0,0.3033708789043676,0.5454262669575073,0.6061639918889681,-0.2787228691054872,0.10643883001799226,-0.13513513513513514,0.13513513513513514,0.8571428571428572,0.12,-0.37045184976953655,0.16812833792452417,44,27,14,32,5,0.21744255232761917,0.5454262669575073,32,-0.12280066090897905,12,-0.25383170152325135,22
2025,2025_15_CLE_CHI,CHI,15,CLE,28.0,0.09687559013170685,0.33029480350457163,0.5569154356659654,0.03298687545687031,0.05207934172665324,-0.1935483870967742,0.0967741935483871,0.8620689655172413,0.375,0.3739498337573815,0.3210270415740805,33,24,29,28,4,-1.0294289894637907,0.3244007803503861,25,0.21949068306246766,25,0.4333199977259215,25
2025,2025_15_CLE_CHI,CLE,15,CHI,-28.0,-0.5153060995945409,-0.3739498337573815,-0.30239265530966863,-0.3210270415740805,-0.4660447704825727,-0.375,0.125,0.7692307692307692,0.1935483870967742,-0.33029480350457163,-0.03298687545687031,42,25,13,35,10,-0.5528427798766637,-0.4333199977259215,25,-0.2654235666443129,10,-0.3244007803503861,25
2025,2025_15_DET_LA,DET,15,LA,-7.0,0.3047999929404495,0.3641523017787158,0.631321527975852,-0.1565328731398254,0.15598293936616733,-0.19047619047619047,0.023809523809523808,0.9,0.2,-0.3036886579290792,-0.24774949519017417,42,30,20,41,11,-0.364491042395292,0.3964421816687991,34,-0.08244881192674984,18,-0.4188041699841182,32
2025,2025_15_DET_LA,LA,15,DET,7.0,0.18169039789620187,0.3036886579290792,0.3036064374809203,0.24774949519017417,0.19723622663175355,-0.2,0.05,0.9615384615384616,0.19047619047619047,-0.3641523017787158,0.1565328731398254,41,37,26,38,1,0.3067308145109564,0.4188041699841182,32,0.27650047785602505,25,-0.3964421816687991,34
2025,2025_15_GB_DEN,DEN,15,GB,8.0,0.5703202337429576,0.6055345842494935,0.7832007651391912,-0.500849094680308,0.1645561502371058,-0.08823529411764706,0.0,0.8260869565217391,0.32558139534883723,-0.13355913562537647,0.17623964432796038,39,30,23,34,4,-0.7269617724232393,0.7147418370924804,31,-0.3793874025975943,19,-0.47662674245232545,29
2025,2025_15_GB_DEN,GB,15,DEN,-8.0,0.10323374842420524,0.13355913562537647,0.13510588918587,-0.17623964432796038,0.022322196112851963,-0.32558139534883723,0.06976744186046512,0.6875,0.08823529411764706,-0.6055345842494935,0.500849094680308,46,31,16,40,9,0.1282314289170099,0.47662674245232545,29,0.3876642919018524,11,-0.7147418370924804,31
2025,2025_15_IND_SEA,IND,15,SEA,-2.0,-0.1268884092233296,-0.0459947560604655,0.03435283325360109,-0.06910062674340783,-0.09799451798336871,-0.14285714285714285,0.03571428571428571,0.8275862068965517,0.14285714285714285,-0.18936234309241037,0.316487914741165,29,17,29,27,10,-0.1825856578943787,0.07824367624499605,24,0.029719653797557557,24,-0.316633508563805,30
2025,2025_15_IND_SEA,SEA,15,IND,2.0,0.10665452186813736,0.18936234309241037,0.32892469814697606,-0.316487914741165,-0.04144017157500264,-0.14285714285714285,0.02857142857142857,0.8235294117647058,0.14285714285714285,0.0459947560604655,0.06910062674340783,38,30,17,34,4,-0.857355319816832,0.316633508563805,30,-0.13810740228343213,14,-0.07824367624499605,24
2025,2025_15_LAC_KC,KC,15,LAC,-3.0,-0.05735337021626039,0.07682620880187838,0.2551306837101214,-0.20750787965095546,-0.10570821223760292,-0.23684210526315788,0.13157894736842105,0.736842105263158,0.30303030303030304,-0.20499054811381037,0.0750588010068733,40,28,19,33,5,-0.9216788506842825,0.017289302412200083,29,0.06604424563036981,14,-0.46984151864687507,23
2025,2025_15_LAC_KC,LAC,15,KC,3.0,-0.021419469035727046,0.20499054811381037,0.38105936122259887,-0.0750588010068733,-0.045161468432791806,-0.30303030303030304,0.12121212121212122,0.7407407407407407,0.23684210526315788,-0.07682620880187838,0.20750787965095546,34,21,27,29,8,-0.25719008629675955,0.46984151864687507,23,0.14437901072099016,20,-0.017289302412200083,29
2025,2025_15_LV_PHI,LV,15,PHI,-31.0,-0.5342839195753538,-0.5214386021438987,-0.5215393222719689,-0.06050769657700903,-0.41019967069483493,-0.3103448275862069,0.13793103448275862,1.0,0.05263157894736842,-1.0074222188138973,0.2095183218017415,31,18,11,25,7,-0.5211796075288613,-0.4795067497267156,20,-0.06050769657700903,11,-1.0074222188138973,18
2025,2025_15_LV_PHI,PHI,15,LV,31.0,0.9040721730524918,1.0074222188138973,1.3811890252358618,-0.2095183218017415,0.24604142609317212,-0.05263157894736842,0.05263157894736842,0.7948717948717949,0.3103448275862069,0.5214386021438987,0.06050769657700903,27,14,39,18,4,-0.30076160366297877,1.0074222188138973,18,0.1046186299617175,31,0.4795067497267156,20
2025,2025_15_MIA_PIT,MIA,15,PIT,-13.0,0.10163985970288962,0.37171359743972826,0.39728791868158947,-0.23160342268347647,-0.0024986660428497538,-0.15625,0.125,0.8,0.1,-0.6416657715087274,-0.022190456731139844,33,18,15,28,10,0.32567981920437816,0.4499143071308801,27,0.05524443271860963,12,-0.6416657715087274,27
2025,2025_15_MIA_PIT,PIT,15,MIA,13.0,0.3709044820706673,0.6416657715087274,0.7593234683291107,0.022190456731139844,0.22322518065301414,-0.1,0.1,0.7741935483870968,0.15625,-0.37171359743972826,0.23160342268347647,30,17,31,27,10,0.4416476869140757,0.6416657715087274,27,0.33769616392843704,24,-0.4499143071308801,27
2025,2025_15_MIN_DAL,DAL,15,MIN,-8.0,0.016812725214787883,0.1349373739700507,0.3328467630459743,0.18039365205354066,0.11130291157724367,-0.225,0.05,0.9230769230769231,0.041666666666666664,-0.5007569648579253,0.09507348761357098,41,30,26,38,8,-0.607222835064663,0.05684643292266795,31,0.24008001277858634,24,-0.5456154878779299,23
2025,2025_15_MIN_DAL,MIN,15,DAL,8.0,0.5962321882051337,0.5007569648579253,0.4429286834746848,-0.09507348761357098,0.22620073394569792,-0.041666666666666664,0.0,0.6956521739130435,0.225,-0.1349373739700507,-0.18039365205354066,27,21,23,24,3,0.9055549345406089,0.5456154878779299,23,0.21577666758093955,16,-0.05684643292266795,31
2025,2025_15_NYJ_JAX,JAX,15,NYJ,28.0,0.7868769502445422,0.7426830055127105,0.7170191390667409,-0.3132564794385177,0.3273718464182312,-0.0625,0.0,0.7058823529411764,0.19444444444444445,0.07981548132914465,0.07022767445717681,37,22,17,32,10,0.7991435116938437,0.7408663964220134,30,-0.1373501059448847,12,-0.08193220272608275,29
2025,2025_15_NYJ_JAX,NYJ,15,JAX,-28.0,-0.18370767629449455,-0.07981548132914465,-0.06063107339272733,-0.07022767445717681,-0.15684513110884324,-0.19444444444444445,0.08333333333333333,0.875,0.0625,-0.7426830055127105,0.3132564794385177,42,27,24,33,6,-0.16614531704302257,0.08193220272608275,29,0.1680083242951824,21,-0.7408663964220134,30
2025,2025_15_TEN_SF,SF,15,TEN,13.0,0.5654868768231,0.7710753603809155,0.8642058953801652,-0.15174546508900325,0.24785541111916856,-0.1875,0.0625,0.7419354838709677,0.10344827586206896,-0.060109951278420296,-0.521024194132123,39,26,31,30,4,0.1657268828857923,0.9008596356736369,26,-0.019742481574557224,23,-0.1667358672644306,26
2025,2025_15_TEN_SF,TEN,15,SF,-13.0,0.11702603649847895,0.060109951278420296,0.19606241599356905,0.521024194132123,0.23221759362338262,-0.10344827586206896,0.0,1.0,0.1875,-0.7710753603809155,0.15174546508900325,30,22,18,29,7,-0.36716922354061865,0.1667358672644306,26,0.521024194132123,18,-0.9008596356736369,26
2025,2025_15_WAS_NYG,NYG,15,WAS,-8.0,0.07813061255070411,0.017119847280041824,-0.0029806486954620996,-0.11569122379276049,0.020273347970565434,-0.21052631578947367,0.02631578947368421,0.9,0.23809523809523808,-0.5281302292738592,0.104259336309042,47,31,20,37,6,0.12097240982014544,-0.044947589138981656,30,0.037093823294045584,18,-0.6257943810724056,16
2025,2025_15_WAS_NYG,WAS,15,NYG,8.0,0.10549530728041685,0.5281302292738592,0.6023188926212683,-0.104259336309042,0.002524845881955235,-0.23809523809523808,0.09523809523809523,0.7407407407407407,0.21052631578947367,-0.017119847280041824,0.11569122379276049,28,15,27,19,4,0.24992274172107543,0.6257943810724056,16,0.23900507518555933,20,0.044947589138981656,30
2025,2025_16_ATL_ARI,ARI,16,ATL,-7.0,-0.051716017971668964,0.039926980663416656,0.26207204663666633,0.06913328327185862,-0.004239506768854532,-0.12121212121212122,0.06060606060606061,0.8181818181818181,0.1111111111111111,-0.2814310076744183,0.09948903385975405,34,26,22,31,5,-1.1152273623974818,0.11892473681343278,29,0.30052683542262876,18,-0.41816639451439774,32
2025,2025_16_ATL_ARI,ATL,16,ARI,7.0,0.17817898254168701,0.2814310076744183,0.382370906335593,-0.09948903385975405,0.05303283430441775,-0.1111111111111111,0.027777777777777776,0.84375,0.12121212121212122,-0.039926980663416656,-0.06913328327185862,39,21,32,35,14,0.1300211596826562,0.41816639451439774,32,0.15280228925122957,27,-0.11892473681343278,29
2025,2025_16_BUF_CLE,BUF,16,CLE,3.0,-0.22368608086658642,-0.2737069006844129,-0.4905311512411576,0.39697351688466226,0.06078290143606933,-0.19047619047619047,0.09523809523809523,1.0,0.30303030303030304,0.2971851844001344,-0.11674227245120226,26,14,22,19,5,0.33340100087447216,-0.225821301703999,17,0.39697351688466226,22,0.3961271029434334,23
2025,2025_16_BUF_CLE,CLE,16,BUF,-3.0,-0.26376480123984525,-0.2971851844001344,-0.24146311222284628,0.11674227245120226,-0.0958797609217429,-0.30303030303030304,0.09090909090909091,0.9090909090909091,0.19047619047619047,0.2737069006844129,-0.39697351688466226,37,16,22,30,14,-0.3608675526027495,-0.3961271029434334,23,0.16200183387845732,20,0.225821301703999,17
2025,2025_16_CIN_MIA,CIN,16,MIA,24.0,0.5834689826367631,0.6974789724141679,0.7333986585460172,0.10138252848232908,0.3721539016830052,-0.11428571428571428,0.05714285714285714,0.9130434782608696,0.13333333333333333,-0.04563065451996695,0.1442980505828751,37,24,23,33,9,0.6016931427292364,0.6850492600201038,31,0.19439762078469547,21,0.015829074395766942,26
2025,2025_16_CIN_MIA,MIA,16,CIN,-24.0,-0.0682947239674834,0.04563065451996695,0.045687382557409124,-0.1442980505828751,-0.05743694774995203,-0.13333333333333333,0.0,0.84,0.11428571428571428,-0.6974789724141679,-0.10138252848232908,32,23,25,30,7,0.04544426239694266,-0.015829074395766942,26,0.054302561113477456,21,-0.6850492600201038,31
2025,2025_16_GB_CHI,CHI,16,GB,6.0,0.23791032965660153,0.16853374264155252,0.38459621228271873,-0.15587468209824631,0.10063656128267845,-0.11764705882352941,0.0,0.8181818181818181,0.15384615384615385,-0.3728948305436277,0.22834100095658685,37,23,22,34,11,-0.2832332393354313,0.24381977554651488,30,0.18868712902379517,18,-0.32039115291952636,22
2025,2025_16_GB_CHI,GB,16,CHI,-6.0,0.2922856144272455,0.3728948305436277,0.37187955411580975,-0.22834100095658685,0.06088478166382734,-0.15384615384615385,0.07692307692307693,0.962962962962963,0.11764705882352941,-0.16853374264155252,0.15587468209824631,36,22,27,24,2,0.38406287124962546,0.32039115291952636,22,-0.1845869189665583,26,-0.24381977554651488,30
2025,2025_16_JAX_DEN,DEN,16,JAX,-14.0,-0.11780010463237181,0.044645874472267616,0.04959799801922432,0.34009317607330947,-0.033010765424291905,-0.125,0.020833333333333332,0.9166666666666666,0.34146341463414637,-0.4287600658028043,0.2823343671014303,52,38,12,47,9,0.02373690838511708,0.1252593279043236,42,0.5810689025833704,11,-0.7086042607097902,27
2025,2025_16_JAX_DEN,JAX,16,DEN,14.0,0.2601109856652388,0.4287600658028043,0.5335330707223538,-0.2823343671014303,0.08766054605876386,-0.34146341463414637,0.12195121951219512,0.7,0.125,-0.044645874472267616,-0.34009317607330947,47,30,20,36,6,-0.09510495879494307,0.7086042607097902,27,-0.024655879928364672,14,-0.1252593279043236,42
2025,2025_16_KC_TEN,KC,16,TEN,-17.0,-0.40808585723049756,-0.22655357885105065,-0.26826427496719857,-0.02015143776291327,-0.31250395935260805,-0.17857142857142858,0.14285714285714285,0.9090909090909091,0.16666666666666666,-0.39082802896986574,0.021009307998001575,31,14,11,24,10,-0.16815860428844354,-0.21369267909998638,23,0.11517939098994238,10,-0.405040128021501,25
2025,2025_16_KC_TEN,TEN,16,KC,17.0,0.11854004210908865,0.39082802896986574,0.3827503541833717,-0.021009307998001575,0.044660974405334994,-0.16666666666666666,0.06666666666666667,0.8611111111111112,0.17857142857142858,0.22655357885105065,0.02015143776291327,32,22,36,28,6,0.4204461698536773,0.405040128021501,25,0.10906326071751063,31,0.21369267909998638,23
2025,2025_16_LAC_DAL,DAL,16,LAC,-17.0,0.22213138844825173,0.4313181475849799,0.47395397993547356,-0.3761388523562348,0.0342270016826609,-0.09090909090909091,0.030303030303030304,0.8888888888888888,0.1724137931034483,-0.8188386754691269,-0.0473366846819407,36,27,18,32,5,0.2010846528923139,0.5414024681750164,30,-0.07997365793926285,16,-0.8861530862862615,24
2025,2025_16_LAC_DAL,LAC,16,DAL,17.0,0.7236064652090924,0.8188386754691269,0.9171320518438978,0.0473366846819407,0.44644671909140743,-0.1724137931034483,0.0,0.88,0.09090909090909091,-0.4313181475849799,0.3761388523562348,36,26,25,29,3,-0.033037253112220576,0.8861530862862615,24,0.13352731157051892,22,-0.5414024681750164,30
2025,2025_16_LA_SEA,LA,16,SEA,-1.0,0.5014617437161097,0.5334650420795095,0.6894941524384025,-0.1113147954865534,0.2438170624604446,-0.08163265306122448,0.0,0.8108108108108107,0.16216216216216217,0.18602827406191966,-0.31792179115430336,51,40,37,49,9,-0.15999767062668172,0.5712697426206284,45,0.11777892079165514,30,0.13901364823029644,31
2025,2025_16_LA_SEA,SEA,16,LA,1.0,-0.22311784557386938,-0.18602827406191966,-0.32961312460732417,0.31792179115430336,-0.0005412106787938793,-0.16216216216216217,0.10810810810810811,0.9047619047619048,0.08163265306122448,-0.5334650420795095,0.1113147954865534,40,24,21,33,9,0.19686466072582576,-0.13901364823029644,31,0.388279456192615,19,-0.5712697426206284,45
2025,2025_16_LV_HOU,HOU,16,LV,2.0,0.022607080135779178,0.08245413176399569,0.14494872676678802,-0.4633250843878244,-0.15858796426285265,-0.11428571428571428,0.0,0.7727272727272727,0.11538461538461539,-0.2707422273486614,0.1728129263641312,37,27,22,35,8,-0.12846512637042845,0.22992679133970165,31,-0.21691249757457326,17,-0.2707422273486614,23
2025,2025_16_LV_HOU,LV,16,HOU,-2.0,0.06386136037494608,0.2707422273486614,0.47777415896876224,-0.1728129263641312,-0.04247776650876342,-0.11538461538461539,0.11538461538461539,0.92,0.11428571428571428,-0.08245413176399569,0.4633250843878244,26,19,25,23,4,-0.7126594478468176,0.2707422273486614,23,-0.0021782271391913048,23,-0.22992679133970165,31
2025,2025_16_MIN_NYG,MIN,16,NYG,3.0,-0.17464734560771167,0.14118893474653574,0.21185129599880953,0.07482941795359929,-0.05671287556054647,-0.3333333333333333,0.14814814814814814,0.8076923076923077,0.3333333333333333,0.5853994034383571,0.05196863460932278,29,18,26,23,5,-0.11319556576164987,0.32195963909755787,18,0.2815591590215699,21,0.5799937857519349,12
2025,2025_16_MIN_NYG,NYG,16,MIN,-3.0,-0.8275704318034066,-0.5853994034383571,-0.5172718117189006,-0.05196863460932278,-0.37904695331184296,-0.3333333333333333,0.2777777777777778,0.9259259259259259,0.3333333333333333,-0.14118893474653574,-0.07482941795359929,20,10,27,13,3,-0.8124913758365455,-0.5799937857519349,12,0.00014270665124052062,25,-0.32195963909755787,18
2025,2025_16_NE_BAL,BAL,16,NE,-4.0,0.12284611545591638,0.2799068780443775,0.3663153030438387,-0.014593632786138108,0.10519732781124119,-0.23809523809523808,0.047619047619047616,0.8518518518518519,0.22916666666666666,-0.4434228345924937,-0.04446594964695024,24,18,27,20,2,-0.4977689469507727,0.32713492540673506,16,0.12111955815318802,23,-0.5009331409482065,37
2025,2025_16_NE_BAL,NE,16,BAL,4.0,0.2502660322382904,0.4434228345924937,0.5492884446305181,0.04446594964695024,0.21092189880171064,-0.22916666666666666,0.08333333333333333,0.7692307692307692,0.23809523809523808,-0.2799068780443775,0.014593632786138108,55,38,13,44,6,-0.227059362314994,0.5009331409482065,37,0.3223626693885313,10,-0.32713492540673506,16
2025,2025_16_NYJ_NO,NO,16,NYJ,23.0,0.15846070041465515,0.28897034056264587,0.3388652776629938,-0.22284377159085134,-0.005796187007592069,-0.09615384615384616,0.057692307692307696,0.8,0.20930232558139536,0.15241044444655025,0.0004896145148546013,54,43,10,49,6,-0.06861004198984766,0.3082316950092209,47,-0.08831736681167984,8,0.14200569201415933,34
2025,2025_16_NYJ_NO,NYJ,16,NO,-23.0,-0.5102465847532863,-0.15241044444655025,-0.23484191558769218,-0.0004896145148546013,-0.3565103556337593,-0.20930232558139536,0.18604651162790697,0.8947368421052632,0.09615384615384616,-0.28897034056264587,0.22284377159085134,44,27,19,35,8,0.12579577065480385,-0.14200569201415933,34,0.1190216907142553,17,-0.3082316950092209,47
2025,2025_16_PHI_WAS,PHI,16,WAS,11.0,0.23006079540634994,0.32121010438320835,0.5260464113144669,0.37911155840210076,0.2896811006046503,-0.0625,0.0625,0.8076923076923077,0.16,0.22969552369884969,-0.09452662485477528,39,26,26,30,4,-1.0102258906699726,0.32121010438320835,30,0.5835694710528704,21,0.1325655247778356,21
2025,2025_16_PHI_WAS,WAS,16,PHI,-11.0,-0.3361706680932145,-0.22969552369884969,-0.13102293249111238,0.09452662485477528,-0.12504454409910187,-0.16,0.08,0.8,0.0625,-0.32121010438320835,-0.37911155840210076,26,16,25,23,7,-0.4552328750308207,-0.1325655247778356,21,0.36460824648166307,20,-0.32121010438320835,30
2025,2025_16_PIT_DET,DET,16,PIT,-5.0,0.19038248237058175,0.28104447009127226,0.37460861971463255,-0.3602341649027295,0.10131214237048729,-0.15789473684210525,0.05263157894736842,0.4545454545454546,0.06976744186046512,-0.25134610648244,-0.34326186954833465,57,39,11,54,15,0.03777768107053537,0.33464221279421996,48,0.33985449258470907,5,-0.11944495229009502,40
2025,2025_16_PIT_DET,PIT,16,DET,5.0,0.11041482130831083,0.25134610648244,0.3092024319861407,0.34326186954833465,0.21174516583752817,-0.06976744186046512,0.046511627906976744,0.782608695652174,0.15789473684210525,-0.28104447009127226,0.3602341649027295,45,29,23,41,12,0.11152665318182997,0.11944495229009502,40,0.6719073613187201,18,-0.33464221279421996,48
2025,2025_16_SF_IND,IND,16,SF,-21.0,-0.009865195970899812,0.11127802859009694,0.0005985102167431061,-0.08173671077115888,-0.036780546205232995,-0.13157894736842105,0.05263157894736842,0.8947368421052632,0.02857142857142857,-0.614313122426557,-0.1027189939878344,38,32,19,36,4,0.9967141755769277,0.1349419738666155,33,-0.0761814898201811,17,-0.614313122426557,34
2025,2025_16_SF_IND,SF,16,IND,21.0,0.6134921116381508,0.614313122426557,0.8043674404478128,0.1027189939878344,0.4026968567348456,-0.02857142857142857,0.02857142857142857,0.9230769230769231,0.13157894736842105,-0.11127802859009694,0.08173671077115888,37,24,26,34,10,0.1581827591755431,0.614313122426557,34,0.17023388159820266,24,-0.1349419738666155,33
2025,2025_16_TB_CAR,CAR,16,TB,3.0,0.12612932945239932,0.20522331981654274,0.4297649874453049,-0.062462730053332145,0.10059068346236229,-0.2647058823529412,0.058823529411764705,0.7333333333333334,0.07142857142857142,-0.24181403269064458,-0.0041486854693848895,37,24,15,32,8,-0.4684016830697437,0.259775330032084,25,0.26692951017122957,11,-0.24181403269064458,26
2025,2025_16_TB_CAR,TB,16,CAR,-3.0,0.21797997503906943,0.24181403269064458,0.20043147895257404,0.0041486854693848895,0.10685435090192219,-0.07142857142857142,0.07142857142857142,0.8571428571428572,0.2647058823529412,-0.20522331981654274,0.062462730053332145,31,23,28,26,3,0.5590802780158519,0.24181403269064458,26,0.1660536834982242,24,-0.259775330032084,25
2025,2025_17_ARI_CIN,ARI,17,CIN,-23.0,-0.018695610491615763,0.12784119616294048,0.30980704574696016,-0.12968087672757428,-0.04541428569656881,-0.1951219512195122,0.0975609756097561,1.0,0.10256410256410256,-0.6420589800416785,-0.0775569220537102,41,28,13,37,9,-0.43827478032067635,0.20642855678593233,33,-0.12968087672757428,13,-0.6852621476482369,35
2025,2025_17_ARI_CIN,CIN,17,ARI,23.0,0.5153616537289072,0.6420589800416785,0.7504178434739721,0.0775569220537102,0.34023976105882836,-0.10256410256410256,0.07692307692307693,0.9642857142857143,0.1951219512195122,-0.12784119616294048,0.12968087672757428,42,27,28,36,9,0.31698238974479764,0.6852621476482369,35,0.09929726943179641,27,-0.20642855678593233,33
2025,2025_17_BAL_GB,BAL,17,GB,17.0,0.4404234013190818,0.3723069917834265,0.5896292230485185,0.321475274777428,0.36709921372491167,-0.19047619047619047,0.047619047619047616,0.9111111111111111,0.14814814814814814,-0.5641158120404003,0.6624311234502648,28,15,45,20,5,-0.27965970201184936,0.29267829141570834,17,0.45642475948580996,41,-0.6156361972629706,23
2025,2025_17_BAL_GB,GB,17,BAL,-17.0,0.26086534319530874,0.5641158120404003,0.6992627423855351,-0.6624311234502648,0.11056126722975027,-0.14814814814814814,0.07407407407407407,0.8571428571428572,0.19047619047619047,-0.3723069917834265,-0.321475274777428,36,21,7,25,4,-0.14540557227155704,0.6156361972629706,23,-0.21426164211394885,6,-0.29267829141570834,17
2025,2025_17_CHI_SF,CHI,17,SF,-4.0,0.3972851348182779,0.44165901991582374,0.5817789720040312,0.2686659591203989,0.36257837312202496,-0.07317073170731707,0.0,0.8823529411764706,0.029411764705882353,-0.4226717245306422,-0.08217943878952176,46,32,17,41,9,-0.056545254175580574,0.5793594588491704,38,0.44209804246202083,15,-0.4226717245306422,33
2025,2025_17_CHI_SF,SF,17,CHI,4.0,0.4035906310127756,0.4226717245306422,0.4630454059903663,0.08217943878952176,0.2849528109380865,-0.029411764705882353,0.029411764705882353,0.7777777777777778,0.07317073170731707,-0.44165901991582374,-0.2686659591203989,40,24,27,33,9,0.3150085739713781,0.4226717245306422,33,0.2766183316402714,21,-0.5793594588491704,38
2025,2025_17_DAL_WAS,DAL,17,WAS,7.0,0.26138259782678797,0.4285652533632799,0.6332635480358351,0.15567898338376934,0.21278323486448056,-0.20930232558139536,0.13953488372093023,0.95,0.20833333333333334,-0.3166777437786062,-0.232492804866827,47,31,40,37,6,-0.6290426024449219,0.5051989789093319,34,0.2092571812210841,38,-0.23210143534177424,19
2025,2025_17_DAL_WAS,WAS,17,DAL,-7.0,0.16512051608995065,0.3166777437786062,0.46889641893670564,0.232492804866827,0.19653274427039702,-0.20833333333333334,0.08333333333333333,0.6666666666666667,0.20930232558139536,-0.4285652533632799,-0.15567898338376934,26,18,12,22,4,-0.36830629443284124,0.23210143534177424,19,0.9545385516685199,8,-0.5051989789093319,34
2025,2025_17_DEN_KC,DEN,17,KC,7.0,0.17043895826100644,0.12681712331759218,0.03032447613776193,-0.05448763695565731,0.09653450554695976,-0.15384615384615385,0.02564102564102564,0.8260869565217391,0.2727272727272727,0.32001866142905594,-0.0223185851027662,47,31,23,38,7,0.5541417036854118,0.01192326831518907,33,0.0993963652535492,19,0.28175145812052266,16
2025,2025_17_DEN_KC,KC,17,DEN,-7.0,-0.33846449607539236,-0.32001866142905594,-0.32388266408002997,0.0223185851027662,-0.19945879927536725,-0.2727272727272727,0.045454545454545456,0.875,0.15384615384615385,-0.12681712331759218,0.05448763695565731,24,16,16,21,5,-0.3076538529459391,-0.28175145812052266,16,0.12613868413609416,14,-0.01192326831518907,33
2025,2025_17_DET_MIN,DET,17,MIN,-13.0,-0.47922029888237194,0.12898618431803732,0.1729498244911486,-0.44247406766172154,-0.46371798258616015,-0.23529411764705882,0.14705882352941177,0.7777777777777778,0.391304347826087,0.41693660647249203,0.17321128821530685,37,24,27,29,5,-0.08203928851289674,0.24867619813994915,26,-0.06432161494463091,21,0.3494989695422153,14
2025,2025_17_DET_MIN,MIN,17,DET,13.0,-0.630360486316476,-0.41693660647249203,-0.14088727779453564,-0.17321128821530685,-0.2773751509675688,-0.391304347826087,0.30434782608695654,0.88,0.23529411764705882,-0.12898618431803732,0.44247406766172154,25,10,25,16,6,-0.8770188209357527,-0.3494989695422153,14,-0.12629487733588782,22,-0.24867619813994915,26
2025,2025_17_HOU_LAC,HOU,17,LAC,4.0,-0.1602459237405274,-0.1688106925967098,0.0006590886749392455,-0.13310642042363605,-0.15143053192070494,-0.03571428571428571,0.0,0.75,0.21621621621621623,-0.009264095596691054,0.34280444541558014,29,24,28,28,4,-1.185629380226604,-0.12635100722587828,27,0.07069258165124455,21,0.030279255549007764,29
2025,2025_17_HOU_LAC,LAC,17,HOU,-4.0,-0.18373310183849678,0.009264095596691054,0.21741263729187513,-0.34280444541558014,-0.2153056603435167,-0.21621621621621623,0.13513513513513514,0.6666666666666667,0.03571428571428571,0.1688106925967098,0.13310642042363605,43,23,15,32,9,-0.5226710665132237,-0.030279255549007764,29,-0.04567514082882571,10,0.12635100722587828,27
2025,2025_17_JAX_IND,IND,17,JAX,-6.0,-0.3642670131841054,-0.2688045275227257,-0.10186645550295644,0.04377914140267001,-0.2055823975114705,-0.15151515151515152,0.06060606060606061,0.8095238095238095,0.1794871794871795,-0.09556701421456333,-0.0038805584481450854,33,22,21,31,9,-0.6768753702377173,-0.17179101916372663,28,0.2425928304471786,17,-0.039143149848190034,32
2025,2025_17_JAX_IND,JAX,17,IND,6.0,0.008767393990979273,0.09556701421456333,0.11364542946002787,0.0038805584481450854,0.0058535786668482154,-0.1794871794871795,0.05128205128205128,0.85,0.15151515151515152,0.2688045275227257,-0.04377914140267001,47,33,20,37,4,-0.05357991156051911,0.039143149848190034,32,0.14706311276292092,17,0.17179101916372663,28
2025,2025_17_LA_ATL,ATL,17,LA,3.0,0.21823100557993133,0.24617479346598237,0.28768426862795576,0.04832096169739915,0.1156438092734969,-0.35,0.0,0.875,0.12195121951219512,-0.03602552547818076,0.17860733950510607,21,12,32,20,8,0.18391058072302224,0.35152345985261957,13,0.22568039148610763,28,0.021922589282944847,36
2025,2025_17_LA_ATL,LA,17,ATL,-3.0,-0.06703672688516833,0.03602552547818076,-0.0077232575100476914,-0.17860733950510607,-0.10361725561301675,-0.12195121951219512,0.07317073170731707,0.95,0.35,-0.24617479346598237,-0.04832096169739915,41,33,20,38,5,0.3247674932004886,-0.021922589282944847,36,0.044773076477117806,19,-0.35152345985261957,13
2025,2025_17_NE_NYJ,NE,17,NYJ,32.0,1.0977294947996792,1.15531769172342,1.200679391046957,-0.08308108544893443,0.4876440283378955,-0.11538461538461539,0.038461538461538464,0.7741935483870968,0.14285714285714285,0.3455459796425856,-0.01325067844474634,29,20,31,25,5,0.9738708944292718,1.066901656227647,23,0.22161520340159757,24,0.2751301561827023,30
2025,2025_17_NE_NYJ,NYJ,17,NE,-32.0,-0.3460525217685822,-0.3455459796425856,-0.4328408824154542,0.01325067844474634,-0.19830819677414588,-0.14285714285714285,0.02857142857142857,0.76,0.11538461538461539,-1.15531769172342,0.08308108544893443,37,26,25,34,8,-0.06183754563076249,-0.2751301561827023,30,0.4275203914393813,19,-1.066901656227647,23
2025,2025_17_NO_TEN,NO,17,TEN,8.0,0.32565409128986095,0.5987682025859017,0.6253418616678375,0.3114450556022348,0.24544763631604474,-0.1724137931034483,0.06896551724137931,0.8125,0.1590909090909091,-0.14385952856635234,0.1862257193459663,32,26,16,27,1,-0.09214693354442716,0.5640254747341878,24,0.5472527847249204,13,-0.1970302812856952,37
2025,2025_17_NO_TEN,TEN,17,NO,-8.0,-0.18731242776796048,0.14385952856635234,0.34891762301396195,-0.1862257193459663,-0.18078528304507235,-0.1590909090909091,0.09090909090909091,0.84,0.1724137931034483,-0.5987682025859017,-0.3114450556022348,46,31,25,40,9,-0.5624516856420807,0.1970302812856952,37,-0.0823484175544719,21,-0.5640254747341878,24
2025,2025_17_NYG_LV,LV,17,NYG,-24.0,-0.19907991603933828,0.031763122791501876,0.06650443206084546,-0.21756817214875762,-0.2146870853149921,-0.2647058823529412,0.11764705882352941,0.5882352941176471,0.21875,-0.2047626396757905,-0.1298384180699948,35,26,17,30,4,-0.19405538745923143,0.48449389391345876,25,0.35979192787199266,10,-0.3039414496893803,25
2025,2025_17_NYG_LV,NYG,17,LV,24.0,0.30255181085486577,0.2047626396757905,0.3157943548349844,0.1298384180699948,0.23922356683374643,-0.21875,0.0625,0.9090909090909091,0.2647058823529412,-0.031763122791501876,0.21756817214875762,38,23,22,30,7,-0.16005585299013245,0.3039414496893803,25,0.23032165052427503,20,-0.48449389391345876,25
2025,2025_17_PHI_BUF,BUF,17,PHI,-1.0,-0.09815865556036296,0.19289944855512878,0.4594715364473811,-0.12883702576241052,-0.10923695591110236,-0.175,0.125,0.9230769230769231,0.10714285714285714,0.14086130882116704,0.14606724984680652,46,24,26,35,11,-0.3887123795734217,0.09594092442333012,33,-0.026880845900450496,24,0.09065704868905299,25
2025,2025_17_PHI_BUF,PHI,17,BUF,1.0,-0.09929569304054654,-0.14086130882116704,0.05678051051512908,-0.14606724984680652,-0.11959278373005555,-0.10714285714285714,0.03571428571428571,0.8260869565217391,0.175,-0.19289944855512878,0.12883702576241052,30,21,23,27,6,-0.8326076764982036,-0.09065704868905299,25,0.052709984537949624,19,-0.09594092442333012,33
2025,2025_17_PIT_CLE,CLE,17,PIT,7.0,-0.18093038038609002,-0.15347248429301616,-0.08701820571455039,-0.30396960118998495,-0.23366147501633067,-0.16,0.08,0.8095238095238095,0.1282051282051282,0.2684874617306007,0.015414963334998128,28,18,21,23,5,-0.39270788717549293,0.20433527511167557,21,-0.15184937360493886,17,0.25724694826812966,34
2025,2025_17_PIT_CLE,PIT,17,CLE,-7.0,-0.3144325709418861,-0.2684874617306007,-0.2589994456749555,-0.015414963334998128,-0.20442885323041046,-0.1282051282051282,0.05128205128205128,0.8095238095238095,0.16,0.15347248429301616,0.30396960118998495,40,33,21,37,4,-0.3467635941896736,-0.25724694826812966,34,0.23164029553642226,17,-0.20433527511167557,21
2025,2025_17_SEA_CAR,CAR,17,SEA,-17.0,-0.6048963578814439,-0.7665821288416436,-0.9415924160499487,-0.46581255276140193,-0.5107222867168543,-0.15384615384615385,0.07692307692307693,0.9375,0.16666666666666666,-0.05645930454004582,-0.19138563097327582,32,13,16,24,11,-0.5597517894136466,-0.7412923458005856,22,-0.38688971853504545,15,0.05122984143003051,25
2025,2025_17_SEA_CAR,SEA,17,CAR,17.0,-0.30621889145936537,0.05645930454004582,0.2539245493611494,0.19138563097327582,-0.05358890314740915,-0.16666666666666666,0.1,0.9090909090909091,0.15384615384615385,0.7665821288416436,0.46581255276140193,32,22,33,27,5,-0.8123877726728098,-0.05122984143003051,25,0.33218177333862187,30,0.7412923458005856,22
2025,2025_17_TB_MIA,MIA,17,TB,3.0,0.19509510770330588,0.3036162773134283,0.41272201949908627,0.10527525685788389,0.10762834447769826,-0.125,0.08333333333333333,0.782608695652174,0.10638297872340426,-0.2105335428279136,0.14867451664311032,26,18,23,22,4,-0.18735956252203279,0.3489669480125742,21,0.3637606275345513,18,-0.2784753031524419,42
2025,2025_17_TB_MIA,TB,17,MIA,-3.0,0.08284067368726095,0.2105335428279136,0.42817437830982313,-0.14867451664311032,0.035067697904803415,-0.10638297872340426,0.06382978723404255,0.6153846153846154,0.125,-0.3036162773134283,-0.10527525685788389,50,35,13,44,9,-0.635847484046179,0.2784753031524419,42,0.31003260738361926,8,-0.3489669480125742,21
2025,2025_18_ARI_LA,ARI,18,LA,-17.0,0.03777646998473358,0.4444999211980976,0.5529242056072698,0.03075900047163811,0.03618760896290069,-0.3157894736842105,0.15789473684210525,0.9166666666666666,0.1,-0.42940464911109144,0.06086936442512045,41,21,12,32,11,0.2375081055078598,0.49598714320538895,26,0.07629292749334148,11,-0.5059737148702275,36
2025,2025_18_ARI_LA,LA,18,ARI,17.0,0.3785790830556282,0.42940464911109144,0.6012346750366924,-0.06086936442512045,0.2361273805102795,-0.1,0.025,0.8,0.3157894736842105,-0.4444999211980976,-0.03075900047163811,41,31,25,39,8,-0.23643670135061212,0.5059737148702275,36,0.24663958691526186,20,-0.49598714320538895,26
2025,2025_18_BAL_PIT,BAL,18,PIT,-2.0,0.35240227931498946,0.727767757680137,0.9410467107236998,-0.08420066171548422,0.13874552093837467,-0.23809523809523808,0.14285714285714285,0.8695652173913043,0.061224489795918366,-0.23567901511856007,0.2058389662534776,24,15,23,18,3,-0.33862700753767666,0.7497767609274881,16,0.07451866022893278,20,-0.28441443725213217,46
2025,2025_18_BAL_PIT,PIT,18,BAL,2.0,0.18682863711881847,0.23567901511856007,0.27504088219818906,-0.2058389662534776,0.058495870824717904,-0.061224489795918366,0.04081632653061224,0.8636363636363636,0.23809523809523808,-0.727767757680137,0.08420066171548422,50,29,22,47,18,0.17226267371249115,0.28441443725213217,46,0.2039818072884565,19,-0.7497767609274881,16
2025,2025_18_CAR_TB,CAR,18,TB,-2.0,0.13931410532562263,0.18751050006678155,0.3540383040627396,-0.49025238235966206,-0.02142627450891817,-0.029411764705882353,0.0,0.5833333333333333,0.125,-0.40262654795376046,0.23915843889727562,35,26,12,34,8,-0.3537048629200823,0.2087159056599358,33,0.18861184275842086,7,-0.35336922245145713,21
2025,2025_18_CAR_TB,TB,18,CAR,2.0,0.33344316955777564,0.40262654795376046,0.3416721181993305,-0.23915843889727562,0.006040095488994258,-0.125,0.08333333333333333,0.8648648648648649,0.029411764705882353,-0.18751050006678155,0.49025238235966206,28,18,37,22,4,0.6769214818486953,0.35336922245145713,21,-0.1318319622599658,32,-0.2087159056599358,33
2025,2025_18_CLE_CIN,CIN,18,CLE,-2.0,-0.21692999754106423,-0.21824944773778596,-0.15106260131454358,0.10676899424842778,-0.10063434895621955,-0.12195121951219512,0.04878048780487805,0.9523809523809523,0.32142857142857145,-0.007010492273945553,0.13943310274610218,44,28,21,39,11,-0.3892705113605847,-0.20375221097007692,36,0.1886017505778002,20,-0.1364221428061448,19
2025,2025_18_CLE_CIN,CLE,18,CIN,2.0,-0.2414621650947835,0.007010492273945553,0.07260651593096602,-0.13943310274610218,-0.12539844451237508,-0.32142857142857145,0.21428571428571427,0.8125,0.12195121951219512,0.21824944773778596,-0.10676899424842778,31,15,16,22,7,-0.13355241556252687,0.1364221428061448,19,0.06403511905202618,13,0.20375221097007692,36
2025,2025_18_DAL_NYG,DAL,18,NYG,-17.0,-0.2911046933412359,-0.26034099458065646,-0.23247829946944004,0.04885136353044283,-0.12970593135882505,-0.08333333333333333,0.0,0.6956521739130435,0.2702702702702703,-0.3083765633674509,-0.0024407025704329182,29,20,23,24,4,-0.3996544701367384,-0.27348596864897234,22,0.5158687796320013,16,-0.23188228347700926,27
2025,2025_18_DAL_NYG,NYG,18,DAL,17.0,0.19778965678022556,0.3083765633674509,0.4781664164142685,0.0024407025704329182,0.1213487616546546,-0.2702702702702703,0.10810810810810811,0.8148148148148149,0.08333333333333333,0.26034099458065646,-0.04885136353044283,42,23,27,33,10,-0.08214009864022956,0.23188228347700926,27,0.22647710102631866,22,0.27348596864897234,22
2025,2025_18_DET_CHI,CHI,18,DET,-3.0,-0.08556619689251009,-0.012930412849968573,0.18809679516953837,-0.0036036997257923764,-0.03959313712993028,-0.11764705882352941,0.029411764705882353,0.9411764705882353,0.15555555555555556,-0.36636261740898124,-0.029626157993871034,35,26,17,33,7,-0.7596028997795657,0.05205088664952225,30,0.045553892415235164,16,-0.37208594485932595,38
2025,2025_18_DET_CHI,DET,18,CHI,3.0,0.2131793494772914,0.36636261740898124,0.4923331922521348,0.029626157993871034,0.14434690267100875,-0.15555555555555556,0.06666666666666667,0.8518518518518519,0.11764705882352941,0.012930412849968573,0.0036036997257923764,45,30,27,42,12,0.05143618030109742,0.37208594485932595,38,0.14533508126117778,23,-0.05205088664952225,30
2025,2025_18_GB_MIN,GB,18,MIN,-13.0,-0.5842386008557191,-0.3755077393355105,-0.3017474946035595,-0.18073993692261484,-0.3289639359184491,-0.3333333333333333,0.26666666666666666,0.8064516129032258,0.21212121212121213,-0.3676018577325842,0.15512230020976872,18,9,31,11,2,-0.7074288406292901,-0.3546085044799842,10,0.0887859700426858,25,-0.31573489039231095,26
2025,2025_18_GB_MIN,MIN,18,GB,13.0,0.04566435414911317,0.3676018577325842,0.4700426884265094,-0.15512230020976872,-0.042727637052506595,-0.21212121212121213,0.06060606060606061,0.8214285714285714,0.3333333333333333,0.3755077393355105,0.18073993692261484,35,24,28,31,7,0.016376152496269114,0.31573489039231095,26,0.07025162419481408,23,0.3546085044799842,10
2025,2025_18_IND_HOU,HOU,18,IND,8.0,-0.008531201791162003,-0.05587011819730151,0.32385884281883187,-0.03105725979903084,-0.018900339604308012,-0.06451612903225806,0.0,0.8620689655172413,0.1111111111111111,-0.13638546170025442,0.22619193349601144,34,23,29,31,8,-1.1475908811186848,0.015436151251731658,29,0.06357391820524136,25,-0.21318333738116682,32
2025,2025_18_IND_HOU,IND,18,HOU,-8.0,0.053244225161202974,0.13638546170025442,0.07659148057020193,-0.22619193349601144,-0.07294242176672625,-0.1111111111111111,0.027777777777777776,0.75,0.06451612903225806,0.05587011819730151,0.03105725979903084,39,29,24,35,6,0.42538970382884145,0.21318333738116682,32,-0.03443091315501896,18,-0.015436151251731658,29
2025,2025_18_KC_LV,KC,18,LV,-2.0,-0.6891107561386366,-0.21698479775534862,-0.05752665772028723,-0.03691596653412257,-0.4682060693371076,-0.3333333333333333,0.20512820512820512,0.9047619047619048,0.1724137931034483,0.46451992447922075,0.4244461857741384,41,22,21,31,9,-0.6067713622854987,-0.1963250215227131,26,0.01870013923862134,19,0.46553418163428156,24
2025,2025_18_KC_LV,LV,18,KC,2.0,-0.48075825087459295,-0.46451992447922075,-0.4775948011532469,-0.4244461857741384,-0.4902399122083875,-0.1724137931034483,0.10344827586206896,0.7777777777777778,0.3333333333333333,0.21698479775534862,0.03691596653412257,31,20,27,26,6,-0.420937002232467,-0.46553418163428156,24,-0.0773886658162589,21,0.1963250215227131,26
2025,2025_18_LAC_DEN,DEN,18,LAC,16.0,-0.06938231704731243,-0.0022636933450896637,-0.07646297860386167,-0.3502681902502071,-0.18474615782707274,-0.2222222222222222,0.14814814814814814,0.6956521739130435,0.15555555555555556,0.49840277456102405,-0.013119753653882293,33,15,23,23,8,0.13685996651510784,0.033711751323008604,21,-0.004186751835732317,16,0.4708866085182289,38
2025,2025_18_LAC_DEN,LAC,18,DEN,-16.0,-0.5083088698694985,-0.49840277456102405,-0.38982412627196594,0.013119753653882293,-0.41350366559252016,-0.15555555555555556,0.08888888888888889,0.8333333333333334,0.2222222222222222,0.0022636933450896637,0.3502681902502071,54,33,12,41,8,-0.9462896987533889,-0.4708866085182289,38,0.17874965643277377,10,-0.033711751323008604,21
2025,2025_18_MIA_NE,MIA,18,NE,-28.0,-0.3061811462485394,-0.16091349804939814,-0.162151906829278,-0.49951945371206213,-0.34409286922429466,-0.3103448275862069,0.13793103448275862,0.7272727272727273,0.13636363636363635,-0.399883701069173,-0.27616011033765986,30,19,22,25,6,-0.15699187024644523,0.03823273035814099,20,-0.25886024552892206,16,-0.47594432975474155,19
2025,2025_18_MIA_NE,NE,18,MIA,28.0,0.44684858251589094,0.399883701069173,0.34473377615238554,0.27616011033765986,0.3599087329984602,-0.13636363636363635,0.0,0.88,0.3103448275862069,0.16091349804939814,0.49951945371206213,28,18,25,22,4,0.6480583631947163,0.47594432975474155,19,0.5384842286531986,22,-0.03823273035814099,20
2025,2025_18_NO_ATL,ATL,18,NO,2.0,-0.15871854061604063,0.032898833534088893,0.1399216463232346,-0.3941540937720601,-0.24802168146832385,-0.22857142857142856,0.11428571428571428,0.7727272727272727,0.10256410256410256,0.04808811825748013,0.07553911378414804,36,25,22,31,6,-0.4130295530873515,0.08441932265020116,27,-0.17403830935235362,17,0.04808811825748013,35
2025,2025_18_NO_ATL,NO,18,ATL,-2.0,-0.13564897831195113,-0.04808811825748013,-0.1413756227158653,-0.07553911378414804,-0.11437933394057467,-0.10256410256410256,0.10256410256410256,0.782608695652174,0.22857142857142856,-0.032898833534088893,0.3941540937720601,42,29,23,35,6,0.4028014866247149,-0.04808811825748013,35,0.10969288237780987,18,-0.08441932265020116,27
2025,2025_18_NYJ_BUF,BUF,18,NYJ,27.0,0.7664926432994741,0.7716889337200981,0.6369383344034483,0.045263990760615276,0.36345310217481774,0.0,0.0,0.8421052631578947,0.17391304347826086,0.2882887137940006,0.25008050108628743,30,23,38,29,6,1.2882328977672552,0.7716889337200981,29,0.38552861003881844,32,0.07495328407936803,19
2025,2025_18_NYJ_BUF,NYJ,18,BUF,-27.0,-0.3026826819572865,-0.2882887137940006,-0.1530204369508497,-0.25008050108628743,-0.28426038197484693,-0.17391304347826086,0.043478260869565216,0.7894736842105263,0.0,-0.7716889337200981,-0.045263990760615276,26,17,19,22,5,-0.7482008550607138,-0.07495328407936803,19,-0.05965003456027899,15,-0.7716889337200981,29
2025,2025_18_SEA_SF,SEA,18,SF,10.0,0.1586891481748797,0.29008424283083534,0.26157184918352744,-0.015890047876657987,0.06867175021080557,-0.10714285714285714,0.07142857142857142,0.7878787878787878,0.26666666666666666,0.3737307083792982,0.24388470238773152,31,18,33,26,8,0.3542371285372782,0.3050797206594364,25,0.2779220808095909,26,0.157612176418876,22
2025,2025_18_SEA_SF,SF,18,SEA,-10.0,-0.39496132576434934,-0.3737307083792982,-0.13650009721621023,-0.24388470238773152,-0.358990701150869,-0.26666666666666666,0.1,1.0,0.10714285714285714,-0.29008424283083534,0.015890047876657987,32,18,10,27,9,-0.8481919307054743,-0.157612176418876,22,-0.24388470238773152,10,-0.3050797206594364,25
2025,2025_18_TEN_JAX,JAX,18,TEN,34.0,0.4169085089840839,0.5547264542356967,0.5933990661317751,-0.15639172871689014,0.2188593359601111,-0.058823529411764705,0.058823529411764705,0.736842105263158,0.14705882352941177,0.5509285481432538,0.008985499652814644,36,30,19,32,2,-0.025362724205479026,0.5547264542356967,32,0.061552906144892776,14,0.5117288487410625,29
2025,2025_18_TEN_JAX,TEN,18,JAX,-34.0,-0.5088798000471795,-0.5509285481432538,-0.5815253785251072,-0.008985499652814644,-0.34853634520370397,-0.14705882352941177,0.029411764705882353,0.9411764705882353,0.058823529411764705,-0.5547264542356967,0.15639172871689014,36,23,17,33,10,-0.48055583826499093,-0.5117288487410625,29,0.03254593862948256,16,-0.5547264542356967,32
2025,2025_18_WAS_PHI,PHI,18,WAS,-7.0,-0.15818253856671866,-0.10959002178514017,-0.0411471634722201,0.04332728198428174,-0.10292984583499275,-0.13953488372093023,0.06976744186046512,0.8823529411764706,0.19047619047619047,-0.1933355456444778,0.08826492899970623,45,29,17,40,11,-0.29003028461011127,-0.023445369568176354,37,0.19542643058424208,15,-0.16526754342408867,17
2025,2025_18_WAS_PHI,WAS,18,PHI,7.0,0.0773734016985783,0.1933355456444778,0.20112695267128552,-0.08826492899970623,-0.02516632797055563,-0.19047619047619047,0.0,0.8666666666666667,0.13953488372093023,0.10959002178514017,-0.04332728198428174,29,17,30,21,4,0.160222065780545,0.16526754342408867,17,-0.006602185787274899,26,0.023445369568176354,37
