unit,candidateReference,team,finalGrade,finalRank2026,signal,signalRank2026,display,historicalStanding,referenceN,reference,belowWorst,aboveBest
olIndex,AS,ARI,54.339694,7,-0.14556962,7,60.225272,59.375000,64,"2024-2025 team-seasons, games 1-4 (stage-matched), n=64",false,false
olIndex,AS,ATL,63.964752,5,-0.13953488,6,65.531758,65.625000,64,"2024-2025 team-seasons, games 1-3 (stage-matched), n=64",false,false
olIndex,AS,BAL,69.668591,3,-0.11818182,3,76.766646,76.562500,64,"2024-2025 team-seasons, games 1-4 (stage-matched), n=64",false,false
olIndex,AS,BUF,48.082503,10,-0.16406250,11,48.301091,48.437500,64,"2024-2025 team-seasons, games 1-4 (stage-matched), n=64",false,false
olIndex,AS,CAR,32.794774,23,-0.18023256,20,30.507567,31.250000,64,"2024-2025 team-seasons, games 1-4 (stage-matched), n=64",false,false
olIndex,AS,CHI,69.649447,4,-0.13043478,4,72.801569,71.875000,64,"2024-2025 team-seasons, games 1-4 (stage-matched), n=64",false,false
olIndex,AS,CIN,32.829221,22,-0.19277108,27,22.482674,23.437500,64,"2024-2025 team-seasons, games 1-4 (stage-matched), n=64",false,false
olIndex,AS,CLE,24.682404,28,-0.18897638,25,23.754174,23.437500,64,"2024-2025 team-seasons, games 1-4 (stage-matched), n=64",false,false
olIndex,AS,DAL,46.214463,11,-0.16666667,12.5,45.258844,45.312500,64,"2024-2025 team-seasons, games 1-4 (stage-matched), n=64",false,false
olIndex,AS,DEN,83.691337,2,-0.10714286,2,86.137964,85.937500,64,"2024-2025 team-seasons, games 1-4 (stage-matched), n=64",false,false
olIndex,AS,DET,49.045174,9,-0.15384615,9,54.407154,54.687500,64,"2024-2025 team-seasons, games 1-4 (stage-matched), n=64",false,false
olIndex,AS,GB,23.303287,30,-0.20370370,31,16.148334,17.187500,64,"2024-2025 team-seasons, games 1-4 (stage-matched), n=64",false,false
olIndex,AS,HOU,40.294405,15,-0.16875000,14,40.238546,40.625000,64,"2024-2025 team-seasons, games 1-4 (stage-matched), n=64",false,false
olIndex,AS,IND,36.573632,18,-0.17857143,18,30.873016,31.250000,64,"2024-2025 team-seasons, games 1-4 (stage-matched), n=64",false,false
olIndex,AS,JAX,24.078219,29,-0.19819820,29,17.346342,17.187500,64,"2024-2025 team-seasons, games 1-4 (stage-matched), n=64",false,false
olIndex,AS,KC,44.934854,13,-0.15671642,10,53.342810,53.125000,64,"2024-2025 team-seasons, games 1-4 (stage-matched), n=64",false,false
olIndex,AS,LAC,9.755104,32,-0.23484848,32,6.669072,7.812500,64,"2024-2025 team-seasons, games 1-4 (stage-matched), n=64",false,false
olIndex,AS,LAR,44.459935,14,-0.17261905,16,35.635264,35.937500,64,"2024-2025 team-seasons, games 1-4 (stage-matched), n=64",false,false
olIndex,AS,LV,27.858023,26,-0.18493151,22,27.281923,28.125000,64,"2024-2025 team-seasons, games 1-4 (stage-matched), n=64",false,false
olIndex,AS,MIA,45.326341,12,-0.16666667,12.5,45.258844,45.312500,64,"2024-2025 team-seasons, games 1-4 (stage-matched), n=64",false,false
olIndex,AS,MIN,35.731522,19,-0.17073171,15,37.269325,37.500000,64,"2024-2025 team-seasons, games 1-4 (stage-matched), n=64",false,false
olIndex,AS,NE,33.564677,21,-0.17293233,17,35.267823,35.937500,64,"2024-2025 team-seasons, games 1-4 (stage-matched), n=64",false,false
olIndex,AS,NO,53.490385,8,-0.14893617,8,62.627234,62.500000,64,"2024-2025 team-seasons, games 1-3 (stage-matched), n=64",false,false
olIndex,AS,NYG,18.781012,31,-0.20325203,30,16.246619,17.187500,64,"2024-2025 team-seasons, games 1-4 (stage-matched), n=64",false,false
olIndex,AS,NYJ,28.844082,25,-0.17968750,19,30.627480,31.250000,64,"2024-2025 team-seasons, games 1-4 (stage-matched), n=64",false,false
olIndex,AS,PHI,34.257934,20,-0.18110236,21,30.316210,31.250000,64,"2024-2025 team-seasons, games 1-4 (stage-matched), n=64",false,false
olIndex,AS,PIT,38.549774,16,-0.18562874,24,26.743791,26.562500,64,"2024-2025 team-seasons, games 1-4 (stage-matched), n=64",false,false
olIndex,AS,SEA,37.130741,17,-0.18548387,23,26.984127,27.343750,64,"2024-2025 team-seasons, games 1-4 (stage-matched), n=64",false,false
olIndex,AS,SF,85.421031,1,-0.09821429,1,88.824797,87.500000,64,"2024-2025 team-seasons, games 1-4 (stage-matched), n=64",false,false
olIndex,AS,TB,30.084993,24,-0.19718310,28,17.911509,18.750000,64,"2024-2025 team-seasons, games 1-4 (stage-matched), n=64",false,false
olIndex,AS,TEN,59.996847,6,-0.13600000,5,71.232653,70.312500,64,"2024-2025 team-seasons, games 1-4 (stage-matched), n=64",false,false
olIndex,AS,WAS,26.461451,27,-0.19014085,26,23.363993,23.437500,64,"2024-2025 team-seasons, games 1-4 (stage-matched), n=64",false,false
olIndex,BS,ARI,54.339694,7,-0.14556962,7,60.703718,59.375000,64,"2024-2025 team-seasons, games 1-4 (stage-matched), n=64",false,false
olIndex,BS,ATL,63.964752,5,-0.13953488,6,65.042609,65.625000,64,"2024-2025 team-seasons, games 1-3 (stage-matched), n=64",false,false
olIndex,BS,BAL,69.668591,3,-0.11818182,3,78.884369,76.562500,64,"2024-2025 team-seasons, games 1-4 (stage-matched), n=64",false,false
olIndex,BS,BUF,48.082503,10,-0.16406250,11,45.704111,48.437500,64,"2024-2025 team-seasons, games 1-4 (stage-matched), n=64",false,false
olIndex,BS,CAR,32.794774,23,-0.18023256,20,32.741007,31.250000,64,"2024-2025 team-seasons, games 1-4 (stage-matched), n=64",false,false
olIndex,BS,CHI,69.649447,4,-0.13043478,4,71.398259,71.875000,64,"2024-2025 team-seasons, games 1-4 (stage-matched), n=64",false,false
olIndex,BS,CIN,32.829221,22,-0.19277108,27,24.322228,23.437500,64,"2024-2025 team-seasons, games 1-4 (stage-matched), n=64",false,false
olIndex,BS,CLE,24.682404,28,-0.18897638,25,26.669996,23.437500,64,"2024-2025 team-seasons, games 1-4 (stage-matched), n=64",false,false
olIndex,BS,DAL,46.214463,11,-0.16666667,12.5,43.534674,45.312500,64,"2024-2025 team-seasons, games 1-4 (stage-matched), n=64",false,false
olIndex,BS,DEN,83.691337,2,-0.10714286,2,84.871014,85.937500,64,"2024-2025 team-seasons, games 1-4 (stage-matched), n=64",false,false
olIndex,BS,DET,49.045174,9,-0.15384615,9,54.167919,54.687500,64,"2024-2025 team-seasons, games 1-4 (stage-matched), n=64",false,false
olIndex,BS,GB,23.303287,30,-0.20370370,31,18.537449,17.187500,64,"2024-2025 team-seasons, games 1-4 (stage-matched), n=64",false,false
olIndex,BS,HOU,40.294405,15,-0.16875000,14,41.810164,40.625000,64,"2024-2025 team-seasons, games 1-4 (stage-matched), n=64",false,false
olIndex,BS,IND,36.573632,18,-0.17857143,18,33.988612,31.250000,64,"2024-2025 team-seasons, games 1-4 (stage-matched), n=64",false,false
olIndex,BS,JAX,24.078219,29,-0.19819820,29,21.275203,17.187500,64,"2024-2025 team-seasons, games 1-4 (stage-matched), n=64",false,false
olIndex,BS,KC,44.934854,13,-0.15671642,10,51.817056,53.125000,64,"2024-2025 team-seasons, games 1-4 (stage-matched), n=64",false,false
olIndex,BS,LAC,9.755104,32,-0.23484848,32,7.772772,7.812500,64,"2024-2025 team-seasons, games 1-4 (stage-matched), n=64",false,false
olIndex,BS,LAR,44.459935,14,-0.17261905,16,38.654307,35.937500,64,"2024-2025 team-seasons, games 1-4 (stage-matched), n=64",false,false
olIndex,BS,LV,27.858023,26,-0.18493151,22,29.368373,28.125000,64,"2024-2025 team-seasons, games 1-4 (stage-matched), n=64",false,false
olIndex,BS,MIA,45.326341,12,-0.16666667,12.5,43.534674,45.312500,64,"2024-2025 team-seasons, games 1-4 (stage-matched), n=64",false,false
olIndex,BS,MIN,35.731522,19,-0.17073171,15,40.184553,37.500000,64,"2024-2025 team-seasons, games 1-4 (stage-matched), n=64",false,false
olIndex,BS,NE,33.564677,21,-0.17293233,17,38.402290,35.937500,64,"2024-2025 team-seasons, games 1-4 (stage-matched), n=64",false,false
olIndex,BS,NO,53.490385,8,-0.14893617,8,59.424231,62.500000,64,"2024-2025 team-seasons, games 1-3 (stage-matched), n=64",false,false
olIndex,BS,NYG,18.781012,31,-0.20325203,30,18.749566,17.187500,64,"2024-2025 team-seasons, games 1-4 (stage-matched), n=64",false,false
olIndex,BS,NYJ,28.844082,25,-0.17968750,19,33.147404,31.250000,64,"2024-2025 team-seasons, games 1-4 (stage-matched), n=64",false,false
olIndex,BS,PHI,34.257934,20,-0.18110236,21,32.098719,31.250000,64,"2024-2025 team-seasons, games 1-4 (stage-matched), n=64",false,false
olIndex,BS,PIT,38.549774,16,-0.18562874,24,28.889192,26.562500,64,"2024-2025 team-seasons, games 1-4 (stage-matched), n=64",false,false
olIndex,BS,SEA,37.130741,17,-0.18548387,23,28.988284,27.343750,64,"2024-2025 team-seasons, games 1-4 (stage-matched), n=64",false,false
olIndex,BS,SF,85.421031,1,-0.09821429,1,89.155039,87.500000,64,"2024-2025 team-seasons, games 1-4 (stage-matched), n=64",false,false
olIndex,BS,TB,30.084993,24,-0.19718310,28,21.817885,18.750000,64,"2024-2025 team-seasons, games 1-4 (stage-matched), n=64",false,false
olIndex,BS,TEN,59.996847,6,-0.13600000,5,67.665668,70.312500,64,"2024-2025 team-seasons, games 1-4 (stage-matched), n=64",false,false
olIndex,BS,WAS,26.461451,27,-0.19014085,26,25.930395,23.437500,64,"2024-2025 team-seasons, games 1-4 (stage-matched), n=64",false,false
olIndex,CS,ARI,54.339694,7,-0.14556962,7,60.065502,59.375000,64,"2024-2025 team-seasons, games 1-4 (stage-matched), n=64",false,false
olIndex,CS,ATL,63.964752,5,-0.13953488,6,65.289074,65.625000,64,"2024-2025 team-seasons, games 1-3 (stage-matched), n=64",false,false
olIndex,CS,BAL,69.668591,3,-0.11818182,3,76.348417,76.562500,64,"2024-2025 team-seasons, games 1-4 (stage-matched), n=64",false,false
olIndex,CS,BUF,48.082503,10,-0.16406250,11,48.327637,48.437500,64,"2024-2025 team-seasons, games 1-4 (stage-matched), n=64",false,false
olIndex,CS,CAR,32.794774,23,-0.18023256,20,30.812137,31.250000,64,"2024-2025 team-seasons, games 1-4 (stage-matched), n=64",false,false
olIndex,CS,CHI,69.649447,4,-0.13043478,4,72.445295,71.875000,64,"2024-2025 team-seasons, games 1-4 (stage-matched), n=64",false,false
olIndex,CS,CIN,32.829221,22,-0.19277108,27,22.912633,23.437500,64,"2024-2025 team-seasons, games 1-4 (stage-matched), n=64",false,false
olIndex,CS,CLE,24.682404,28,-0.18897638,25,24.164265,23.437500,64,"2024-2025 team-seasons, games 1-4 (stage-matched), n=64",false,false
olIndex,CS,DAL,46.214463,11,-0.16666667,12.5,45.332925,45.312500,64,"2024-2025 team-seasons, games 1-4 (stage-matched), n=64",false,false
olIndex,CS,DEN,83.691337,2,-0.10714286,2,85.573308,85.937500,64,"2024-2025 team-seasons, games 1-4 (stage-matched), n=64",false,false
olIndex,CS,DET,49.045174,9,-0.15384615,9,54.338293,54.687500,64,"2024-2025 team-seasons, games 1-4 (stage-matched), n=64",false,false
olIndex,CS,GB,23.303287,30,-0.20370370,31,16.677267,17.187500,64,"2024-2025 team-seasons, games 1-4 (stage-matched), n=64",false,false
olIndex,CS,HOU,40.294405,15,-0.16875000,14,40.391069,40.625000,64,"2024-2025 team-seasons, games 1-4 (stage-matched), n=64",false,false
olIndex,CS,IND,36.573632,18,-0.17857143,18,31.171875,31.250000,64,"2024-2025 team-seasons, games 1-4 (stage-matched), n=64",false,false
olIndex,CS,JAX,24.078219,29,-0.19819820,29,17.856556,17.187500,64,"2024-2025 team-seasons, games 1-4 (stage-matched), n=64",false,false
olIndex,CS,KC,44.934854,13,-0.15671642,10,53.290578,53.125000,64,"2024-2025 team-seasons, games 1-4 (stage-matched), n=64",false,false
olIndex,CS,LAC,9.755104,32,-0.23484848,32,7.346117,7.812500,64,"2024-2025 team-seasons, games 1-4 (stage-matched), n=64",false,false
olIndex,CS,LAR,44.459935,14,-0.17261905,16,35.859713,35.937500,64,"2024-2025 team-seasons, games 1-4 (stage-matched), n=64",false,false
olIndex,CS,LV,27.858023,26,-0.18493151,22,27.636893,28.125000,64,"2024-2025 team-seasons, games 1-4 (stage-matched), n=64",false,false
olIndex,CS,MIA,45.326341,12,-0.16666667,12.5,45.332925,45.312500,64,"2024-2025 team-seasons, games 1-4 (stage-matched), n=64",false,false
olIndex,CS,MIN,35.731522,19,-0.17073171,15,37.468242,37.500000,64,"2024-2025 team-seasons, games 1-4 (stage-matched), n=64",false,false
olIndex,CS,NE,33.564677,21,-0.17293233,17,35.498013,35.937500,64,"2024-2025 team-seasons, games 1-4 (stage-matched), n=64",false,false
olIndex,CS,NO,53.490385,8,-0.14893617,8,62.429934,62.500000,64,"2024-2025 team-seasons, games 1-3 (stage-matched), n=64",false,false
olIndex,CS,NYG,18.781012,31,-0.20325203,30,16.774015,17.187500,64,"2024-2025 team-seasons, games 1-4 (stage-matched), n=64",false,false
olIndex,CS,NYJ,28.844082,25,-0.17968750,19,30.930176,31.250000,64,"2024-2025 team-seasons, games 1-4 (stage-matched), n=64",false,false
olIndex,CS,PHI,34.257934,20,-0.18110236,21,30.623770,31.250000,64,"2024-2025 team-seasons, games 1-4 (stage-matched), n=64",false,false
olIndex,CS,PIT,38.549774,16,-0.18562874,24,27.107170,26.562500,64,"2024-2025 team-seasons, games 1-4 (stage-matched), n=64",false,false
olIndex,CS,SEA,37.130741,17,-0.18548387,23,27.343750,27.343750,64,"2024-2025 team-seasons, games 1-4 (stage-matched), n=64",false,false
olIndex,CS,SF,85.421031,1,-0.09821429,1,88.218160,87.500000,64,"2024-2025 team-seasons, games 1-4 (stage-matched), n=64",false,false
olIndex,CS,TB,30.084993,24,-0.19718310,28,18.412892,18.750000,64,"2024-2025 team-seasons, games 1-4 (stage-matched), n=64",false,false
olIndex,CS,TEN,59.996847,6,-0.13600000,5,70.900893,70.312500,64,"2024-2025 team-seasons, games 1-4 (stage-matched), n=64",false,false
olIndex,CS,WAS,26.461451,27,-0.19014085,26,23.780181,23.437500,64,"2024-2025 team-seasons, games 1-4 (stage-matched), n=64",false,false
olIndex,AC,ARI,54.339694,7,-0.14556962,7,56.706386,56.696429,896,"2024-2025 every 4-game window at any stage, n=896",false,false
olIndex,AC,ATL,63.964752,5,-0.13953488,6,59.697602,59.687500,960,"2024-2025 every 3-game window at any stage, n=960",false,false
olIndex,AC,BAL,69.668591,3,-0.11818182,3,76.599071,76.450893,896,"2024-2025 every 4-game window at any stage, n=896",false,false
olIndex,AC,BUF,48.082503,10,-0.16406250,11,41.970438,41.964286,896,"2024-2025 every 4-game window at any stage, n=896",false,false
olIndex,AC,CAR,32.794774,23,-0.18023256,20,29.519780,29.575893,896,"2024-2025 every 4-game window at any stage, n=896",false,false
olIndex,AC,CHI,69.649447,4,-0.13043478,4,67.932961,67.912946,896,"2024-2025 every 4-game window at any stage, n=896",false,false
olIndex,AC,CIN,32.829221,22,-0.19277108,27,22.793296,22.823661,896,"2024-2025 every 4-game window at any stage, n=896",false,false
olIndex,AC,CLE,24.682404,28,-0.18897638,25,25.723486,25.781250,896,"2024-2025 every 4-game window at any stage, n=896",false,false
olIndex,AC,DAL,46.214463,11,-0.16666667,12.5,39.776536,39.787946,896,"2024-2025 every 4-game window at any stage, n=896",false,false
olIndex,AC,DEN,83.691337,2,-0.10714286,2,84.469274,84.430804,896,"2024-2025 every 4-game window at any stage, n=896",false,false
olIndex,AC,DET,49.045174,9,-0.15384615,9,49.608939,49.609375,896,"2024-2025 every 4-game window at any stage, n=896",false,false
olIndex,AC,GB,23.303287,30,-0.20370370,31,15.807987,15.848214,896,"2024-2025 every 4-game window at any stage, n=896",false,false
olIndex,AC,HOU,40.294405,15,-0.16875000,14,38.026187,38.058036,896,"2024-2025 every 4-game window at any stage, n=896",false,false
olIndex,AC,IND,36.573632,18,-0.17857143,18,30.837989,30.859375,896,"2024-2025 every 4-game window at any stage, n=896",false,false
olIndex,AC,JAX,24.078219,29,-0.19819820,29,18.547486,18.582589,896,"2024-2025 every 4-game window at any stage, n=896",false,false
olIndex,AC,KC,44.934854,13,-0.15671642,10,47.262570,47.265625,896,"2024-2025 every 4-game window at any stage, n=896",false,false
olIndex,AC,LAC,9.755104,32,-0.23484848,32,5.907610,6.026786,896,"2024-2025 every 4-game window at any stage, n=896",false,false
olIndex,AC,LAR,44.459935,14,-0.17261905,16,35.160947,35.156250,896,"2024-2025 every 4-game window at any stage, n=896",false,false
olIndex,AC,LV,27.858023,26,-0.18493151,22,27.800566,27.790179,896,"2024-2025 every 4-game window at any stage, n=896",false,false
olIndex,AC,MIA,45.326341,12,-0.16666667,12.5,39.776536,39.787946,896,"2024-2025 every 4-game window at any stage, n=896",false,false
olIndex,AC,MIN,35.731522,19,-0.17073171,15,36.424581,36.439732,896,"2024-2025 every 4-game window at any stage, n=896",false,false
olIndex,AC,NE,33.564677,21,-0.17293233,17,35.108161,35.156250,896,"2024-2025 every 4-game window at any stage, n=896",false,false
olIndex,AC,NO,53.490385,8,-0.14893617,8,52.502607,52.500000,960,"2024-2025 every 3-game window at any stage, n=960",false,false
olIndex,AC,NYG,18.781012,31,-0.20325203,30,15.883181,15.959821,896,"2024-2025 every 4-game window at any stage, n=896",false,false
olIndex,AC,NYJ,28.844082,25,-0.17968750,19,29.855347,29.910714,896,"2024-2025 every 4-game window at any stage, n=896",false,false
olIndex,AC,PHI,34.257934,20,-0.18110236,21,29.050279,29.073661,896,"2024-2025 every 4-game window at any stage, n=896",false,false
olIndex,AC,PIT,38.549774,16,-0.18562874,24,27.552404,27.566964,896,"2024-2025 every 4-game window at any stage, n=896",false,false
olIndex,AC,SEA,37.130741,17,-0.18548387,23,27.597765,27.622768,896,"2024-2025 every 4-game window at any stage, n=896",false,false
olIndex,AC,SF,85.421031,1,-0.09821429,1,89.608939,89.564732,896,"2024-2025 every 4-game window at any stage, n=896",false,false
olIndex,AC,TB,30.084993,24,-0.19718310,28,19.012039,18.973214,896,"2024-2025 every 4-game window at any stage, n=896",false,false
olIndex,AC,TEN,59.996847,6,-0.13600000,5,65.139665,65.122768,896,"2024-2025 every 4-game window at any stage, n=896",false,false
olIndex,AC,WAS,26.461451,27,-0.19014085,26,24.469274,24.497768,896,"2024-2025 every 4-game window at any stage, n=896",false,false
olIndex,BC,ARI,54.339694,7,-0.14556962,7,56.615654,56.696429,896,"2024-2025 every 4-game window at any stage, n=896",false,false
olIndex,BC,ATL,63.964752,5,-0.13953488,6,59.617690,59.687500,960,"2024-2025 every 3-game window at any stage, n=960",false,false
olIndex,BC,BAL,69.668591,3,-0.11818182,3,76.686979,76.450893,896,"2024-2025 every 4-game window at any stage, n=896",false,false
olIndex,BC,BUF,48.082503,10,-0.16406250,11,41.922388,41.964286,896,"2024-2025 every 4-game window at any stage, n=896",false,false
olIndex,BC,CAR,32.794774,23,-0.18023256,20,30.455453,29.575893,896,"2024-2025 every 4-game window at any stage, n=896",false,false
olIndex,BC,CHI,69.649447,4,-0.13043478,4,68.101221,67.912946,896,"2024-2025 every 4-game window at any stage, n=896",false,false
olIndex,BC,CIN,32.829221,22,-0.19277108,27,22.567913,22.823661,896,"2024-2025 every 4-game window at any stage, n=896",false,false
olIndex,BC,CLE,24.682404,28,-0.18897638,25,24.876029,25.781250,896,"2024-2025 every 4-game window at any stage, n=896",false,false
olIndex,BC,DAL,46.214463,11,-0.16666667,12.5,39.958919,39.787946,896,"2024-2025 every 4-game window at any stage, n=896",false,false
olIndex,BC,DEN,83.691337,2,-0.10714286,2,83.825749,84.430804,896,"2024-2025 every 4-game window at any stage, n=896",false,false
olIndex,BC,DET,49.045174,9,-0.15384615,9,49.956911,49.609375,896,"2024-2025 every 4-game window at any stage, n=896",false,false
olIndex,BC,GB,23.303287,30,-0.20370370,31,16.606240,15.848214,896,"2024-2025 every 4-game window at any stage, n=896",false,false
olIndex,BC,HOU,40.294405,15,-0.16875000,14,38.419478,38.058036,896,"2024-2025 every 4-game window at any stage, n=896",false,false
olIndex,BC,IND,36.573632,18,-0.17857143,18,31.556487,30.859375,896,"2024-2025 every 4-game window at any stage, n=896",false,false
olIndex,BC,JAX,24.078219,29,-0.19819820,29,19.448951,18.582589,896,"2024-2025 every 4-game window at any stage, n=896",false,false
olIndex,BC,KC,44.934854,13,-0.15671642,10,47.658641,47.265625,896,"2024-2025 every 4-game window at any stage, n=896",false,false
olIndex,BC,LAC,9.755104,32,-0.23484848,32,6.212559,6.026786,896,"2024-2025 every 4-game window at any stage, n=896",false,false
olIndex,BC,LAR,44.459935,14,-0.17261905,16,35.638720,35.156250,896,"2024-2025 every 4-game window at any stage, n=896",false,false
olIndex,BC,LV,27.858023,26,-0.18493151,22,27.414954,27.790179,896,"2024-2025 every 4-game window at any stage, n=896",false,false
olIndex,BC,MIA,45.326341,12,-0.16666667,12.5,39.958919,39.787946,896,"2024-2025 every 4-game window at any stage, n=896",false,false
olIndex,BC,MIN,35.731522,19,-0.17073171,15,36.982316,36.439732,896,"2024-2025 every 4-game window at any stage, n=896",false,false
olIndex,BC,NE,33.564677,21,-0.17293233,17,35.418065,35.156250,896,"2024-2025 every 4-game window at any stage, n=896",false,false
olIndex,BC,NO,53.490385,8,-0.14893617,8,52.738508,52.500000,960,"2024-2025 every 3-game window at any stage, n=960",false,false
olIndex,BC,NYG,18.781012,31,-0.20325203,30,16.824981,15.959821,896,"2024-2025 every 4-game window at any stage, n=896",false,false
olIndex,BC,NYJ,28.844082,25,-0.17968750,19,30.815082,29.910714,896,"2024-2025 every 4-game window at any stage, n=896",false,false
olIndex,BC,PHI,34.257934,20,-0.18110236,21,29.884741,29.073661,896,"2024-2025 every 4-game window at any stage, n=896",false,false
olIndex,BC,PIT,38.549774,16,-0.18562874,24,26.972214,27.566964,896,"2024-2025 every 4-game window at any stage, n=896",false,false
olIndex,BC,SEA,37.130741,17,-0.18548387,23,27.064035,27.622768,896,"2024-2025 every 4-game window at any stage, n=896",false,false
olIndex,BC,SF,85.421031,1,-0.09821429,1,88.697234,89.564732,896,"2024-2025 every 4-game window at any stage, n=896",false,false
olIndex,BC,TB,30.084993,24,-0.19718310,28,20.011703,18.973214,896,"2024-2025 every 4-game window at any stage, n=896",false,false
olIndex,BC,TEN,59.996847,6,-0.13600000,5,64.025271,65.122768,896,"2024-2025 every 4-game window at any stage, n=896",false,false
olIndex,BC,WAS,26.461451,27,-0.19014085,26,24.159186,24.497768,896,"2024-2025 every 4-game window at any stage, n=896",false,false
olIndex,CC,ARI,54.339694,7,-0.14556962,7,56.698901,56.696429,896,"2024-2025 every 4-game window at any stage, n=896",false,false
olIndex,CC,ATL,63.964752,5,-0.13953488,6,59.687500,59.687500,960,"2024-2025 every 3-game window at any stage, n=960",false,false
olIndex,CC,BAL,69.668591,3,-0.11818182,3,76.569385,76.450893,896,"2024-2025 every 4-game window at any stage, n=896",false,false
olIndex,CC,BUF,48.082503,10,-0.16406250,11,41.979399,41.964286,896,"2024-2025 every 4-game window at any stage, n=896",false,false
olIndex,CC,CAR,32.794774,23,-0.18023256,20,29.542638,29.575893,896,"2024-2025 every 4-game window at any stage, n=896",false,false
olIndex,CC,CHI,69.649447,4,-0.13043478,4,67.912946,67.912946,896,"2024-2025 every 4-game window at any stage, n=896",false,false
olIndex,CC,CIN,32.829221,22,-0.19277108,27,22.823661,22.823661,896,"2024-2025 every 4-game window at any stage, n=896",false,false
olIndex,CC,CLE,24.682404,28,-0.18897638,25,25.750580,25.781250,896,"2024-2025 every 4-game window at any stage, n=896",false,false
olIndex,CC,DAL,46.214463,11,-0.16666667,12.5,39.787946,39.787946,896,"2024-2025 every 4-game window at any stage, n=896",false,false
olIndex,CC,DEN,83.691337,2,-0.10714286,2,84.430804,84.430804,896,"2024-2025 every 4-game window at any stage, n=896",false,false
olIndex,CC,DET,49.045174,9,-0.15384615,9,49.609375,49.609375,896,"2024-2025 every 4-game window at any stage, n=896",false,false
olIndex,CC,GB,23.303287,30,-0.20370370,31,15.846147,15.848214,896,"2024-2025 every 4-game window at any stage, n=896",false,false
olIndex,CC,HOU,40.294405,15,-0.16875000,14,38.039551,38.058036,896,"2024-2025 every 4-game window at any stage, n=896",false,false
olIndex,CC,IND,36.573632,18,-0.17857143,18,30.859375,30.859375,896,"2024-2025 every 4-game window at any stage, n=896",false,false
olIndex,CC,JAX,24.078219,29,-0.19819820,29,18.582589,18.582589,896,"2024-2025 every 4-game window at any stage, n=896",false,false
olIndex,CC,KC,44.934854,13,-0.15671642,10,47.265625,47.265625,896,"2024-2025 every 4-game window at any stage, n=896",false,false
olIndex,CC,LAC,9.755104,32,-0.23484848,32,5.956820,6.026786,896,"2024-2025 every 4-game window at any stage, n=896",false,false
olIndex,CC,LAR,44.459935,14,-0.17261905,16,35.177509,35.156250,896,"2024-2025 every 4-game window at any stage, n=896",false,false
olIndex,CC,LV,27.858023,26,-0.18493151,22,27.825342,27.790179,896,"2024-2025 every 4-game window at any stage, n=896",false,false
olIndex,CC,MIA,45.326341,12,-0.16666667,12.5,39.787946,39.787946,896,"2024-2025 every 4-game window at any stage, n=896",false,false
olIndex,CC,MIN,35.731522,19,-0.17073171,15,36.439732,36.439732,896,"2024-2025 every 4-game window at any stage, n=896",false,false
olIndex,CC,NE,33.564677,21,-0.17293233,17,35.124782,35.156250,896,"2024-2025 every 4-game window at any stage, n=896",false,false
olIndex,CC,NO,53.490385,8,-0.14893617,8,52.500000,52.500000,960,"2024-2025 every 3-game window at any stage, n=960",false,false
olIndex,CC,NYG,18.781012,31,-0.20325203,30,15.921258,15.959821,896,"2024-2025 every 4-game window at any stage, n=896",false,false
olIndex,CC,NYJ,28.844082,25,-0.17968750,19,29.877830,29.910714,896,"2024-2025 every 4-game window at any stage, n=896",false,false
olIndex,CC,PHI,34.257934,20,-0.18110236,21,29.073661,29.073661,896,"2024-2025 every 4-game window at any stage, n=896",false,false
olIndex,CC,PIT,38.549774,16,-0.18562874,24,27.577457,27.566964,896,"2024-2025 every 4-game window at any stage, n=896",false,false
olIndex,CC,SEA,37.130741,17,-0.18548387,23,27.622768,27.622768,896,"2024-2025 every 4-game window at any stage, n=896",false,false
olIndex,CC,SF,85.421031,1,-0.09821429,1,89.564732,89.564732,896,"2024-2025 every 4-game window at any stage, n=896",false,false
olIndex,CC,TB,30.084993,24,-0.19718310,28,19.046623,18.973214,896,"2024-2025 every 4-game window at any stage, n=896",false,false
olIndex,CC,TEN,59.996847,6,-0.13600000,5,65.122768,65.122768,896,"2024-2025 every 4-game window at any stage, n=896",false,false
olIndex,CC,WAS,26.461451,27,-0.19014085,26,24.497768,24.497768,896,"2024-2025 every 4-game window at any stage, n=896",false,false
olIndex,AF,ARI,54.339694,7,-0.14556962,7,59.252048,59.375000,64,"2024-2025 full seasons (17 games), n=64",false,false
olIndex,AF,ATL,63.964752,5,-0.13953488,6,65.479672,65.625000,64,"2024-2025 full seasons (17 games), n=64",false,false
olIndex,AF,BAL,69.668591,3,-0.11818182,3,85.197868,84.375000,64,"2024-2025 full seasons (17 games), n=64",false,false
olIndex,AF,BUF,48.082503,10,-0.16406250,11,38.941317,39.062500,64,"2024-2025 full seasons (17 games), n=64",false,false
olIndex,AF,CAR,32.794774,23,-0.18023256,20,28.219537,29.687500,64,"2024-2025 full seasons (17 games), n=64",false,false
olIndex,AF,CHI,69.649447,4,-0.13043478,4,75.144877,75.000000,64,"2024-2025 full seasons (17 games), n=64",false,false
olIndex,AF,CIN,32.829221,22,-0.19277108,27,16.986560,17.187500,64,"2024-2025 full seasons (17 games), n=64",false,false
olIndex,AF,CLE,24.682404,28,-0.18897638,25,19.972503,20.312500,64,"2024-2025 full seasons (17 games), n=64",false,false
olIndex,AF,DAL,46.214463,11,-0.16666667,12.5,38.393088,39.062500,64,"2024-2025 full seasons (17 games), n=64",false,false
olIndex,AF,DEN,83.691337,2,-0.10714286,2,92.424242,92.187500,64,"2024-2025 full seasons (17 games), n=64",false,false
olIndex,AF,DET,49.045174,9,-0.15384615,9,48.881386,48.437500,64,"2024-2025 full seasons (17 games), n=64",false,false
olIndex,AF,GB,23.303287,30,-0.20370370,31,7.902032,7.812500,64,"2024-2025 full seasons (17 games), n=64",false,false
olIndex,AF,HOU,40.294405,15,-0.16875000,14,37.748404,37.500000,64,"2024-2025 full seasons (17 games), n=64",false,false
olIndex,AF,IND,36.573632,18,-0.17857143,18,28.858832,29.687500,64,"2024-2025 full seasons (17 games), n=64",false,false
olIndex,AF,JAX,24.078219,29,-0.19819820,29,13.121249,14.062500,64,"2024-2025 full seasons (17 games), n=64",false,false
olIndex,AF,KC,44.934854,13,-0.15671642,10,44.870884,45.312500,64,"2024-2025 full seasons (17 games), n=64",false,false
olIndex,AF,LAC,9.755104,32,-0.23484848,32,0.000000,0.000000,64,"2024-2025 full seasons (17 games), n=64",true,false
olIndex,AF,LAR,44.459935,14,-0.17261905,16,33.465608,34.375000,64,"2024-2025 full seasons (17 games), n=64",false,false
olIndex,AF,LV,27.858023,26,-0.18493151,22,24.717810,25.000000,64,"2024-2025 full seasons (17 games), n=64",false,false
olIndex,AF,MIA,45.326341,12,-0.16666667,12.5,38.393088,39.062500,64,"2024-2025 full seasons (17 games), n=64",false,false
olIndex,AF,MIN,35.731522,19,-0.17073171,15,36.720254,37.500000,64,"2024-2025 full seasons (17 games), n=64",false,false
olIndex,AF,NE,33.564677,21,-0.17293233,17,33.153284,32.812500,64,"2024-2025 full seasons (17 games), n=64",false,false
olIndex,AF,NO,53.490385,8,-0.14893617,8,54.161408,54.687500,64,"2024-2025 full seasons (17 games), n=64",false,false
olIndex,AF,NYG,18.781012,31,-0.20325203,30,8.477098,9.375000,64,"2024-2025 full seasons (17 games), n=64",false,false
olIndex,AF,NYJ,28.844082,25,-0.17968750,19,28.429306,29.687500,64,"2024-2025 full seasons (17 games), n=64",false,false
olIndex,AF,PHI,34.257934,20,-0.18110236,21,27.884789,29.687500,64,"2024-2025 full seasons (17 games), n=64",false,false
olIndex,AF,PIT,38.549774,16,-0.18562874,24,22.067399,21.875000,64,"2024-2025 full seasons (17 games), n=64",false,false
olIndex,AF,SEA,37.130741,17,-0.18548387,23,22.146399,21.875000,64,"2024-2025 full seasons (17 games), n=64",false,false
olIndex,AF,SF,85.421031,1,-0.09821429,1,97.271085,96.875000,64,"2024-2025 full seasons (17 games), n=64",false,false
olIndex,AF,TB,30.084993,24,-0.19718310,28,13.416332,14.062500,64,"2024-2025 full seasons (17 games), n=64",false,false
olIndex,AF,TEN,59.996847,6,-0.13600000,5,68.423492,68.750000,64,"2024-2025 full seasons (17 games), n=64",false,false
olIndex,AF,WAS,26.461451,27,-0.19014085,26,18.936706,18.750000,64,"2024-2025 full seasons (17 games), n=64",false,false
olIndex,BF,ARI,54.339694,7,-0.14556962,7,59.167871,59.375000,64,"2024-2025 full seasons (17 games), n=64",false,false
olIndex,BF,ATL,63.964752,5,-0.13953488,6,65.642717,65.625000,64,"2024-2025 full seasons (17 games), n=64",false,false
olIndex,BF,BAL,69.668591,3,-0.11818182,3,85.795634,84.375000,64,"2024-2025 full seasons (17 games), n=64",false,false
olIndex,BF,BUF,48.082503,10,-0.16406250,11,40.722342,39.062500,64,"2024-2025 full seasons (17 games), n=64",false,false
olIndex,BF,CAR,32.794774,23,-0.18023256,20,26.984115,29.687500,64,"2024-2025 full seasons (17 games), n=64",false,false
olIndex,BF,CHI,69.649447,4,-0.13043478,4,75.026700,75.000000,64,"2024-2025 full seasons (17 games), n=64",false,false
olIndex,BF,CIN,32.829221,22,-0.19277108,27,17.004104,17.187500,64,"2024-2025 full seasons (17 games), n=64",false,false
olIndex,BF,CLE,24.682404,28,-0.18897638,25,19.925746,20.312500,64,"2024-2025 full seasons (17 games), n=64",false,false
olIndex,BF,DAL,46.214463,11,-0.16666667,12.5,38.408400,39.062500,64,"2024-2025 full seasons (17 games), n=64",false,false
olIndex,BF,DEN,83.691337,2,-0.10714286,2,93.111128,92.187500,64,"2024-2025 full seasons (17 games), n=64",false,false
olIndex,BF,DET,49.045174,9,-0.15384615,9,50.495466,48.437500,64,"2024-2025 full seasons (17 games), n=64",false,false
olIndex,BF,GB,23.303287,30,-0.20370370,31,9.584080,7.812500,64,"2024-2025 full seasons (17 games), n=64",false,false
olIndex,BF,HOU,40.294405,15,-0.16875000,14,36.597452,37.500000,64,"2024-2025 full seasons (17 games), n=64",false,false
olIndex,BF,IND,36.573632,18,-0.17857143,18,28.351766,29.687500,64,"2024-2025 full seasons (17 games), n=64",false,false
olIndex,BF,JAX,24.078219,29,-0.19819820,29,13.100188,14.062500,64,"2024-2025 full seasons (17 games), n=64",false,false
olIndex,BF,KC,44.934854,13,-0.15671642,10,47.630543,45.312500,64,"2024-2025 full seasons (17 games), n=64",false,false
olIndex,BF,LAC,9.755104,32,-0.23484848,32,0.000000,0.000000,64,"2024-2025 full seasons (17 games), n=64",true,false
olIndex,BF,LAR,44.459935,14,-0.17261905,16,33.305713,34.375000,64,"2024-2025 full seasons (17 games), n=64",false,false
olIndex,BF,LV,27.858023,26,-0.18493151,22,23.152421,25.000000,64,"2024-2025 full seasons (17 games), n=64",false,false
olIndex,BF,MIA,45.326341,12,-0.16666667,12.5,38.408400,39.062500,64,"2024-2025 full seasons (17 games), n=64",false,false
olIndex,BF,MIN,35.731522,19,-0.17073171,15,34.901627,37.500000,64,"2024-2025 full seasons (17 games), n=64",false,false
olIndex,BF,NE,33.564677,21,-0.17293233,17,33.042298,32.812500,64,"2024-2025 full seasons (17 games), n=64",false,false
olIndex,BF,NO,53.490385,8,-0.14893617,8,55.583510,54.687500,64,"2024-2025 full seasons (17 games), n=64",false,false
olIndex,BF,NYG,18.781012,31,-0.20325203,30,9.853455,9.375000,64,"2024-2025 full seasons (17 games), n=64",false,false
olIndex,BF,NYJ,28.844082,25,-0.17968750,19,27.432240,29.687500,64,"2024-2025 full seasons (17 games), n=64",false,false
olIndex,BF,PHI,34.257934,20,-0.18110236,21,26.270346,29.687500,64,"2024-2025 full seasons (17 games), n=64",false,false
olIndex,BF,PIT,38.549774,16,-0.18562874,24,22.590206,21.875000,64,"2024-2025 full seasons (17 games), n=64",false,false
olIndex,BF,SEA,37.130741,17,-0.18548387,23,22.706850,21.875000,64,"2024-2025 full seasons (17 games), n=64",false,false
olIndex,BF,SF,85.421031,1,-0.09821429,1,97.452821,96.875000,64,"2024-2025 full seasons (17 games), n=64",false,false
olIndex,BF,TB,30.084993,24,-0.19718310,28,13.800597,14.062500,64,"2024-2025 full seasons (17 games), n=64",false,false
olIndex,BF,TEN,59.996847,6,-0.13600000,5,69.378106,68.750000,64,"2024-2025 full seasons (17 games), n=64",false,false
olIndex,BF,WAS,26.461451,27,-0.19014085,26,19.016049,18.750000,64,"2024-2025 full seasons (17 games), n=64",false,false
olIndex,CF,ARI,54.339694,7,-0.14556962,7,59.107485,59.375000,64,"2024-2025 full seasons (17 games), n=64",false,false
olIndex,CF,ATL,63.964752,5,-0.13953488,6,65.237802,65.625000,64,"2024-2025 full seasons (17 games), n=64",false,false
olIndex,CF,BAL,69.668591,3,-0.11818182,3,84.647901,84.375000,64,"2024-2025 full seasons (17 games), n=64",false,false
olIndex,CF,BUF,48.082503,10,-0.16406250,11,39.114109,39.062500,64,"2024-2025 full seasons (17 games), n=64",false,false
olIndex,CF,CAR,32.794774,23,-0.18023256,20,28.559857,29.687500,64,"2024-2025 full seasons (17 games), n=64",false,false
olIndex,CF,CHI,69.649447,4,-0.13043478,4,74.751988,75.000000,64,"2024-2025 full seasons (17 games), n=64",false,false
olIndex,CF,CIN,32.829221,22,-0.19277108,27,17.502395,17.187500,64,"2024-2025 full seasons (17 games), n=64",false,false
olIndex,CF,CLE,24.682404,28,-0.18897638,25,20.441683,20.312500,64,"2024-2025 full seasons (17 games), n=64",false,false
olIndex,CF,DAL,46.214463,11,-0.16666667,12.5,38.574446,39.062500,64,"2024-2025 full seasons (17 games), n=64",false,false
olIndex,CF,DEN,83.691337,2,-0.10714286,2,91.761364,92.187500,64,"2024-2025 full seasons (17 games), n=64",false,false
olIndex,CF,DET,49.045174,9,-0.15384615,9,48.898864,48.437500,64,"2024-2025 full seasons (17 games), n=64",false,false
olIndex,CF,GB,23.303287,30,-0.20370370,31,8.559813,7.812500,64,"2024-2025 full seasons (17 games), n=64",false,false
olIndex,CF,HOU,40.294405,15,-0.16875000,14,37.939835,37.500000,64,"2024-2025 full seasons (17 games), n=64",false,false
olIndex,CF,IND,36.573632,18,-0.17857143,18,29.189162,29.687500,64,"2024-2025 full seasons (17 games), n=64",false,false
olIndex,CF,JAX,24.078219,29,-0.19819820,29,13.697480,14.062500,64,"2024-2025 full seasons (17 games), n=64",false,false
olIndex,CF,KC,44.934854,13,-0.15671642,10,44.951026,45.312500,64,"2024-2025 full seasons (17 games), n=64",false,false
olIndex,CF,LAC,9.755104,32,-0.23484848,32,0.486388,0.000000,64,"2024-2025 full seasons (17 games), n=64",true,false
olIndex,CF,LAR,44.459935,14,-0.17261905,16,33.723958,34.375000,64,"2024-2025 full seasons (17 games), n=64",false,false
olIndex,CF,LV,27.858023,26,-0.18493151,22,25.112844,25.000000,64,"2024-2025 full seasons (17 games), n=64",false,false
olIndex,CF,MIA,45.326341,12,-0.16666667,12.5,38.574446,39.062500,64,"2024-2025 full seasons (17 games), n=64",false,false
olIndex,CF,MIN,35.731522,19,-0.17073171,15,36.927750,37.500000,64,"2024-2025 full seasons (17 games), n=64",false,false
olIndex,CF,NE,33.564677,21,-0.17293233,17,33.416514,32.812500,64,"2024-2025 full seasons (17 games), n=64",false,false
olIndex,CF,NO,53.490385,8,-0.14893617,8,54.096386,54.687500,64,"2024-2025 full seasons (17 games), n=64",false,false
olIndex,CF,NYG,18.781012,31,-0.20325203,30,9.125894,9.375000,64,"2024-2025 full seasons (17 games), n=64",false,false
olIndex,CF,NYJ,28.844082,25,-0.17968750,19,28.766348,29.687500,64,"2024-2025 full seasons (17 games), n=64",false,false
olIndex,CF,PHI,34.257934,20,-0.18110236,21,28.230339,29.687500,64,"2024-2025 full seasons (17 games), n=64",false,false
olIndex,CF,PIT,38.549774,16,-0.18562874,24,22.503845,21.875000,64,"2024-2025 full seasons (17 games), n=64",false,false
olIndex,CF,SEA,37.130741,17,-0.18548387,23,22.581612,21.875000,64,"2024-2025 full seasons (17 games), n=64",false,false
olIndex,CF,SF,85.421031,1,-0.09821429,1,96.532474,96.875000,64,"2024-2025 full seasons (17 games), n=64",false,false
olIndex,CF,TB,30.084993,24,-0.19718310,28,13.987952,14.062500,64,"2024-2025 full seasons (17 games), n=64",false,false
olIndex,CF,TEN,59.996847,6,-0.13600000,5,68.135625,68.750000,64,"2024-2025 full seasons (17 games), n=64",false,false
olIndex,CF,WAS,26.461451,27,-0.19014085,26,19.422070,18.750000,64,"2024-2025 full seasons (17 games), n=64",false,false
receiverIndex,AS,ARI,31.107565,22,0.10837120,26,22.204313,21.875000,64,"2024-2025 team-seasons, games 1-4 (stage-matched), n=64",false,false
receiverIndex,AS,ATL,16.718025,30,0.02681306,31,9.216163,9.375000,64,"2024-2025 team-seasons, games 1-3 (stage-matched), n=64",false,false
receiverIndex,AS,BAL,65.935297,4,0.31008292,5,91.666784,90.625000,64,"2024-2025 team-seasons, games 1-4 (stage-matched), n=64",false,false
receiverIndex,AS,BUF,57.854671,12,0.27383082,6,89.206214,89.062500,64,"2024-2025 team-seasons, games 1-4 (stage-matched), n=64",false,false
receiverIndex,AS,CAR,57.366762,14,0.24697183,11,86.540321,85.937500,64,"2024-2025 team-seasons, games 1-4 (stage-matched), n=64",false,false
receiverIndex,AS,CHI,40.835760,19,0.19141687,18,59.424948,59.375000,64,"2024-2025 team-seasons, games 1-4 (stage-matched), n=64",false,false
receiverIndex,AS,CIN,60.635356,7,0.25232842,9,87.668314,87.500000,64,"2024-2025 team-seasons, games 1-4 (stage-matched), n=64",false,false
receiverIndex,AS,CLE,34.812337,20,0.18996621,19,56.040486,56.250000,64,"2024-2025 team-seasons, games 1-4 (stage-matched), n=64",false,false
receiverIndex,AS,DAL,79.587349,2,0.32096522,3,92.310527,92.187500,64,"2024-2025 team-seasons, games 1-4 (stage-matched), n=64",false,false
receiverIndex,AS,DEN,23.521290,27,0.10294242,27,21.378041,21.875000,64,"2024-2025 team-seasons, games 1-4 (stage-matched), n=64",false,false
receiverIndex,AS,DET,58.333354,11,0.21178124,16,68.996144,68.750000,64,"2024-2025 team-seasons, games 1-4 (stage-matched), n=64",false,false
receiverIndex,AS,GB,26.884568,25,0.11097308,25,28.099761,28.125000,64,"2024-2025 team-seasons, games 1-4 (stage-matched), n=64",false,false
receiverIndex,AS,HOU,58.603383,9,0.22234820,15,71.655723,71.875000,64,"2024-2025 team-seasons, games 1-4 (stage-matched), n=64",false,false
receiverIndex,AS,IND,29.803571,23,0.16135914,21,45.912457,45.312500,64,"2024-2025 team-seasons, games 1-4 (stage-matched), n=64",false,false
receiverIndex,AS,JAX,77.945356,3,0.34855737,2,93.316864,92.187500,64,"2024-2025 team-seasons, games 1-4 (stage-matched), n=64",false,false
receiverIndex,AS,KC,59.222347,8,0.25193627,10,87.637484,87.500000,64,"2024-2025 team-seasons, games 1-4 (stage-matched), n=64",false,false
receiverIndex,AS,LAC,13.653442,32,-0.02528978,32,0.000000,0.000000,64,"2024-2025 team-seasons, games 1-4 (stage-matched), n=64",true,false
receiverIndex,AS,LAR,34.310520,21,0.14611098,23,41.285065,42.187500,64,"2024-2025 team-seasons, games 1-4 (stage-matched), n=64",false,false
receiverIndex,AS,LV,62.239615,6,0.25885863,8,88.181701,87.500000,64,"2024-2025 team-seasons, games 1-4 (stage-matched), n=64",false,false
receiverIndex,AS,MIA,16.124801,31,0.04622665,30,11.248727,12.500000,64,"2024-2025 team-seasons, games 1-4 (stage-matched), n=64",false,false
receiverIndex,AS,MIN,56.733092,15,0.26729965,7,88.845310,87.500000,64,"2024-2025 team-seasons, games 1-4 (stage-matched), n=64",false,false
receiverIndex,AS,NE,45.459489,18,0.18101267,20,52.815696,53.125000,64,"2024-2025 team-seasons, games 1-4 (stage-matched), n=64",false,false
receiverIndex,AS,NO,64.923024,5,0.31302514,4,91.054086,90.625000,64,"2024-2025 team-seasons, games 1-3 (stage-matched), n=64",false,false
receiverIndex,AS,NYG,22.021243,28,0.10220191,28,21.265333,21.875000,64,"2024-2025 team-seasons, games 1-4 (stage-matched), n=64",false,false
receiverIndex,AS,NYJ,51.666680,17,0.24470267,12,84.373075,84.375000,64,"2024-2025 team-seasons, games 1-4 (stage-matched), n=64",false,false
receiverIndex,AS,PHI,58.377899,10,0.22760322,13,72.504581,71.875000,64,"2024-2025 team-seasons, games 1-4 (stage-matched), n=64",false,false
receiverIndex,AS,PIT,24.709587,26,0.15255108,22,42.747421,42.187500,64,"2024-2025 team-seasons, games 1-4 (stage-matched), n=64",false,false
receiverIndex,AS,SEA,57.586457,13,0.22708009,14,72.420078,71.875000,64,"2024-2025 team-seasons, games 1-4 (stage-matched), n=64",false,false
receiverIndex,AS,SF,83.703450,1,0.43691319,1,98.710444,98.437500,64,"2024-2025 team-seasons, games 1-4 (stage-matched), n=64",false,false
receiverIndex,AS,TB,18.962535,29,0.08949513,29,20.137606,20.312500,64,"2024-2025 team-seasons, games 1-4 (stage-matched), n=64",false,false
receiverIndex,AS,TEN,52.173659,16,0.20104789,17,65.136344,65.625000,64,"2024-2025 team-seasons, games 1-4 (stage-matched), n=64",false,false
receiverIndex,AS,WAS,27.725655,24,0.12515239,24,31.319153,31.250000,64,"2024-2025 team-seasons, games 1-4 (stage-matched), n=64",false,false
receiverIndex,BS,ARI,31.107565,22,0.10837120,26,25.453348,21.875000,64,"2024-2025 team-seasons, games 1-4 (stage-matched), n=64",false,false
receiverIndex,BS,ATL,16.718025,30,0.02681306,31,10.369632,9.375000,64,"2024-2025 team-seasons, games 1-3 (stage-matched), n=64",false,false
receiverIndex,BS,BAL,65.935297,4,0.31008292,5,90.845787,90.625000,64,"2024-2025 team-seasons, games 1-4 (stage-matched), n=64",false,false
receiverIndex,BS,BUF,57.854671,12,0.27383082,6,85.948607,89.062500,64,"2024-2025 team-seasons, games 1-4 (stage-matched), n=64",false,false
receiverIndex,BS,CAR,57.366762,14,0.24697183,11,79.248322,85.937500,64,"2024-2025 team-seasons, games 1-4 (stage-matched), n=64",false,false
receiverIndex,BS,CHI,40.835760,19,0.19141687,18,57.955033,59.375000,64,"2024-2025 team-seasons, games 1-4 (stage-matched), n=64",false,false
receiverIndex,BS,CIN,60.635356,7,0.25232842,9,80.823109,87.500000,64,"2024-2025 team-seasons, games 1-4 (stage-matched), n=64",false,false
receiverIndex,BS,CLE,34.812337,20,0.18996621,19,57.333477,56.250000,64,"2024-2025 team-seasons, games 1-4 (stage-matched), n=64",false,false
receiverIndex,BS,DAL,79.587349,2,0.32096522,3,91.742565,92.187500,64,"2024-2025 team-seasons, games 1-4 (stage-matched), n=64",false,false
receiverIndex,BS,DEN,23.521290,27,0.10294242,27,23.802518,21.875000,64,"2024-2025 team-seasons, games 1-4 (stage-matched), n=64",false,false
receiverIndex,BS,DET,58.333354,11,0.21178124,16,66.497968,68.750000,64,"2024-2025 team-seasons, games 1-4 (stage-matched), n=64",false,false
receiverIndex,BS,GB,26.884568,25,0.11097308,25,26.270323,28.125000,64,"2024-2025 team-seasons, games 1-4 (stage-matched), n=64",false,false
receiverIndex,BS,HOU,58.603383,9,0.22234820,15,70.685242,71.875000,64,"2024-2025 team-seasons, games 1-4 (stage-matched), n=64",false,false
receiverIndex,BS,IND,29.803571,23,0.16135914,21,45.121143,45.312500,64,"2024-2025 team-seasons, games 1-4 (stage-matched), n=64",false,false
receiverIndex,BS,JAX,77.945356,3,0.34855737,2,93.584143,92.187500,64,"2024-2025 team-seasons, games 1-4 (stage-matched), n=64",false,false
receiverIndex,BS,KC,59.222347,8,0.25193627,10,80.711760,87.500000,64,"2024-2025 team-seasons, games 1-4 (stage-matched), n=64",false,false
receiverIndex,BS,LAC,13.653442,32,-0.02528978,32,0.000000,0.000000,64,"2024-2025 team-seasons, games 1-4 (stage-matched), n=64",true,false
receiverIndex,BS,LAR,34.310520,21,0.14611098,23,38.894853,42.187500,64,"2024-2025 team-seasons, games 1-4 (stage-matched), n=64",false,false
receiverIndex,BS,LV,62.239615,6,0.25885863,8,82.583713,87.500000,64,"2024-2025 team-seasons, games 1-4 (stage-matched), n=64",false,false
receiverIndex,BS,MIA,16.124801,31,0.04622665,30,9.949910,12.500000,64,"2024-2025 team-seasons, games 1-4 (stage-matched), n=64",false,false
receiverIndex,BS,MIN,56.733092,15,0.26729965,7,84.594721,87.500000,64,"2024-2025 team-seasons, games 1-4 (stage-matched), n=64",false,false
receiverIndex,BS,NE,45.459489,18,0.18101267,20,53.486317,53.125000,64,"2024-2025 team-seasons, games 1-4 (stage-matched), n=64",false,false
receiverIndex,BS,NO,64.923024,5,0.31302514,4,88.809002,90.625000,64,"2024-2025 team-seasons, games 1-3 (stage-matched), n=64",false,false
receiverIndex,BS,NYG,22.021243,28,0.10220191,28,23.582877,21.875000,64,"2024-2025 team-seasons, games 1-4 (stage-matched), n=64",false,false
receiverIndex,BS,NYJ,51.666680,17,0.24470267,12,78.546926,84.375000,64,"2024-2025 team-seasons, games 1-4 (stage-matched), n=64",false,false
receiverIndex,BS,PHI,58.377899,10,0.22760322,13,72.671138,71.875000,64,"2024-2025 team-seasons, games 1-4 (stage-matched), n=64",false,false
receiverIndex,BS,PIT,24.709587,26,0.15255108,22,41.483991,42.187500,64,"2024-2025 team-seasons, games 1-4 (stage-matched), n=64",false,false
receiverIndex,BS,SEA,57.586457,13,0.22708009,14,72.476758,71.875000,64,"2024-2025 team-seasons, games 1-4 (stage-matched), n=64",false,false
receiverIndex,BS,SF,83.703450,1,0.43691319,1,98.591427,98.437500,64,"2024-2025 team-seasons, games 1-4 (stage-matched), n=64",false,false
receiverIndex,BS,TB,18.962535,29,0.08949513,29,20.009448,20.312500,64,"2024-2025 team-seasons, games 1-4 (stage-matched), n=64",false,false
receiverIndex,BS,TEN,52.173659,16,0.20104789,17,62.049198,65.625000,64,"2024-2025 team-seasons, games 1-4 (stage-matched), n=64",false,false
receiverIndex,BS,WAS,27.725655,24,0.12515239,24,31.019688,31.250000,64,"2024-2025 team-seasons, games 1-4 (stage-matched), n=64",false,false
receiverIndex,CS,ARI,31.107565,22,0.10837120,26,22.638621,21.875000,64,"2024-2025 team-seasons, games 1-4 (stage-matched), n=64",false,false
receiverIndex,CS,ATL,16.718025,30,0.02681306,31,9.853410,9.375000,64,"2024-2025 team-seasons, games 1-3 (stage-matched), n=64",false,false
receiverIndex,CS,BAL,65.935297,4,0.31008292,5,91.015740,90.625000,64,"2024-2025 team-seasons, games 1-4 (stage-matched), n=64",false,false
receiverIndex,CS,BUF,57.854671,12,0.27383082,6,88.593617,89.062500,64,"2024-2025 team-seasons, games 1-4 (stage-matched), n=64",false,false
receiverIndex,CS,CAR,57.366762,14,0.24697183,11,85.969378,85.937500,64,"2024-2025 team-seasons, games 1-4 (stage-matched), n=64",false,false
receiverIndex,CS,CHI,40.835760,19,0.19141687,18,59.277684,59.375000,64,"2024-2025 team-seasons, games 1-4 (stage-matched), n=64",false,false
receiverIndex,CS,CIN,60.635356,7,0.25232842,9,87.079746,87.500000,64,"2024-2025 team-seasons, games 1-4 (stage-matched), n=64",false,false
receiverIndex,CS,CLE,34.812337,20,0.18996621,19,55.946104,56.250000,64,"2024-2025 team-seasons, games 1-4 (stage-matched), n=64",false,false
receiverIndex,CS,DAL,79.587349,2,0.32096522,3,91.649425,92.187500,64,"2024-2025 team-seasons, games 1-4 (stage-matched), n=64",false,false
receiverIndex,CS,DEN,23.521290,27,0.10294242,27,21.825259,21.875000,64,"2024-2025 team-seasons, games 1-4 (stage-matched), n=64",false,false
receiverIndex,CS,DET,58.333354,11,0.21178124,16,68.699329,68.750000,64,"2024-2025 team-seasons, games 1-4 (stage-matched), n=64",false,false
receiverIndex,CS,GB,26.884568,25,0.11097308,25,28.441952,28.125000,64,"2024-2025 team-seasons, games 1-4 (stage-matched), n=64",false,false
receiverIndex,CS,HOU,58.603383,9,0.22234820,15,71.317352,71.875000,64,"2024-2025 team-seasons, games 1-4 (stage-matched), n=64",false,false
receiverIndex,CS,IND,29.803571,23,0.16135914,21,45.976325,45.312500,64,"2024-2025 team-seasons, games 1-4 (stage-matched), n=64",false,false
receiverIndex,CS,JAX,77.945356,3,0.34855737,2,92.640038,92.187500,64,"2024-2025 team-seasons, games 1-4 (stage-matched), n=64",false,false
receiverIndex,CS,KC,59.222347,8,0.25193627,10,87.049399,87.500000,64,"2024-2025 team-seasons, games 1-4 (stage-matched), n=64",false,false
receiverIndex,CS,LAC,13.653442,32,-0.02528978,32,0.649623,0.000000,64,"2024-2025 team-seasons, games 1-4 (stage-matched), n=64",true,false
receiverIndex,CS,LAR,34.310520,21,0.14611098,23,41.421236,42.187500,64,"2024-2025 team-seasons, games 1-4 (stage-matched), n=64",false,false
receiverIndex,CS,LV,62.239615,6,0.25885863,8,87.585112,87.500000,64,"2024-2025 team-seasons, games 1-4 (stage-matched), n=64",false,false
receiverIndex,CS,MIA,16.124801,31,0.04622665,30,11.854216,12.500000,64,"2024-2025 team-seasons, games 1-4 (stage-matched), n=64",false,false
receiverIndex,CS,MIN,56.733092,15,0.26729965,7,88.238352,87.500000,64,"2024-2025 team-seasons, games 1-4 (stage-matched), n=64",false,false
receiverIndex,CS,NE,45.459489,18,0.18101267,20,52.771701,53.125000,64,"2024-2025 team-seasons, games 1-4 (stage-matched), n=64",false,false
receiverIndex,CS,NO,64.923024,5,0.31302514,4,90.412616,90.625000,64,"2024-2025 team-seasons, games 1-3 (stage-matched), n=64",false,false
receiverIndex,CS,NYG,22.021243,28,0.10220191,28,21.714312,21.875000,64,"2024-2025 team-seasons, games 1-4 (stage-matched), n=64",false,false
receiverIndex,CS,NYJ,51.666680,17,0.24470267,12,83.835996,84.375000,64,"2024-2025 team-seasons, games 1-4 (stage-matched), n=64",false,false
receiverIndex,CS,PHI,58.377899,10,0.22760322,13,72.152947,71.875000,64,"2024-2025 team-seasons, games 1-4 (stage-matched), n=64",false,false
receiverIndex,CS,PIT,24.709587,26,0.15255108,22,42.860743,42.187500,64,"2024-2025 team-seasons, games 1-4 (stage-matched), n=64",false,false
receiverIndex,CS,SEA,57.586457,13,0.22708009,14,72.069764,71.875000,64,"2024-2025 team-seasons, games 1-4 (stage-matched), n=64",false,false
receiverIndex,CS,SF,83.703450,1,0.43691319,1,97.949343,98.437500,64,"2024-2025 team-seasons, games 1-4 (stage-matched), n=64",false,false
receiverIndex,CS,TB,18.962535,29,0.08949513,29,20.604205,20.312500,64,"2024-2025 team-seasons, games 1-4 (stage-matched), n=64",false,false
receiverIndex,CS,TEN,52.173659,16,0.20104789,17,64.899839,65.625000,64,"2024-2025 team-seasons, games 1-4 (stage-matched), n=64",false,false
receiverIndex,CS,WAS,27.725655,24,0.12515239,24,31.611041,31.250000,64,"2024-2025 team-seasons, games 1-4 (stage-matched), n=64",false,false
receiverIndex,AC,ARI,31.107565,22,0.10837120,26,23.332583,23.325893,896,"2024-2025 every 4-game window at any stage, n=896",false,false
receiverIndex,AC,ATL,16.718025,30,0.02681306,31,9.878260,9.895833,960,"2024-2025 every 3-game window at any stage, n=960",false,false
receiverIndex,AC,BAL,65.935297,4,0.31008292,5,87.984840,87.946429,896,"2024-2025 every 4-game window at any stage, n=896",false,false
receiverIndex,AC,BUF,57.854671,12,0.27383082,6,81.232425,81.250000,896,"2024-2025 every 4-game window at any stage, n=896",false,false
receiverIndex,AC,CAR,57.366762,14,0.24697183,11,75.305251,75.223214,896,"2024-2025 every 4-game window at any stage, n=896",false,false
receiverIndex,AC,CHI,40.835760,19,0.19141687,18,54.421463,54.464286,896,"2024-2025 every 4-game window at any stage, n=896",false,false
receiverIndex,AC,CIN,60.635356,7,0.25232842,9,76.934396,76.897321,896,"2024-2025 every 4-game window at any stage, n=896",false,false
receiverIndex,AC,CLE,34.812337,20,0.18996621,19,53.695152,53.683036,896,"2024-2025 every 4-game window at any stage, n=896",false,false
receiverIndex,AC,DAL,79.587349,2,0.32096522,3,90.405036,90.401786,896,"2024-2025 every 4-game window at any stage, n=896",false,false
receiverIndex,AC,DEN,23.521290,27,0.10294242,27,22.000209,21.986607,896,"2024-2025 every 4-game window at any stage, n=896",false,false
receiverIndex,AC,DET,58.333354,11,0.21178124,16,61.543648,61.495536,896,"2024-2025 every 4-game window at any stage, n=896",false,false
receiverIndex,AC,GB,26.884568,25,0.11097308,25,24.100877,24.107143,896,"2024-2025 every 4-game window at any stage, n=896",false,false
receiverIndex,AC,HOU,58.603383,9,0.22234820,15,65.222603,65.178571,896,"2024-2025 every 4-game window at any stage, n=896",false,false
receiverIndex,AC,IND,29.803571,23,0.16135914,21,42.985522,42.968750,896,"2024-2025 every 4-game window at any stage, n=896",false,false
receiverIndex,AC,JAX,77.945356,3,0.34855737,2,94.190188,94.196429,896,"2024-2025 every 4-game window at any stage, n=896",false,false
receiverIndex,AC,KC,59.222347,8,0.25193627,10,76.902754,76.897321,896,"2024-2025 every 4-game window at any stage, n=896",false,false
receiverIndex,AC,LAC,13.653442,32,-0.02528978,32,1.880487,1.897321,896,"2024-2025 every 4-game window at any stage, n=896",false,false
receiverIndex,AC,LAR,34.310520,21,0.14611098,23,38.644883,38.616071,896,"2024-2025 every 4-game window at any stage, n=896",false,false
receiverIndex,AC,LV,62.239615,6,0.25885863,8,78.327772,78.348214,896,"2024-2025 every 4-game window at any stage, n=896",false,false
receiverIndex,AC,MIA,16.124801,31,0.04622665,30,10.312053,10.379464,896,"2024-2025 every 4-game window at any stage, n=896",false,false
receiverIndex,AC,MIN,56.733092,15,0.26729965,7,79.656846,79.575893,896,"2024-2025 every 4-game window at any stage, n=896",false,false
receiverIndex,AC,NE,45.459489,18,0.18101267,20,50.428117,50.446429,896,"2024-2025 every 4-game window at any stage, n=896",false,false
receiverIndex,AC,NO,64.923024,5,0.31302514,4,86.194461,86.145833,960,"2024-2025 every 3-game window at any stage, n=960",false,false
receiverIndex,AC,NYG,22.021243,28,0.10220191,28,21.728561,21.763393,896,"2024-2025 every 4-game window at any stage, n=896",false,false
receiverIndex,AC,NYJ,51.666680,17,0.24470267,12,74.140454,74.107143,896,"2024-2025 every 4-game window at any stage, n=896",false,false
receiverIndex,AC,PHI,58.377899,10,0.22760322,13,67.675616,67.633929,896,"2024-2025 every 4-game window at any stage, n=896",false,false
receiverIndex,AC,PIT,24.709587,26,0.15255108,22,40.568199,40.625000,896,"2024-2025 every 4-game window at any stage, n=896",false,false
receiverIndex,AC,SEA,57.586457,13,0.22708009,14,67.446467,67.410714,896,"2024-2025 every 4-game window at any stage, n=896",false,false
receiverIndex,AC,SF,83.703450,1,0.43691319,1,98.918940,98.883929,896,"2024-2025 every 4-game window at any stage, n=896",false,false
receiverIndex,AC,TB,18.962535,29,0.08949513,29,19.117897,19.196429,896,"2024-2025 every 4-game window at any stage, n=896",false,false
receiverIndex,AC,TEN,52.173659,16,0.20104789,17,57.223036,57.254464,896,"2024-2025 every 4-game window at any stage, n=896",false,false
receiverIndex,AC,WAS,27.725655,24,0.12515239,24,30.010225,30.022321,896,"2024-2025 every 4-game window at any stage, n=896",false,false
receiverIndex,BC,ARI,31.107565,22,0.10837120,26,24.826977,23.325893,896,"2024-2025 every 4-game window at any stage, n=896",false,false
receiverIndex,BC,ATL,16.718025,30,0.02681306,31,10.279720,9.895833,960,"2024-2025 every 3-game window at any stage, n=960",false,false
receiverIndex,BC,BAL,65.935297,4,0.31008292,5,87.838388,87.946429,896,"2024-2025 every 4-game window at any stage, n=896",false,false
receiverIndex,BC,BUF,57.854671,12,0.27383082,6,80.702229,81.250000,896,"2024-2025 every 4-game window at any stage, n=896",false,false
receiverIndex,BC,CAR,57.366762,14,0.24697183,11,73.693326,75.223214,896,"2024-2025 every 4-game window at any stage, n=896",false,false
receiverIndex,BC,CHI,40.835760,19,0.19141687,18,54.176136,54.464286,896,"2024-2025 every 4-game window at any stage, n=896",false,false
receiverIndex,BC,CIN,60.635356,7,0.25232842,9,75.274302,76.897321,896,"2024-2025 every 4-game window at any stage, n=896",false,false
receiverIndex,BC,CLE,34.812337,20,0.18996621,19,53.649474,53.683036,896,"2024-2025 every 4-game window at any stage, n=896",false,false
receiverIndex,BC,DAL,79.587349,2,0.32096522,3,89.686748,90.401786,896,"2024-2025 every 4-game window at any stage, n=896",false,false
receiverIndex,BC,DEN,23.521290,27,0.10294242,27,23.253719,21.986607,896,"2024-2025 every 4-game window at any stage, n=896",false,false
receiverIndex,BC,DET,58.333354,11,0.21178124,16,61.601461,61.495536,896,"2024-2025 every 4-game window at any stage, n=896",false,false
receiverIndex,BC,GB,26.884568,25,0.11097308,25,25.615372,24.107143,896,"2024-2025 every 4-game window at any stage, n=896",false,false
receiverIndex,BC,HOU,58.603383,9,0.22234820,15,65.426053,65.178571,896,"2024-2025 every 4-game window at any stage, n=896",false,false
receiverIndex,BC,IND,29.803571,23,0.16135914,21,43.324817,42.968750,896,"2024-2025 every 4-game window at any stage, n=896",false,false
receiverIndex,BC,JAX,77.945356,3,0.34855737,2,93.546054,94.196429,896,"2024-2025 every 4-game window at any stage, n=896",false,false
receiverIndex,BC,KC,59.222347,8,0.25193627,10,75.161791,76.897321,896,"2024-2025 every 4-game window at any stage, n=896",false,false
receiverIndex,BC,LAC,13.653442,32,-0.02528978,32,2.307556,1.897321,896,"2024-2025 every 4-game window at any stage, n=896",false,false
receiverIndex,BC,LAR,34.310520,21,0.14611098,23,37.786652,38.616071,896,"2024-2025 every 4-game window at any stage, n=896",false,false
receiverIndex,BC,LV,62.239615,6,0.25885863,8,77.072423,78.348214,896,"2024-2025 every 4-game window at any stage, n=896",false,false
receiverIndex,BC,MIA,16.124801,31,0.04622665,30,10.891408,10.379464,896,"2024-2025 every 4-game window at any stage, n=896",false,false
receiverIndex,BC,MIN,56.733092,15,0.26729965,7,79.195144,79.575893,896,"2024-2025 every 4-game window at any stage, n=896",false,false
receiverIndex,BC,NE,45.459489,18,0.18101267,20,50.409128,50.446429,896,"2024-2025 every 4-game window at any stage, n=896",false,false
receiverIndex,BC,NO,64.923024,5,0.31302514,4,86.071961,86.145833,960,"2024-2025 every 3-game window at any stage, n=960",false,false
receiverIndex,BC,NYG,22.021243,28,0.10220191,28,23.046643,21.763393,896,"2024-2025 every 4-game window at any stage, n=896",false,false
receiverIndex,BC,NYJ,51.666680,17,0.24470267,12,72.995534,74.107143,896,"2024-2025 every 4-game window at any stage, n=896",false,false
receiverIndex,BC,PHI,58.377899,10,0.22760322,13,67.291648,67.633929,896,"2024-2025 every 4-game window at any stage, n=896",false,false
receiverIndex,BC,PIT,24.709587,26,0.15255108,22,40.132244,40.625000,896,"2024-2025 every 4-game window at any stage, n=896",false,false
receiverIndex,BC,SEA,57.586457,13,0.22708009,14,67.107571,67.410714,896,"2024-2025 every 4-game window at any stage, n=896",false,false
receiverIndex,BC,SF,83.703450,1,0.43691319,1,98.811691,98.883929,896,"2024-2025 every 4-game window at any stage, n=896",false,false
receiverIndex,BC,TB,18.962535,29,0.08949513,29,19.756164,19.196429,896,"2024-2025 every 4-game window at any stage, n=896",false,false
receiverIndex,BC,TEN,52.173659,16,0.20104789,17,57.683430,57.254464,896,"2024-2025 every 4-game window at any stage, n=896",false,false
receiverIndex,BC,WAS,27.725655,24,0.12515239,24,30.264942,30.022321,896,"2024-2025 every 4-game window at any stage, n=896",false,false
receiverIndex,CC,ARI,31.107565,22,0.10837120,26,23.362345,23.325893,896,"2024-2025 every 4-game window at any stage, n=896",false,false
receiverIndex,CC,ATL,16.718025,30,0.02681306,31,9.920053,9.895833,960,"2024-2025 every 3-game window at any stage, n=960",false,false
receiverIndex,CC,BAL,65.935297,4,0.31008292,5,87.942447,87.946429,896,"2024-2025 every 4-game window at any stage, n=896",false,false
receiverIndex,CC,BUF,57.854671,12,0.27383082,6,81.197567,81.250000,896,"2024-2025 every 4-game window at any stage, n=896",false,false
receiverIndex,CC,CAR,57.366762,14,0.24697183,11,75.277009,75.223214,896,"2024-2025 every 4-game window at any stage, n=896",false,false
receiverIndex,CC,CHI,40.835760,19,0.19141687,18,54.416528,54.464286,896,"2024-2025 every 4-game window at any stage, n=896",false,false
receiverIndex,CC,CIN,60.635356,7,0.25232842,9,76.904335,76.897321,896,"2024-2025 every 4-game window at any stage, n=896",false,false
receiverIndex,CC,CLE,34.812337,20,0.18996621,19,53.691028,53.683036,896,"2024-2025 every 4-game window at any stage, n=896",false,false
receiverIndex,CC,DAL,79.587349,2,0.32096522,3,90.359941,90.401786,896,"2024-2025 every 4-game window at any stage, n=896",false,false
receiverIndex,CC,DEN,23.521290,27,0.10294242,27,22.031459,21.986607,896,"2024-2025 every 4-game window at any stage, n=896",false,false
receiverIndex,CC,DET,58.333354,11,0.21178124,16,61.530765,61.495536,896,"2024-2025 every 4-game window at any stage, n=896",false,false
receiverIndex,CC,GB,26.884568,25,0.11097308,25,24.129782,24.107143,896,"2024-2025 every 4-game window at any stage, n=896",false,false
receiverIndex,CC,HOU,58.603383,9,0.22234820,15,65.205613,65.178571,896,"2024-2025 every 4-game window at any stage, n=896",false,false
receiverIndex,CC,IND,29.803571,23,0.16135914,21,42.993350,42.968750,896,"2024-2025 every 4-game window at any stage, n=896",false,false
receiverIndex,CC,JAX,77.945356,3,0.34855737,2,94.140868,94.196429,896,"2024-2025 every 4-game window at any stage, n=896",false,false
receiverIndex,CC,KC,59.222347,8,0.25193627,10,76.872728,76.897321,896,"2024-2025 every 4-game window at any stage, n=896",false,false
receiverIndex,CC,LAC,13.653442,32,-0.02528978,32,1.934192,1.897321,896,"2024-2025 every 4-game window at any stage, n=896",false,false
receiverIndex,CC,LAR,34.310520,21,0.14611098,23,38.657556,38.616071,896,"2024-2025 every 4-game window at any stage, n=896",false,false
receiverIndex,CC,LV,62.239615,6,0.25885863,8,78.296156,78.348214,896,"2024-2025 every 4-game window at any stage, n=896",false,false
receiverIndex,CC,MIA,16.124801,31,0.04622665,30,10.356348,10.379464,896,"2024-2025 every 4-game window at any stage, n=896",false,false
receiverIndex,CC,MIN,56.733092,15,0.26729965,7,79.623747,79.575893,896,"2024-2025 every 4-game window at any stage, n=896",false,false
receiverIndex,CC,NE,45.459489,18,0.18101267,20,50.427639,50.446429,896,"2024-2025 every 4-game window at any stage, n=896",false,false
receiverIndex,CC,NO,64.923024,5,0.31302514,4,86.156758,86.145833,960,"2024-2025 every 3-game window at any stage, n=960",false,false
receiverIndex,CC,NYG,22.021243,28,0.10220191,28,21.760114,21.763393,896,"2024-2025 every 4-game window at any stage, n=896",false,false
receiverIndex,CC,NYJ,51.666680,17,0.24470267,12,74.113511,74.107143,896,"2024-2025 every 4-game window at any stage, n=896",false,false
receiverIndex,CC,PHI,58.377899,10,0.22760322,13,67.655889,67.633929,896,"2024-2025 every 4-game window at any stage, n=896",false,false
receiverIndex,CC,PIT,24.709587,26,0.15255108,22,40.578726,40.625000,896,"2024-2025 every 4-game window at any stage, n=896",false,false
receiverIndex,CC,SEA,57.586457,13,0.22708009,14,67.426995,67.410714,896,"2024-2025 every 4-game window at any stage, n=896",false,false
receiverIndex,CC,SF,83.703450,1,0.43691319,1,98.864343,98.883929,896,"2024-2025 every 4-game window at any stage, n=896",false,false
receiverIndex,CC,TB,18.962535,29,0.08949513,29,19.152364,19.196429,896,"2024-2025 every 4-game window at any stage, n=896",false,false
receiverIndex,CC,TEN,52.173659,16,0.20104789,17,57.214974,57.254464,896,"2024-2025 every 4-game window at any stage, n=896",false,false
receiverIndex,CC,WAS,27.725655,24,0.12515239,24,30.032535,30.022321,896,"2024-2025 every 4-game window at any stage, n=896",false,false
receiverIndex,AF,ARI,31.107565,22,0.10837120,26,8.935501,9.375000,64,"2024-2025 full seasons (17 games), n=64",false,false
receiverIndex,AF,ATL,16.718025,30,0.02681306,31,1.052828,1.562500,64,"2024-2025 full seasons (17 games), n=64",false,false
receiverIndex,AF,BAL,65.935297,4,0.31008292,5,98.847812,98.437500,64,"2024-2025 full seasons (17 games), n=64",false,false
receiverIndex,AF,BUF,57.854671,12,0.27383082,6,90.465273,89.062500,64,"2024-2025 full seasons (17 games), n=64",false,false
receiverIndex,AF,CAR,57.366762,14,0.24697183,11,87.776357,87.500000,64,"2024-2025 full seasons (17 games), n=64",false,false
receiverIndex,AF,CHI,40.835760,19,0.19141687,18,59.938310,59.375000,64,"2024-2025 full seasons (17 games), n=64",false,false
receiverIndex,AF,CIN,60.635356,7,0.25232842,9,88.279974,87.500000,64,"2024-2025 full seasons (17 games), n=64",false,false
receiverIndex,AF,CLE,34.812337,20,0.18996621,19,59.658556,59.375000,64,"2024-2025 full seasons (17 games), n=64",false,false
receiverIndex,AF,DAL,79.587349,2,0.32096522,3,99.158139,98.437500,64,"2024-2025 full seasons (17 games), n=64",false,false
receiverIndex,AF,DEN,23.521290,27,0.10294242,27,7.921698,7.812500,64,"2024-2025 full seasons (17 games), n=64",false,false
receiverIndex,AF,DET,58.333354,11,0.21178124,16,70.069487,70.312500,64,"2024-2025 full seasons (17 games), n=64",false,false
receiverIndex,AF,GB,26.884568,25,0.11097308,25,9.433527,9.375000,64,"2024-2025 full seasons (17 games), n=64",false,false
receiverIndex,AF,HOU,58.603383,9,0.22234820,15,75.114916,75.000000,64,"2024-2025 full seasons (17 games), n=64",false,false
receiverIndex,AF,IND,29.803571,23,0.16135914,21,44.486714,45.312500,64,"2024-2025 full seasons (17 games), n=64",false,false
receiverIndex,AF,JAX,77.945356,3,0.34855737,2,99.944973,98.437500,64,"2024-2025 full seasons (17 games), n=64",false,false
receiverIndex,AF,KC,59.222347,8,0.25193627,10,88.243105,87.500000,64,"2024-2025 full seasons (17 games), n=64",false,false
receiverIndex,AF,LAC,13.653442,32,-0.02528978,32,0.000000,0.000000,64,"2024-2025 full seasons (17 games), n=64",true,false
receiverIndex,AF,LAR,34.310520,21,0.14611098,23,26.988956,28.125000,64,"2024-2025 full seasons (17 games), n=64",false,false
receiverIndex,AF,LV,62.239615,6,0.25885863,8,88.894519,89.062500,64,"2024-2025 full seasons (17 games), n=64",false,false
receiverIndex,AF,MIA,16.124801,31,0.04622665,30,2.372510,3.125000,64,"2024-2025 full seasons (17 games), n=64",false,false
receiverIndex,AF,MIN,56.733092,15,0.26729965,7,89.780078,89.062500,64,"2024-2025 full seasons (17 games), n=64",false,false
receiverIndex,AF,NE,45.459489,18,0.18101267,20,54.245615,54.687500,64,"2024-2025 full seasons (17 games), n=64",false,false
receiverIndex,AF,NO,64.923024,5,0.31302514,4,98.931714,98.437500,64,"2024-2025 full seasons (17 games), n=64",false,false
receiverIndex,AF,NYG,22.021243,28,0.10220191,28,7.869389,7.812500,64,"2024-2025 full seasons (17 games), n=64",false,false
receiverIndex,AF,NYJ,51.666680,17,0.24470267,12,87.563014,87.500000,64,"2024-2025 full seasons (17 games), n=64",false,false
receiverIndex,AF,PHI,58.377899,10,0.22760322,13,78.719753,78.125000,64,"2024-2025 full seasons (17 games), n=64",false,false
receiverIndex,AF,PIT,24.709587,26,0.15255108,22,32.839934,32.812500,64,"2024-2025 full seasons (17 games), n=64",false,false
receiverIndex,AF,SEA,57.586457,13,0.22708009,14,78.579076,78.125000,64,"2024-2025 full seasons (17 games), n=64",false,false
receiverIndex,AF,SF,83.703450,1,0.43691319,1,100.000000,100.000000,64,"2024-2025 full seasons (17 games), n=64",false,true
receiverIndex,AF,TB,18.962535,29,0.08949513,29,6.971800,7.812500,64,"2024-2025 full seasons (17 games), n=64",false,false
receiverIndex,AF,TEN,52.173659,16,0.20104789,17,63.683752,64.062500,64,"2024-2025 full seasons (17 games), n=64",false,false
receiverIndex,AF,WAS,27.725655,24,0.12515239,24,13.934875,14.062500,64,"2024-2025 full seasons (17 games), n=64",false,false
receiverIndex,BF,ARI,31.107565,22,0.10837120,26,11.324614,9.375000,64,"2024-2025 full seasons (17 games), n=64",false,false
receiverIndex,BF,ATL,16.718025,30,0.02681306,31,0.982313,1.562500,64,"2024-2025 full seasons (17 games), n=64",false,false
receiverIndex,BF,BAL,65.935297,4,0.31008292,5,97.948295,98.437500,64,"2024-2025 full seasons (17 games), n=64",false,false
receiverIndex,BF,BUF,57.854671,12,0.27383082,6,91.935322,89.062500,64,"2024-2025 full seasons (17 games), n=64",false,false
receiverIndex,BF,CAR,57.366762,14,0.24697183,11,85.007990,87.500000,64,"2024-2025 full seasons (17 games), n=64",false,false
receiverIndex,BF,CHI,40.835760,19,0.19141687,18,58.589297,59.375000,64,"2024-2025 full seasons (17 games), n=64",false,false
receiverIndex,BF,CIN,60.635356,7,0.25232842,9,86.641092,87.500000,64,"2024-2025 full seasons (17 games), n=64",false,false
receiverIndex,BF,CLE,34.812337,20,0.18996621,19,57.750978,59.375000,64,"2024-2025 full seasons (17 games), n=64",false,false
receiverIndex,BF,DAL,79.587349,2,0.32096522,3,98.797915,98.437500,64,"2024-2025 full seasons (17 games), n=64",false,false
receiverIndex,BF,DEN,23.521290,27,0.10294242,27,9.939279,7.812500,64,"2024-2025 full seasons (17 games), n=64",false,false
receiverIndex,BF,DET,58.333354,11,0.21178124,16,69.732338,70.312500,64,"2024-2025 full seasons (17 games), n=64",false,false
receiverIndex,BF,GB,26.884568,25,0.11097308,25,12.075694,9.375000,64,"2024-2025 full seasons (17 games), n=64",false,false
receiverIndex,BF,HOU,58.603383,9,0.22234820,15,75.038725,75.000000,64,"2024-2025 full seasons (17 games), n=64",false,false
receiverIndex,BF,IND,29.803571,23,0.16135914,21,39.503194,45.312500,64,"2024-2025 full seasons (17 games), n=64",false,false
receiverIndex,BF,JAX,77.945356,3,0.34855737,2,99.938718,98.437500,64,"2024-2025 full seasons (17 games), n=64",false,false
receiverIndex,BF,KC,59.222347,8,0.25193627,10,86.527282,87.500000,64,"2024-2025 full seasons (17 games), n=64",false,false
receiverIndex,BF,LAC,13.653442,32,-0.02528978,32,0.000000,0.000000,64,"2024-2025 full seasons (17 games), n=64",true,false
receiverIndex,BF,LAR,34.310520,21,0.14611098,23,29.140489,28.125000,64,"2024-2025 full seasons (17 games), n=64",false,false
receiverIndex,BF,LV,62.239615,6,0.25885863,8,88.421812,89.062500,64,"2024-2025 full seasons (17 games), n=64",false,false
receiverIndex,BF,MIA,16.124801,31,0.04622665,30,2.409161,3.125000,64,"2024-2025 full seasons (17 games), n=64",false,false
receiverIndex,BF,MIN,56.733092,15,0.26729965,7,90.475088,89.062500,64,"2024-2025 full seasons (17 games), n=64",false,false
receiverIndex,BF,NE,45.459489,18,0.18101267,20,52.401114,54.687500,64,"2024-2025 full seasons (17 games), n=64",false,false
receiverIndex,BF,NO,64.923024,5,0.31302514,4,98.218465,98.437500,64,"2024-2025 full seasons (17 games), n=64",false,false
receiverIndex,BF,NYG,22.021243,28,0.10220191,28,9.767591,7.812500,64,"2024-2025 full seasons (17 games), n=64",false,false
receiverIndex,BF,NYJ,51.666680,17,0.24470267,12,84.261442,87.500000,64,"2024-2025 full seasons (17 games), n=64",false,false
receiverIndex,BF,PHI,58.377899,10,0.22760322,13,77.492119,78.125000,64,"2024-2025 full seasons (17 games), n=64",false,false
receiverIndex,BF,PIT,24.709587,26,0.15255108,22,33.450352,32.812500,64,"2024-2025 full seasons (17 games), n=64",false,false
receiverIndex,BF,SEA,57.586457,13,0.22708009,14,77.254680,78.125000,64,"2024-2025 full seasons (17 games), n=64",false,false
receiverIndex,BF,SF,83.703450,1,0.43691319,1,100.000000,100.000000,64,"2024-2025 full seasons (17 games), n=64",false,true
receiverIndex,BF,TB,18.962535,29,0.08949513,29,7.328293,7.812500,64,"2024-2025 full seasons (17 games), n=64",false,false
receiverIndex,BF,TEN,52.173659,16,0.20104789,17,63.993049,64.062500,64,"2024-2025 full seasons (17 games), n=64",false,false
receiverIndex,BF,WAS,27.725655,24,0.12515239,24,17.364806,14.062500,64,"2024-2025 full seasons (17 games), n=64",false,false
receiverIndex,CF,ARI,31.107565,22,0.10837120,26,9.577134,9.375000,64,"2024-2025 full seasons (17 games), n=64",false,false
receiverIndex,CF,ATL,16.718025,30,0.02681306,31,1.817628,1.562500,64,"2024-2025 full seasons (17 games), n=64",false,false
receiverIndex,CF,BAL,65.935297,4,0.31008292,5,98.084565,98.437500,64,"2024-2025 full seasons (17 games), n=64",false,false
receiverIndex,CF,BUF,57.854671,12,0.27383082,6,89.833003,89.062500,64,"2024-2025 full seasons (17 games), n=64",false,false
receiverIndex,CF,CAR,57.366762,14,0.24697183,11,87.186101,87.500000,64,"2024-2025 full seasons (17 games), n=64",false,false
receiverIndex,CF,CHI,40.835760,19,0.19141687,18,59.783024,59.375000,64,"2024-2025 full seasons (17 games), n=64",false,false
receiverIndex,CF,CIN,60.635356,7,0.25232842,9,87.681849,87.500000,64,"2024-2025 full seasons (17 games), n=64",false,false
receiverIndex,CF,CLE,34.812337,20,0.18996621,19,59.507641,59.375000,64,"2024-2025 full seasons (17 games), n=64",false,false
receiverIndex,CF,DAL,79.587349,2,0.32096522,3,98.390043,98.437500,64,"2024-2025 full seasons (17 games), n=64",false,false
receiverIndex,CF,DEN,23.521290,27,0.10294242,27,8.579172,7.812500,64,"2024-2025 full seasons (17 games), n=64",false,false
receiverIndex,CF,DET,58.333354,11,0.21178124,16,69.755902,70.312500,64,"2024-2025 full seasons (17 games), n=64",false,false
receiverIndex,CF,GB,26.884568,25,0.11097308,25,10.067379,9.375000,64,"2024-2025 full seasons (17 games), n=64",false,false
receiverIndex,CF,HOU,58.603383,9,0.22234820,15,74.722495,75.000000,64,"2024-2025 full seasons (17 games), n=64",false,false
receiverIndex,CF,IND,29.803571,23,0.16135914,21,44.572859,45.312500,64,"2024-2025 full seasons (17 games), n=64",false,false
receiverIndex,CF,JAX,77.945356,3,0.34855737,2,99.164583,98.437500,64,"2024-2025 full seasons (17 games), n=64",false,false
receiverIndex,CF,KC,59.222347,8,0.25193627,10,87.645557,87.500000,64,"2024-2025 full seasons (17 games), n=64",false,false
receiverIndex,CF,LAC,13.653442,32,-0.02528978,32,0.140827,0.000000,64,"2024-2025 full seasons (17 games), n=64",true,false
receiverIndex,CF,LAR,34.310520,21,0.14611098,23,27.348504,28.125000,64,"2024-2025 full seasons (17 games), n=64",false,false
receiverIndex,CF,LV,62.239615,6,0.25885863,8,88.286792,89.062500,64,"2024-2025 full seasons (17 games), n=64",false,false
receiverIndex,CF,MIA,16.124801,31,0.04622665,30,3.116690,3.125000,64,"2024-2025 full seasons (17 games), n=64",false,false
receiverIndex,CF,MIN,56.733092,15,0.26729965,7,89.158514,89.062500,64,"2024-2025 full seasons (17 games), n=64",false,false
receiverIndex,CF,NE,45.459489,18,0.18101267,20,54.179277,54.687500,64,"2024-2025 full seasons (17 games), n=64",false,false
receiverIndex,CF,NO,64.923024,5,0.31302514,4,98.167156,98.437500,64,"2024-2025 full seasons (17 games), n=64",false,false
receiverIndex,CF,NYG,22.021243,28,0.10220191,28,8.527680,7.812500,64,"2024-2025 full seasons (17 games), n=64",false,false
receiverIndex,CF,NYJ,51.666680,17,0.24470267,12,86.976092,87.500000,64,"2024-2025 full seasons (17 games), n=64",false,false
receiverIndex,CF,PHI,58.377899,10,0.22760322,13,78.271006,78.125000,64,"2024-2025 full seasons (17 games), n=64",false,false
receiverIndex,CF,PIT,24.709587,26,0.15255108,22,33.108060,32.812500,64,"2024-2025 full seasons (17 games), n=64",false,false
receiverIndex,CF,SEA,57.586457,13,0.22708009,14,78.132528,78.125000,64,"2024-2025 full seasons (17 games), n=64",false,false
receiverIndex,CF,SF,83.703450,1,0.43691319,1,99.993775,100.000000,64,"2024-2025 full seasons (17 games), n=64",false,true
receiverIndex,CF,TB,18.962535,29,0.08949513,29,7.644116,7.812500,64,"2024-2025 full seasons (17 games), n=64",false,false
receiverIndex,CF,TEN,52.173659,16,0.20104789,17,63.469944,64.062500,64,"2024-2025 full seasons (17 games), n=64",false,false
receiverIndex,CF,WAS,27.725655,24,0.12515239,24,14.498393,14.062500,64,"2024-2025 full seasons (17 games), n=64",false,false
rbIndex,AS,ARI,44.605264,18,-0.08123344,16,42.377006,42.187500,64,"2024-2025 team-seasons, games 1-4 (stage-matched), n=64",false,false
rbIndex,AS,ATL,74.630642,4,0.08187945,3,91.730140,90.625000,64,"2024-2025 team-seasons, games 1-3 (stage-matched), n=64",false,false
rbIndex,AS,BAL,55.742241,13,-0.04467263,12,59.162738,59.375000,64,"2024-2025 team-seasons, games 1-4 (stage-matched), n=64",false,false
rbIndex,AS,BUF,87.262501,1,0.11654647,1,96.145565,95.312500,64,"2024-2025 team-seasons, games 1-4 (stage-matched), n=64",false,false
rbIndex,AS,CAR,66.644386,9,-0.11735500,20,30.781082,31.250000,64,"2024-2025 team-seasons, games 1-4 (stage-matched), n=64",false,false
rbIndex,AS,CHI,73.028078,5,-0.01114877,8,74.035820,73.437500,64,"2024-2025 team-seasons, games 1-4 (stage-matched), n=64",false,false
rbIndex,AS,CIN,31.956049,26,-0.14763035,24,20.952585,21.875000,64,"2024-2025 team-seasons, games 1-4 (stage-matched), n=64",false,false
rbIndex,AS,CLE,33.264417,24,-0.21693441,28,7.118019,7.812500,64,"2024-2025 team-seasons, games 1-4 (stage-matched), n=64",false,false
rbIndex,AS,DAL,57.057848,12,-0.02577027,9,65.204023,65.625000,64,"2024-2025 team-seasons, games 1-4 (stage-matched), n=64",false,false
rbIndex,AS,DEN,61.525136,11,-0.07769374,15,42.815269,42.187500,64,"2024-2025 team-seasons, games 1-4 (stage-matched), n=64",false,false
rbIndex,AS,DET,78.353979,2,-0.00995000,7,74.571061,73.437500,64,"2024-2025 team-seasons, games 1-4 (stage-matched), n=64",false,false
rbIndex,AS,GB,15.603600,32,-0.35332244,32,1.095222,1.562500,64,"2024-2025 team-seasons, games 1-4 (stage-matched), n=64",false,false
rbIndex,AS,HOU,28.334227,28,-0.26859638,31,2.463415,3.125000,64,"2024-2025 team-seasons, games 1-4 (stage-matched), n=64",false,false
rbIndex,AS,IND,71.633432,6,0.05879818,4,89.588029,89.062500,64,"2024-2025 team-seasons, games 1-4 (stage-matched), n=64",false,false
rbIndex,AS,JAX,67.903112,8,0.04821383,5,89.185518,89.062500,64,"2024-2025 team-seasons, games 1-4 (stage-matched), n=64",false,false
rbIndex,AS,KC,76.379441,3,0.09216673,2,91.908865,90.625000,64,"2024-2025 team-seasons, games 1-4 (stage-matched), n=64",false,false
rbIndex,AS,LAC,52.281626,16,-0.14772228,25,20.936471,21.875000,64,"2024-2025 team-seasons, games 1-4 (stage-matched), n=64",false,false
rbIndex,AS,LAR,70.902459,7,-0.00772848,6,75.661774,75.000000,64,"2024-2025 team-seasons, games 1-4 (stage-matched), n=64",false,false
rbIndex,AS,LV,23.234525,31,-0.18599049,27,11.960743,12.500000,64,"2024-2025 team-seasons, games 1-4 (stage-matched), n=64",false,false
rbIndex,AS,MIA,43.948904,19,-0.11176491,19,31.621622,31.250000,64,"2024-2025 team-seasons, games 1-4 (stage-matched), n=64",false,false
rbIndex,AS,MIN,32.484872,25,-0.12442982,21,26.768683,26.562500,64,"2024-2025 team-seasons, games 1-4 (stage-matched), n=64",false,false
rbIndex,AS,NE,39.945373,21,-0.13146186,22,25.912042,26.562500,64,"2024-2025 team-seasons, games 1-4 (stage-matched), n=64",false,false
rbIndex,AS,NO,37.675367,22,-0.04447990,11,59.320759,59.375000,64,"2024-2025 team-seasons, games 1-3 (stage-matched), n=64",false,false
rbIndex,AS,NYG,29.245207,27,-0.22138812,29,6.875509,7.812500,64,"2024-2025 team-seasons, games 1-4 (stage-matched), n=64",false,false
rbIndex,AS,NYJ,53.471423,15,-0.14592234,23,21.252001,21.875000,64,"2024-2025 team-seasons, games 1-4 (stage-matched), n=64",false,false
rbIndex,AS,PHI,34.600735,23,-0.10235758,18,38.176262,39.062500,64,"2024-2025 team-seasons, games 1-4 (stage-matched), n=64",false,false
rbIndex,AS,PIT,53.888365,14,-0.06232755,14,47.263305,46.875000,64,"2024-2025 team-seasons, games 1-4 (stage-matched), n=64",false,false
rbIndex,AS,SEA,27.793956,29,-0.24852992,30,3.849115,4.687500,64,"2024-2025 team-seasons, games 1-4 (stage-matched), n=64",false,false
rbIndex,AS,SF,65.917777,10,-0.05813559,13,52.057602,51.562500,64,"2024-2025 team-seasons, games 1-4 (stage-matched), n=64",false,false
rbIndex,AS,TB,49.449605,17,-0.03169308,10,61.391753,60.937500,64,"2024-2025 team-seasons, games 1-4 (stage-matched), n=64",false,false
rbIndex,AS,TEN,26.206208,30,-0.09473302,17,40.480173,40.625000,64,"2024-2025 team-seasons, games 1-4 (stage-matched), n=64",false,false
rbIndex,AS,WAS,42.048900,20,-0.16601492,26,16.990758,17.187500,64,"2024-2025 team-seasons, games 1-4 (stage-matched), n=64",false,false
rbIndex,BS,ARI,44.605264,18,-0.08123344,16,44.259962,42.187500,64,"2024-2025 team-seasons, games 1-4 (stage-matched), n=64",false,false
rbIndex,BS,ATL,74.630642,4,0.08187945,3,91.093437,90.625000,64,"2024-2025 team-seasons, games 1-3 (stage-matched), n=64",false,false
rbIndex,BS,BAL,55.742241,13,-0.04467263,12,58.120915,59.375000,64,"2024-2025 team-seasons, games 1-4 (stage-matched), n=64",false,false
rbIndex,BS,BUF,87.262501,1,0.11654647,1,95.502734,95.312500,64,"2024-2025 team-seasons, games 1-4 (stage-matched), n=64",false,false
rbIndex,BS,CAR,66.644386,9,-0.11735500,20,31.763018,31.250000,64,"2024-2025 team-seasons, games 1-4 (stage-matched), n=64",false,false
rbIndex,BS,CHI,73.028078,5,-0.01114877,8,70.743152,73.437500,64,"2024-2025 team-seasons, games 1-4 (stage-matched), n=64",false,false
rbIndex,BS,CIN,31.956049,26,-0.14763035,24,22.668873,21.875000,64,"2024-2025 team-seasons, games 1-4 (stage-matched), n=64",false,false
rbIndex,BS,CLE,33.264417,24,-0.21693441,28,8.201524,7.812500,64,"2024-2025 team-seasons, games 1-4 (stage-matched), n=64",false,false
rbIndex,BS,DAL,57.057848,12,-0.02577027,9,65.369970,65.625000,64,"2024-2025 team-seasons, games 1-4 (stage-matched), n=64",false,false
rbIndex,BS,DEN,61.525136,11,-0.07769374,15,45.560686,42.187500,64,"2024-2025 team-seasons, games 1-4 (stage-matched), n=64",false,false
rbIndex,BS,DET,78.353979,2,-0.00995000,7,71.167965,73.437500,64,"2024-2025 team-seasons, games 1-4 (stage-matched), n=64",false,false
rbIndex,BS,GB,15.603600,32,-0.35332244,32,0.842207,1.562500,64,"2024-2025 team-seasons, games 1-4 (stage-matched), n=64",false,false
rbIndex,BS,HOU,28.334227,28,-0.26859638,31,3.083021,3.125000,64,"2024-2025 team-seasons, games 1-4 (stage-matched), n=64",false,false
rbIndex,BS,IND,71.633432,6,0.05879818,4,88.678287,89.062500,64,"2024-2025 team-seasons, games 1-4 (stage-matched), n=64",false,false
rbIndex,BS,JAX,67.903112,8,0.04821383,5,86.910406,89.062500,64,"2024-2025 team-seasons, games 1-4 (stage-matched), n=64",false,false
rbIndex,BS,KC,76.379441,3,0.09216673,2,92.989732,90.625000,64,"2024-2025 team-seasons, games 1-4 (stage-matched), n=64",false,false
rbIndex,BS,LAC,52.281626,16,-0.14772228,25,22.643560,21.875000,64,"2024-2025 team-seasons, games 1-4 (stage-matched), n=64",false,false
rbIndex,BS,LAR,70.902459,7,-0.00772848,6,71.947492,75.000000,64,"2024-2025 team-seasons, games 1-4 (stage-matched), n=64",false,false
rbIndex,BS,LV,23.234525,31,-0.18599049,27,13.475054,12.500000,64,"2024-2025 team-seasons, games 1-4 (stage-matched), n=64",false,false
rbIndex,BS,MIA,43.948904,19,-0.11176491,19,33.592943,31.250000,64,"2024-2025 team-seasons, games 1-4 (stage-matched), n=64",false,false
rbIndex,BS,MIN,32.484872,25,-0.12442982,21,29.509981,26.562500,64,"2024-2025 team-seasons, games 1-4 (stage-matched), n=64",false,false
rbIndex,BS,NE,39.945373,21,-0.13146186,22,27.344583,26.562500,64,"2024-2025 team-seasons, games 1-4 (stage-matched), n=64",false,false
rbIndex,BS,NO,37.675367,22,-0.04447990,11,60.448452,59.375000,64,"2024-2025 team-seasons, games 1-3 (stage-matched), n=64",false,false
rbIndex,BS,NYG,29.245207,27,-0.22138812,29,7.597084,7.812500,64,"2024-2025 team-seasons, games 1-4 (stage-matched), n=64",false,false
rbIndex,BS,NYJ,53.471423,15,-0.14592234,23,23.141873,21.875000,64,"2024-2025 team-seasons, games 1-4 (stage-matched), n=64",false,false
rbIndex,BS,PHI,34.600735,23,-0.10235758,18,36.764596,39.062500,64,"2024-2025 team-seasons, games 1-4 (stage-matched), n=64",false,false
rbIndex,BS,PIT,53.888365,14,-0.06232755,14,51.329234,46.875000,64,"2024-2025 team-seasons, games 1-4 (stage-matched), n=64",false,false
rbIndex,BS,SEA,27.793956,29,-0.24852992,30,4.624202,4.687500,64,"2024-2025 team-seasons, games 1-4 (stage-matched), n=64",false,false
rbIndex,BS,SF,65.917777,10,-0.05813559,13,52.931100,51.562500,64,"2024-2025 team-seasons, games 1-4 (stage-matched), n=64",false,false
rbIndex,BS,TB,49.449605,17,-0.03169308,10,63.119934,60.937500,64,"2024-2025 team-seasons, games 1-4 (stage-matched), n=64",false,false
rbIndex,BS,TEN,26.206208,30,-0.09473302,17,39.413805,40.625000,64,"2024-2025 team-seasons, games 1-4 (stage-matched), n=64",false,false
rbIndex,BS,WAS,42.048900,20,-0.16601492,26,17.910823,17.187500,64,"2024-2025 team-seasons, games 1-4 (stage-matched), n=64",false,false
rbIndex,CS,ARI,44.605264,18,-0.08123344,16,42.496115,42.187500,64,"2024-2025 team-seasons, games 1-4 (stage-matched), n=64",false,false
rbIndex,CS,ATL,74.630642,4,0.08187945,3,91.078107,90.625000,64,"2024-2025 team-seasons, games 1-3 (stage-matched), n=64",false,false
rbIndex,CS,BAL,55.742241,13,-0.04467263,12,59.019570,59.375000,64,"2024-2025 team-seasons, games 1-4 (stage-matched), n=64",false,false
rbIndex,CS,BUF,87.262501,1,0.11654647,1,95.424540,95.312500,64,"2024-2025 team-seasons, games 1-4 (stage-matched), n=64",false,false
rbIndex,CS,CAR,66.644386,9,-0.11735500,20,31.081378,31.250000,64,"2024-2025 team-seasons, games 1-4 (stage-matched), n=64",false,false
rbIndex,CS,CHI,73.028078,5,-0.01114877,8,73.660260,73.437500,64,"2024-2025 team-seasons, games 1-4 (stage-matched), n=64",false,false
rbIndex,CS,CIN,31.956049,26,-0.14763035,24,21.406451,21.875000,64,"2024-2025 team-seasons, games 1-4 (stage-matched), n=64",false,false
rbIndex,CS,CLE,33.264417,24,-0.21693441,28,7.788050,7.812500,64,"2024-2025 team-seasons, games 1-4 (stage-matched), n=64",false,false
rbIndex,CS,DAL,57.057848,12,-0.02577027,9,64.966460,65.625000,64,"2024-2025 team-seasons, games 1-4 (stage-matched), n=64",false,false
rbIndex,CS,DEN,61.525136,11,-0.07769374,15,42.927530,42.187500,64,"2024-2025 team-seasons, games 1-4 (stage-matched), n=64",false,false
rbIndex,CS,DET,78.353979,2,-0.00995000,7,74.187138,73.437500,64,"2024-2025 team-seasons, games 1-4 (stage-matched), n=64",false,false
rbIndex,CS,GB,15.603600,32,-0.35332244,32,1.859359,1.562500,64,"2024-2025 team-seasons, games 1-4 (stage-matched), n=64",false,false
rbIndex,CS,HOU,28.334227,28,-0.26859638,31,3.206174,3.125000,64,"2024-2025 team-seasons, games 1-4 (stage-matched), n=64",false,false
rbIndex,CS,IND,71.633432,6,0.05879818,4,88.969466,89.062500,64,"2024-2025 team-seasons, games 1-4 (stage-matched), n=64",false,false
rbIndex,CS,JAX,67.903112,8,0.04821383,5,88.573244,89.062500,64,"2024-2025 team-seasons, games 1-4 (stage-matched), n=64",false,false
rbIndex,CS,KC,76.379441,3,0.09216673,2,91.254039,90.625000,64,"2024-2025 team-seasons, games 1-4 (stage-matched), n=64",false,false
rbIndex,CS,LAC,52.281626,16,-0.14772228,25,21.390588,21.875000,64,"2024-2025 team-seasons, games 1-4 (stage-matched), n=64",false,false
rbIndex,CS,LAR,70.902459,7,-0.00772848,6,75.260809,75.000000,64,"2024-2025 team-seasons, games 1-4 (stage-matched), n=64",false,false
rbIndex,CS,LV,23.234525,31,-0.18599049,27,12.555106,12.500000,64,"2024-2025 team-seasons, games 1-4 (stage-matched), n=64",false,false
rbIndex,CS,MIA,43.948904,19,-0.11176491,19,31.908784,31.250000,64,"2024-2025 team-seasons, games 1-4 (stage-matched), n=64",false,false
rbIndex,CS,MIN,32.484872,25,-0.12442982,21,27.131672,26.562500,64,"2024-2025 team-seasons, games 1-4 (stage-matched), n=64",false,false
rbIndex,CS,NE,39.945373,21,-0.13146186,22,26.288416,26.562500,64,"2024-2025 team-seasons, games 1-4 (stage-matched), n=64",false,false
rbIndex,CS,NO,37.675367,22,-0.04447990,11,59.175122,59.375000,64,"2024-2025 team-seasons, games 1-3 (stage-matched), n=64",false,false
rbIndex,CS,NYG,29.245207,27,-0.22138812,29,7.549329,7.812500,64,"2024-2025 team-seasons, games 1-4 (stage-matched), n=64",false,false
rbIndex,CS,NYJ,53.471423,15,-0.14592234,23,21.701188,21.875000,64,"2024-2025 team-seasons, games 1-4 (stage-matched), n=64",false,false
rbIndex,CS,PHI,34.600735,23,-0.10235758,18,38.361008,39.062500,64,"2024-2025 team-seasons, games 1-4 (stage-matched), n=64",false,false
rbIndex,CS,PIT,53.888365,14,-0.06232755,14,47.306066,46.875000,64,"2024-2025 team-seasons, games 1-4 (stage-matched), n=64",false,false
rbIndex,CS,SEA,27.793956,29,-0.24852992,30,4.570222,4.687500,64,"2024-2025 team-seasons, games 1-4 (stage-matched), n=64",false,false
rbIndex,CS,SF,65.917777,10,-0.05813559,13,52.025452,51.562500,64,"2024-2025 team-seasons, games 1-4 (stage-matched), n=64",false,false
rbIndex,CS,TB,49.449605,17,-0.03169308,10,61.213757,60.937500,64,"2024-2025 team-seasons, games 1-4 (stage-matched), n=64",false,false
rbIndex,CS,TEN,26.206208,30,-0.09473302,17,40.628920,40.625000,64,"2024-2025 team-seasons, games 1-4 (stage-matched), n=64",false,false
rbIndex,CS,WAS,42.048900,20,-0.16601492,26,17.506528,17.187500,64,"2024-2025 team-seasons, games 1-4 (stage-matched), n=64",false,false
rbIndex,AC,ARI,44.605264,18,-0.08123344,16,40.510047,40.513393,896,"2024-2025 every 4-game window at any stage, n=896",false,false
rbIndex,AC,ATL,74.630642,4,0.08187945,3,88.672007,88.645833,960,"2024-2025 every 3-game window at any stage, n=960",false,false
rbIndex,AC,BAL,55.742241,13,-0.04467263,12,55.043945,55.022321,896,"2024-2025 every 4-game window at any stage, n=896",false,false
rbIndex,AC,BUF,87.262501,1,0.11654647,1,94.610540,94.531250,896,"2024-2025 every 4-game window at any stage, n=896",false,false
rbIndex,AC,CAR,66.644386,9,-0.11735500,20,28.910642,28.906250,896,"2024-2025 every 4-game window at any stage, n=896",false,false
rbIndex,AC,CHI,73.028078,5,-0.01114877,8,66.955562,66.964286,896,"2024-2025 every 4-game window at any stage, n=896",false,false
rbIndex,AC,CIN,31.956049,26,-0.14763035,24,22.389541,22.433036,896,"2024-2025 every 4-game window at any stage, n=896",false,false
rbIndex,AC,CLE,33.264417,24,-0.21693441,28,8.407971,8.482143,896,"2024-2025 every 4-game window at any stage, n=896",false,false
rbIndex,AC,DAL,57.057848,12,-0.02577027,9,62.083245,62.053571,896,"2024-2025 every 4-game window at any stage, n=896",false,false
rbIndex,AC,DEN,61.525136,11,-0.07769374,15,41.968482,41.964286,896,"2024-2025 every 4-game window at any stage, n=896",false,false
rbIndex,AC,DET,78.353979,2,-0.00995000,7,67.034377,66.964286,896,"2024-2025 every 4-game window at any stage, n=896",false,false
rbIndex,AC,GB,15.603600,32,-0.35332244,32,1.167343,1.227679,896,"2024-2025 every 4-game window at any stage, n=896",false,false
rbIndex,AC,HOU,28.334227,28,-0.26859638,31,3.487097,3.571429,896,"2024-2025 every 4-game window at any stage, n=896",false,false
rbIndex,AC,IND,71.633432,6,0.05879818,4,86.067882,86.049107,896,"2024-2025 every 4-game window at any stage, n=896",false,false
rbIndex,AC,JAX,67.903112,8,0.04821383,5,83.414718,83.370536,896,"2024-2025 every 4-game window at any stage, n=896",false,false
rbIndex,AC,KC,76.379441,3,0.09216673,2,92.641107,92.633929,896,"2024-2025 every 4-game window at any stage, n=896",false,false
rbIndex,AC,LAC,52.281626,16,-0.14772228,25,22.384416,22.433036,896,"2024-2025 every 4-game window at any stage, n=896",false,false
rbIndex,AC,LAR,70.902459,7,-0.00772848,6,67.670511,67.633929,896,"2024-2025 every 4-game window at any stage, n=896",false,false
rbIndex,AC,LV,23.234525,31,-0.18599049,27,12.610016,12.611607,896,"2024-2025 every 4-game window at any stage, n=896",false,false
rbIndex,AC,MIA,43.948904,19,-0.11176491,19,30.229020,30.245536,896,"2024-2025 every 4-game window at any stage, n=896",false,false
rbIndex,AC,MIN,32.484872,25,-0.12442982,21,26.840315,26.897321,896,"2024-2025 every 4-game window at any stage, n=896",false,false
rbIndex,AC,NE,39.945373,21,-0.13146186,22,25.863383,25.892857,896,"2024-2025 every 4-game window at any stage, n=896",false,false
rbIndex,AC,NO,37.675367,22,-0.04447990,11,54.049386,54.062500,960,"2024-2025 every 3-game window at any stage, n=960",false,false
rbIndex,AC,NYG,29.245207,27,-0.22138812,29,7.975251,8.035714,896,"2024-2025 every 4-game window at any stage, n=896",false,false
rbIndex,AC,NYJ,53.471423,15,-0.14592234,23,22.573397,22.656250,896,"2024-2025 every 4-game window at any stage, n=896",false,false
rbIndex,AC,PHI,34.600735,23,-0.10235758,18,33.244217,33.258929,896,"2024-2025 every 4-game window at any stage, n=896",false,false
rbIndex,AC,PIT,53.888365,14,-0.06232755,14,48.048948,48.102679,896,"2024-2025 every 4-game window at any stage, n=896",false,false
rbIndex,AC,SEA,27.793956,29,-0.24852992,30,5.381055,5.468750,896,"2024-2025 every 4-game window at any stage, n=896",false,false
rbIndex,AC,SF,65.917777,10,-0.05813559,13,50.505569,50.558036,896,"2024-2025 every 4-game window at any stage, n=896",false,false
rbIndex,AC,TB,49.449605,17,-0.03169308,10,59.666853,59.709821,896,"2024-2025 every 4-game window at any stage, n=896",false,false
rbIndex,AC,TEN,26.206208,30,-0.09473302,17,35.793690,35.825893,896,"2024-2025 every 4-game window at any stage, n=896",false,false
rbIndex,AC,WAS,42.048900,20,-0.16601492,26,16.653489,16.741071,896,"2024-2025 every 4-game window at any stage, n=896",false,false
rbIndex,BC,ARI,44.605264,18,-0.08123344,16,41.254449,40.513393,896,"2024-2025 every 4-game window at any stage, n=896",false,false
rbIndex,BC,ATL,74.630642,4,0.08187945,3,87.714383,88.645833,960,"2024-2025 every 3-game window at any stage, n=960",false,false
rbIndex,BC,BAL,55.742241,13,-0.04467263,12,54.734309,55.022321,896,"2024-2025 every 4-game window at any stage, n=896",false,false
rbIndex,BC,BUF,87.262501,1,0.11654647,1,94.215478,94.531250,896,"2024-2025 every 4-game window at any stage, n=896",false,false
rbIndex,BC,CAR,66.644386,9,-0.11735500,20,29.688445,28.906250,896,"2024-2025 every 4-game window at any stage, n=896",false,false
rbIndex,BC,CHI,73.028078,5,-0.01114877,8,66.504169,66.964286,896,"2024-2025 every 4-game window at any stage, n=896",false,false
rbIndex,BC,CIN,31.956049,26,-0.14763035,24,21.817153,22.433036,896,"2024-2025 every 4-game window at any stage, n=896",false,false
rbIndex,BC,CLE,33.264417,24,-0.21693441,28,8.797444,8.482143,896,"2024-2025 every 4-game window at any stage, n=896",false,false
rbIndex,BC,DAL,57.057848,12,-0.02577027,9,61.517246,62.053571,896,"2024-2025 every 4-game window at any stage, n=896",false,false
rbIndex,BC,DEN,61.525136,11,-0.07769374,15,42.524037,41.964286,896,"2024-2025 every 4-game window at any stage, n=896",false,false
rbIndex,BC,DET,78.353979,2,-0.00995000,7,66.901486,66.964286,896,"2024-2025 every 4-game window at any stage, n=896",false,false
rbIndex,BC,GB,15.603600,32,-0.35332244,32,1.154879,1.227679,896,"2024-2025 every 4-game window at any stage, n=896",false,false
rbIndex,BC,HOU,28.334227,28,-0.26859638,31,4.054407,3.571429,896,"2024-2025 every 4-game window at any stage, n=896",false,false
rbIndex,BC,IND,71.633432,6,0.05879818,4,85.569832,86.049107,896,"2024-2025 every 4-game window at any stage, n=896",false,false
rbIndex,BC,JAX,67.903112,8,0.04821383,5,83.276096,83.370536,896,"2024-2025 every 4-game window at any stage, n=896",false,false
rbIndex,BC,KC,76.379441,3,0.09216673,2,91.409125,92.633929,896,"2024-2025 every 4-game window at any stage, n=896",false,false
rbIndex,BC,LAC,52.281626,16,-0.14772228,25,21.794764,22.433036,896,"2024-2025 every 4-game window at any stage, n=896",false,false
rbIndex,BC,LAR,70.902459,7,-0.00772848,6,67.632784,67.633929,896,"2024-2025 every 4-game window at any stage, n=896",false,false
rbIndex,BC,LV,23.234525,31,-0.18599049,27,13.429264,12.611607,896,"2024-2025 every 4-game window at any stage, n=896",false,false
rbIndex,BC,MIA,43.948904,19,-0.11176491,19,31.295455,30.245536,896,"2024-2025 every 4-game window at any stage, n=896",false,false
rbIndex,BC,MIN,32.484872,25,-0.12442982,21,27.738680,26.897321,896,"2024-2025 every 4-game window at any stage, n=896",false,false
rbIndex,BC,NE,39.945373,21,-0.13146186,22,25.878735,25.892857,896,"2024-2025 every 4-game window at any stage, n=896",false,false
rbIndex,BC,NO,37.675367,22,-0.04447990,11,54.343640,54.062500,960,"2024-2025 every 3-game window at any stage, n=960",false,false
rbIndex,BC,NYG,29.245207,27,-0.22138812,29,8.276264,8.035714,896,"2024-2025 every 4-game window at any stage, n=896",false,false
rbIndex,BC,NYJ,53.471423,15,-0.14592234,23,22.234529,22.656250,896,"2024-2025 every 4-game window at any stage, n=896",false,false
rbIndex,BC,PHI,34.600735,23,-0.10235758,18,34.149988,33.258929,896,"2024-2025 every 4-game window at any stage, n=896",false,false
rbIndex,BC,PIT,53.888365,14,-0.06232755,14,48.181891,48.102679,896,"2024-2025 every 4-game window at any stage, n=896",false,false
rbIndex,BC,SEA,27.793956,29,-0.24852992,30,5.577709,5.468750,896,"2024-2025 every 4-game window at any stage, n=896",false,false
rbIndex,BC,SF,65.917777,10,-0.05813559,13,49.744324,50.558036,896,"2024-2025 every 4-game window at any stage, n=896",false,false
rbIndex,BC,TB,49.449605,17,-0.03169308,10,59.428933,59.709821,896,"2024-2025 every 4-game window at any stage, n=896",false,false
rbIndex,BC,TEN,26.206208,30,-0.09473302,17,36.608318,35.825893,896,"2024-2025 every 4-game window at any stage, n=896",false,false
rbIndex,BC,WAS,42.048900,20,-0.16601492,26,17.512804,16.741071,896,"2024-2025 every 4-game window at any stage, n=896",false,false
rbIndex,CC,ARI,44.605264,18,-0.08123344,16,40.520639,40.513393,896,"2024-2025 every 4-game window at any stage, n=896",false,false
rbIndex,CC,ATL,74.630642,4,0.08187945,3,88.631724,88.645833,960,"2024-2025 every 3-game window at any stage, n=960",false,false
rbIndex,CC,BAL,55.742241,13,-0.04467263,12,55.038316,55.022321,896,"2024-2025 every 4-game window at any stage, n=896",false,false
rbIndex,CC,BUF,87.262501,1,0.11654647,1,94.560752,94.531250,896,"2024-2025 every 4-game window at any stage, n=896",false,false
rbIndex,CC,CAR,66.644386,9,-0.11735500,20,28.934179,28.906250,896,"2024-2025 every 4-game window at any stage, n=896",false,false
rbIndex,CC,CHI,73.028078,5,-0.01114877,8,66.936638,66.964286,896,"2024-2025 every 4-game window at any stage, n=896",false,false
rbIndex,CC,CIN,31.956049,26,-0.14763035,24,22.420356,22.433036,896,"2024-2025 every 4-game window at any stage, n=896",false,false
rbIndex,CC,CLE,33.264417,24,-0.21693441,28,8.454390,8.482143,896,"2024-2025 every 4-game window at any stage, n=896",false,false
rbIndex,CC,DAL,57.057848,12,-0.02577027,9,62.069760,62.053571,896,"2024-2025 every 4-game window at any stage, n=896",false,false
rbIndex,CC,DEN,61.525136,11,-0.07769374,15,41.977446,41.964286,896,"2024-2025 every 4-game window at any stage, n=896",false,false
rbIndex,CC,DET,78.353979,2,-0.00995000,7,67.015366,66.964286,896,"2024-2025 every 4-game window at any stage, n=896",false,false
rbIndex,CC,GB,15.603600,32,-0.35332244,32,1.221844,1.227679,896,"2024-2025 every 4-game window at any stage, n=896",false,false
rbIndex,CC,HOU,28.334227,28,-0.26859638,31,3.539009,3.571429,896,"2024-2025 every 4-game window at any stage, n=896",false,false
rbIndex,CC,IND,71.633432,6,0.05879818,4,86.027628,86.049107,896,"2024-2025 every 4-game window at any stage, n=896",false,false
rbIndex,CC,JAX,67.903112,8,0.04821383,5,83.377424,83.370536,896,"2024-2025 every 4-game window at any stage, n=896",false,false
rbIndex,CC,KC,76.379441,3,0.09216673,2,92.593516,92.633929,896,"2024-2025 every 4-game window at any stage, n=896",false,false
rbIndex,CC,LAC,52.281626,16,-0.14772228,25,22.415237,22.433036,896,"2024-2025 every 4-game window at any stage, n=896",false,false
rbIndex,CC,LAR,70.902459,7,-0.00772848,6,67.650789,67.633929,896,"2024-2025 every 4-game window at any stage, n=896",false,false
rbIndex,CC,LV,23.234525,31,-0.18599049,27,12.651746,12.611607,896,"2024-2025 every 4-game window at any stage, n=896",false,false
rbIndex,CC,MIA,43.948904,19,-0.11176491,19,30.251086,30.245536,896,"2024-2025 every 4-game window at any stage, n=896",false,false
rbIndex,CC,MIN,32.484872,25,-0.12442982,21,26.866163,26.897321,896,"2024-2025 every 4-game window at any stage, n=896",false,false
rbIndex,CC,NE,39.945373,21,-0.13146186,22,25.890321,25.892857,896,"2024-2025 every 4-game window at any stage, n=896",false,false
rbIndex,CC,NO,37.675367,22,-0.04447990,11,54.045168,54.062500,960,"2024-2025 every 3-game window at any stage, n=960",false,false
rbIndex,CC,NYG,29.245207,27,-0.22138812,29,8.022153,8.035714,896,"2024-2025 every 4-game window at any stage, n=896",false,false
rbIndex,CC,NYJ,53.471423,15,-0.14592234,23,22.604007,22.656250,896,"2024-2025 every 4-game window at any stage, n=896",false,false
rbIndex,CC,PHI,34.600735,23,-0.10235758,18,33.262918,33.258929,896,"2024-2025 every 4-game window at any stage, n=896",false,false
rbIndex,CC,PIT,53.888365,14,-0.06232755,14,48.051126,48.102679,896,"2024-2025 every 4-game window at any stage, n=896",false,false
rbIndex,CC,SEA,27.793956,29,-0.24852992,30,5.430853,5.468750,896,"2024-2025 every 4-game window at any stage, n=896",false,false
rbIndex,CC,SF,65.917777,10,-0.05813559,13,50.505005,50.558036,896,"2024-2025 every 4-game window at any stage, n=896",false,false
rbIndex,CC,TB,49.449605,17,-0.03169308,10,59.656065,59.709821,896,"2024-2025 every 4-game window at any stage, n=896",false,false
rbIndex,CC,TEN,26.206208,30,-0.09473302,17,35.809545,35.825893,896,"2024-2025 every 4-game window at any stage, n=896",false,false
rbIndex,CC,WAS,42.048900,20,-0.16601492,26,16.690706,16.741071,896,"2024-2025 every 4-game window at any stage, n=896",false,false
rbIndex,AF,ARI,44.605264,18,-0.08123344,16,32.253070,32.812500,64,"2024-2025 full seasons (17 games), n=64",false,false
rbIndex,AF,ATL,74.630642,4,0.08187945,3,99.713279,98.437500,64,"2024-2025 full seasons (17 games), n=64",false,false
rbIndex,AF,BAL,55.742241,13,-0.04467263,12,65.242431,65.625000,64,"2024-2025 full seasons (17 games), n=64",false,false
rbIndex,AF,BUF,87.262501,1,0.11654647,1,100.000000,100.000000,64,"2024-2025 full seasons (17 games), n=64",false,true
rbIndex,AF,CAR,66.644386,9,-0.11735500,20,13.923145,14.062500,64,"2024-2025 full seasons (17 games), n=64",false,false
rbIndex,AF,CHI,73.028078,5,-0.01114877,8,72.256576,71.875000,64,"2024-2025 full seasons (17 games), n=64",false,false
rbIndex,AF,CIN,31.956049,26,-0.14763035,24,6.586845,7.812500,64,"2024-2025 full seasons (17 games), n=64",false,false
rbIndex,AF,CLE,33.264417,24,-0.21693441,28,2.767925,3.125000,64,"2024-2025 full seasons (17 games), n=64",false,false
rbIndex,AF,DAL,57.057848,12,-0.02577027,9,67.672713,67.187500,64,"2024-2025 full seasons (17 games), n=64",false,false
rbIndex,AF,DEN,61.525136,11,-0.07769374,15,37.643122,37.500000,64,"2024-2025 full seasons (17 games), n=64",false,false
rbIndex,AF,DET,78.353979,2,-0.00995000,7,72.464762,71.875000,64,"2024-2025 full seasons (17 games), n=64",false,false
rbIndex,AF,GB,15.603600,32,-0.35332244,32,0.000000,0.000000,64,"2024-2025 full seasons (17 games), n=64",true,false
rbIndex,AF,HOU,28.334227,28,-0.26859638,31,1.212440,1.562500,64,"2024-2025 full seasons (17 games), n=64",false,false
rbIndex,AF,IND,71.633432,6,0.05879818,4,98.636209,98.437500,64,"2024-2025 full seasons (17 games), n=64",false,false
rbIndex,AF,JAX,67.903112,8,0.04821383,5,96.918665,96.875000,64,"2024-2025 full seasons (17 games), n=64",false,false
rbIndex,AF,KC,76.379441,3,0.09216673,2,100.000000,100.000000,64,"2024-2025 full seasons (17 games), n=64",false,true
rbIndex,AF,LAC,52.281626,16,-0.14772228,25,6.564808,7.812500,64,"2024-2025 full seasons (17 games), n=64",false,false
rbIndex,AF,LAR,70.902459,7,-0.00772848,6,72.850564,71.875000,64,"2024-2025 full seasons (17 games), n=64",false,false
rbIndex,AF,LV,23.234525,31,-0.18599049,27,3.636570,4.687500,64,"2024-2025 full seasons (17 games), n=64",false,false
rbIndex,AF,MIA,43.948904,19,-0.11176491,19,16.880894,17.187500,64,"2024-2025 full seasons (17 games), n=64",false,false
rbIndex,AF,MIN,32.484872,25,-0.12442982,21,12.974825,14.062500,64,"2024-2025 full seasons (17 games), n=64",false,false
rbIndex,AF,NE,39.945373,21,-0.13146186,22,11.887296,12.500000,64,"2024-2025 full seasons (17 games), n=64",false,false
rbIndex,AF,NO,37.675367,22,-0.04447990,11,65.261902,65.625000,64,"2024-2025 full seasons (17 games), n=64",false,false
rbIndex,AF,NYG,29.245207,27,-0.22138812,29,2.656516,3.125000,64,"2024-2025 full seasons (17 games), n=64",false,false
rbIndex,AF,NYJ,53.471423,15,-0.14592234,23,6.996297,7.812500,64,"2024-2025 full seasons (17 games), n=64",false,false
rbIndex,AF,PHI,34.600735,23,-0.10235758,18,19.857289,20.312500,64,"2024-2025 full seasons (17 games), n=64",false,false
rbIndex,AF,PIT,53.888365,14,-0.06232755,14,51.122179,51.562500,64,"2024-2025 full seasons (17 games), n=64",false,false
rbIndex,AF,SEA,27.793956,29,-0.24852992,30,1.977570,3.125000,64,"2024-2025 full seasons (17 games), n=64",false,false
rbIndex,AF,SF,65.917777,10,-0.05813559,13,58.097123,57.812500,64,"2024-2025 full seasons (17 games), n=64",false,false
rbIndex,AF,TB,49.449605,17,-0.03169308,10,66.553663,65.625000,64,"2024-2025 full seasons (17 games), n=64",false,false
rbIndex,AF,TEN,26.206208,30,-0.09473302,17,22.058991,21.875000,64,"2024-2025 full seasons (17 games), n=64",false,false
rbIndex,AF,WAS,42.048900,20,-0.16601492,26,4.264909,4.687500,64,"2024-2025 full seasons (17 games), n=64",false,false
rbIndex,BF,ARI,44.605264,18,-0.08123344,16,36.405785,32.812500,64,"2024-2025 full seasons (17 games), n=64",false,false
rbIndex,BF,ATL,74.630642,4,0.08187945,3,99.503351,98.437500,64,"2024-2025 full seasons (17 games), n=64",false,false
rbIndex,BF,BAL,55.742241,13,-0.04467263,12,59.279094,65.625000,64,"2024-2025 full seasons (17 games), n=64",false,false
rbIndex,BF,BUF,87.262501,1,0.11654647,1,100.000000,100.000000,64,"2024-2025 full seasons (17 games), n=64",false,true
rbIndex,BF,CAR,66.644386,9,-0.11735500,20,17.126928,14.062500,64,"2024-2025 full seasons (17 games), n=64",false,false
rbIndex,BF,CHI,73.028078,5,-0.01114877,8,73.267754,71.875000,64,"2024-2025 full seasons (17 games), n=64",false,false
rbIndex,BF,CIN,31.956049,26,-0.14763035,24,8.307937,7.812500,64,"2024-2025 full seasons (17 games), n=64",false,false
rbIndex,BF,CLE,33.264417,24,-0.21693441,28,2.408985,3.125000,64,"2024-2025 full seasons (17 games), n=64",false,false
rbIndex,BF,DAL,57.057848,12,-0.02577027,9,67.839166,67.187500,64,"2024-2025 full seasons (17 games), n=64",false,false
rbIndex,BF,DEN,61.525136,11,-0.07769374,15,38.737329,37.500000,64,"2024-2025 full seasons (17 games), n=64",false,false
rbIndex,BF,DET,78.353979,2,-0.00995000,7,73.694234,71.875000,64,"2024-2025 full seasons (17 games), n=64",false,false
rbIndex,BF,GB,15.603600,32,-0.35332244,32,0.000000,0.000000,64,"2024-2025 full seasons (17 games), n=64",true,false
rbIndex,BF,HOU,28.334227,28,-0.26859638,31,0.645908,1.562500,64,"2024-2025 full seasons (17 games), n=64",false,false
rbIndex,BF,IND,71.633432,6,0.05879818,4,96.141471,98.437500,64,"2024-2025 full seasons (17 games), n=64",false,false
rbIndex,BF,JAX,67.903112,8,0.04821383,5,93.612679,96.875000,64,"2024-2025 full seasons (17 games), n=64",false,false
rbIndex,BF,KC,76.379441,3,0.09216673,2,100.000000,100.000000,64,"2024-2025 full seasons (17 games), n=64",false,true
rbIndex,BF,LAC,52.281626,16,-0.14772228,25,8.289287,7.812500,64,"2024-2025 full seasons (17 games), n=64",false,false
rbIndex,BF,LAR,70.902459,7,-0.00772848,6,74.482039,71.875000,64,"2024-2025 full seasons (17 games), n=64",false,false
rbIndex,BF,LV,23.234525,31,-0.18599049,27,3.667111,4.687500,64,"2024-2025 full seasons (17 games), n=64",false,false
rbIndex,BF,MIA,43.948904,19,-0.11176491,19,19.439445,17.187500,64,"2024-2025 full seasons (17 games), n=64",false,false
rbIndex,BF,MIN,32.484872,25,-0.12442982,21,14.538817,14.062500,64,"2024-2025 full seasons (17 games), n=64",false,false
rbIndex,BF,NE,39.945373,21,-0.13146186,22,12.308479,12.500000,64,"2024-2025 full seasons (17 games), n=64",false,false
rbIndex,BF,NO,37.675367,22,-0.04447990,11,59.379482,65.625000,64,"2024-2025 full seasons (17 games), n=64",false,false
rbIndex,BF,NYG,29.245207,27,-0.22138812,29,2.281335,3.125000,64,"2024-2025 full seasons (17 games), n=64",false,false
rbIndex,BF,NYJ,53.471423,15,-0.14592234,23,8.662452,7.812500,64,"2024-2025 full seasons (17 games), n=64",false,false
rbIndex,BF,PHI,34.600735,23,-0.10235758,18,23.904796,20.312500,64,"2024-2025 full seasons (17 games), n=64",false,false
rbIndex,BF,PIT,53.888365,14,-0.06232755,14,48.908489,51.562500,64,"2024-2025 full seasons (17 games), n=64",false,false
rbIndex,BF,SEA,27.793956,29,-0.24852992,30,1.469128,3.125000,64,"2024-2025 full seasons (17 games), n=64",false,false
rbIndex,BF,SF,65.917777,10,-0.05813559,13,51.559573,57.812500,64,"2024-2025 full seasons (17 games), n=64",false,false
rbIndex,BF,TB,49.449605,17,-0.03169308,10,65.408777,65.625000,64,"2024-2025 full seasons (17 games), n=64",false,false
rbIndex,BF,TEN,26.206208,30,-0.09473302,17,28.058034,21.875000,64,"2024-2025 full seasons (17 games), n=64",false,false
rbIndex,BF,WAS,42.048900,20,-0.16601492,26,5.386020,4.687500,64,"2024-2025 full seasons (17 games), n=64",false,false
rbIndex,CF,ARI,44.605264,18,-0.08123344,16,32.530365,32.812500,64,"2024-2025 full seasons (17 games), n=64",false,false
rbIndex,CF,ATL,74.630642,4,0.08187945,3,98.936509,98.437500,64,"2024-2025 full seasons (17 games), n=64",false,false
rbIndex,CF,BAL,55.742241,13,-0.04467263,12,65.004268,65.625000,64,"2024-2025 full seasons (17 games), n=64",false,false
rbIndex,CF,BUF,87.262501,1,0.11654647,1,99.720853,100.000000,64,"2024-2025 full seasons (17 games), n=64",false,true
rbIndex,CF,CAR,66.644386,9,-0.11735500,20,14.486846,14.062500,64,"2024-2025 full seasons (17 games), n=64",false,false
rbIndex,CF,CHI,73.028078,5,-0.01114877,8,71.908817,71.875000,64,"2024-2025 full seasons (17 games), n=64",false,false
rbIndex,CF,CIN,31.956049,26,-0.14763035,24,7.265175,7.812500,64,"2024-2025 full seasons (17 games), n=64",false,false
rbIndex,CF,CLE,33.264417,24,-0.21693441,28,3.505926,3.125000,64,"2024-2025 full seasons (17 games), n=64",false,false
rbIndex,CF,DAL,57.057848,12,-0.02577027,9,67.396577,67.187500,64,"2024-2025 full seasons (17 games), n=64",false,false
rbIndex,CF,DEN,61.525136,11,-0.07769374,15,37.836198,37.500000,64,"2024-2025 full seasons (17 games), n=64",false,false
rbIndex,CF,DET,78.353979,2,-0.00995000,7,72.113750,71.875000,64,"2024-2025 full seasons (17 games), n=64",false,false
rbIndex,CF,GB,15.603600,32,-0.35332244,32,0.017525,0.000000,64,"2024-2025 full seasons (17 games), n=64",true,false
rbIndex,CF,HOU,28.334227,28,-0.26859638,31,1.974746,1.562500,64,"2024-2025 full seasons (17 games), n=64",false,false
rbIndex,CF,IND,71.633432,6,0.05879818,4,97.876268,98.437500,64,"2024-2025 full seasons (17 games), n=64",false,false
rbIndex,CF,JAX,67.903112,8,0.04821383,5,96.185561,96.875000,64,"2024-2025 full seasons (17 games), n=64",false,false
rbIndex,CF,KC,76.379441,3,0.09216673,2,99.321273,100.000000,64,"2024-2025 full seasons (17 games), n=64",false,true
rbIndex,CF,LAC,52.281626,16,-0.14772228,25,7.243483,7.812500,64,"2024-2025 full seasons (17 games), n=64",false,false
rbIndex,CF,LAR,70.902459,7,-0.00772848,6,72.493524,71.875000,64,"2024-2025 full seasons (17 games), n=64",false,false
rbIndex,CF,LV,23.234525,31,-0.18599049,27,4.360998,4.687500,64,"2024-2025 full seasons (17 games), n=64",false,false
rbIndex,CF,MIA,43.948904,19,-0.11176491,19,17.398380,17.187500,64,"2024-2025 full seasons (17 games), n=64",false,false
rbIndex,CF,MIN,32.484872,25,-0.12442982,21,13.553344,14.062500,64,"2024-2025 full seasons (17 games), n=64",false,false
rbIndex,CF,NE,39.945373,21,-0.13146186,22,12.482807,12.500000,64,"2024-2025 full seasons (17 games), n=64",false,false
rbIndex,CF,NO,37.675367,22,-0.04447990,11,65.023435,65.625000,64,"2024-2025 full seasons (17 games), n=64",false,false
rbIndex,CF,NYG,29.245207,27,-0.22138812,29,3.396258,3.125000,64,"2024-2025 full seasons (17 games), n=64",false,false
rbIndex,CF,NYJ,53.471423,15,-0.14592234,23,7.668230,7.812500,64,"2024-2025 full seasons (17 games), n=64",false,false
rbIndex,CF,PHI,34.600735,23,-0.10235758,18,20.328269,20.312500,64,"2024-2025 full seasons (17 games), n=64",false,false
rbIndex,CF,PIT,53.888365,14,-0.06232755,14,51.104645,51.562500,64,"2024-2025 full seasons (17 games), n=64",false,false
rbIndex,CF,SEA,27.793956,29,-0.24852992,30,2.727920,3.125000,64,"2024-2025 full seasons (17 games), n=64",false,false
rbIndex,CF,SF,65.917777,10,-0.05813559,13,57.970605,57.812500,64,"2024-2025 full seasons (17 games), n=64",false,false
rbIndex,CF,TB,49.449605,17,-0.03169308,10,66.295012,65.625000,64,"2024-2025 full seasons (17 games), n=64",false,false
rbIndex,CF,TEN,26.206208,30,-0.09473302,17,22.495569,21.875000,64,"2024-2025 full seasons (17 games), n=64",false,false
rbIndex,CF,WAS,42.048900,20,-0.16601492,26,4.979520,4.687500,64,"2024-2025 full seasons (17 games), n=64",false,false
qbIndex,AS,ARI,36.787940,23,-0.00202860,21,33.246035,32.812500,64,"2024-2025 team-seasons, games 1-4 (stage-matched), n=64",false,false
qbIndex,AS,ATL,21.077652,29,-0.37626530,32,0.000000,0.000000,64,"2024-2025 team-seasons, games 1-3 (stage-matched), n=64",true,false
qbIndex,AS,BAL,87.174431,2,0.36088901,2,98.060114,96.875000,64,"2024-2025 team-seasons, games 1-4 (stage-matched), n=64",false,false
qbIndex,AS,BUF,73.543612,8,0.26494746,4,91.258867,90.625000,64,"2024-2025 team-seasons, games 1-4 (stage-matched), n=64",false,false
qbIndex,AS,CAR,70.184539,10,0.23002249,6,89.758424,89.062500,64,"2024-2025 team-seasons, games 1-4 (stage-matched), n=64",false,false
qbIndex,AS,CHI,72.616502,9,0.20605848,9,88.113600,87.500000,64,"2024-2025 team-seasons, games 1-4 (stage-matched), n=64",false,false
qbIndex,AS,CIN,64.907666,12,0.13464827,12,76.347826,76.562500,64,"2024-2025 team-seasons, games 1-4 (stage-matched), n=64",false,false
qbIndex,AS,CLE,52.425969,17,0.07487724,15,61.157861,60.937500,64,"2024-2025 team-seasons, games 1-4 (stage-matched), n=64",false,false
qbIndex,AS,DAL,78.984659,7,0.25878826,5,91.018130,90.625000,64,"2024-2025 team-seasons, games 1-4 (stage-matched), n=64",false,false
qbIndex,AS,DEN,39.272739,21,-0.01446812,23,30.057709,29.687500,64,"2024-2025 team-seasons, games 1-4 (stage-matched), n=64",false,false
qbIndex,AS,DET,83.197591,4,0.22237854,7,89.390207,89.062500,64,"2024-2025 team-seasons, games 1-4 (stage-matched), n=64",false,false
qbIndex,AS,GB,45.963230,19,-0.00111776,20,33.460053,34.375000,64,"2024-2025 team-seasons, games 1-4 (stage-matched), n=64",false,false
qbIndex,AS,HOU,61.620007,13,0.06542603,16,58.805643,59.375000,64,"2024-2025 team-seasons, games 1-4 (stage-matched), n=64",false,false
qbIndex,AS,IND,21.056514,30,-0.16081776,29,15.828648,15.625000,64,"2024-2025 team-seasons, games 1-4 (stage-matched), n=64",false,false
qbIndex,AS,JAX,84.977312,3,0.29678431,3,94.003308,93.750000,64,"2024-2025 team-seasons, games 1-4 (stage-matched), n=64",false,false
qbIndex,AS,KC,81.569381,5,0.21331832,8,88.953767,89.062500,64,"2024-2025 team-seasons, games 1-4 (stage-matched), n=64",false,false
qbIndex,AS,LAC,17.826830,31,-0.16318703,30,15.745267,15.625000,64,"2024-2025 team-seasons, games 1-4 (stage-matched), n=64",false,false
qbIndex,AS,LAR,56.841364,15,0.03914044,18,44.949869,45.312500,64,"2024-2025 team-seasons, games 1-4 (stage-matched), n=64",false,false
qbIndex,AS,LV,65.836393,11,0.16146051,11,77.666408,76.562500,64,"2024-2025 team-seasons, games 1-4 (stage-matched), n=64",false,false
qbIndex,AS,MIA,22.004847,27,-0.12308937,27,18.008676,18.750000,64,"2024-2025 team-seasons, games 1-4 (stage-matched), n=64",false,false
qbIndex,AS,MIN,21.928654,28,-0.07964156,24,22.317589,23.437500,64,"2024-2025 team-seasons, games 1-4 (stage-matched), n=64",false,false
qbIndex,AS,NE,52.251228,18,-0.00480855,22,32.850750,32.812500,64,"2024-2025 team-seasons, games 1-4 (stage-matched), n=64",false,false
qbIndex,AS,NO,54.364188,16,0.04131738,17,53.394227,53.125000,64,"2024-2025 team-seasons, games 1-3 (stage-matched), n=64",false,false
qbIndex,AS,NYG,43.527918,20,0.08364165,14,63.359885,62.500000,64,"2024-2025 team-seasons, games 1-4 (stage-matched), n=64",false,false
qbIndex,AS,NYJ,57.005006,14,0.10312987,13,71.341336,70.312500,64,"2024-2025 team-seasons, games 1-4 (stage-matched), n=64",false,false
qbIndex,AS,PHI,23.301182,26,-0.10400041,26,18.727364,18.750000,64,"2024-2025 team-seasons, games 1-4 (stage-matched), n=64",false,false
qbIndex,AS,PIT,27.724065,24,-0.14283918,28,17.084563,17.187500,64,"2024-2025 team-seasons, games 1-4 (stage-matched), n=64",false,false
qbIndex,AS,SEA,80.223003,6,0.19327634,10,85.336184,84.375000,64,"2024-2025 team-seasons, games 1-4 (stage-matched), n=64",false,false
qbIndex,AS,SF,92.876506,1,0.51544512,1,100.000000,100.000000,64,"2024-2025 team-seasons, games 1-4 (stage-matched), n=64",false,true
qbIndex,AS,TB,17.246115,32,-0.20515833,31,12.642187,12.500000,64,"2024-2025 team-seasons, games 1-4 (stage-matched), n=64",false,false
qbIndex,AS,TEN,27.327377,25,-0.08616565,25,20.620452,20.312500,64,"2024-2025 team-seasons, games 1-4 (stage-matched), n=64",false,false
qbIndex,AS,WAS,36.904596,22,0.03266781,19,43.311142,43.750000,64,"2024-2025 team-seasons, games 1-4 (stage-matched), n=64",false,false
qbIndex,BS,ARI,36.787940,23,-0.00202860,21,35.812545,32.812500,64,"2024-2025 team-seasons, games 1-4 (stage-matched), n=64",false,false
qbIndex,BS,ATL,21.077652,29,-0.37626530,32,0.000000,0.000000,64,"2024-2025 team-seasons, games 1-3 (stage-matched), n=64",true,false
qbIndex,BS,BAL,87.174431,2,0.36088901,2,98.844901,96.875000,64,"2024-2025 team-seasons, games 1-4 (stage-matched), n=64",false,false
qbIndex,BS,BUF,73.543612,8,0.26494746,4,92.151521,90.625000,64,"2024-2025 team-seasons, games 1-4 (stage-matched), n=64",false,false
qbIndex,BS,CAR,70.184539,10,0.23002249,6,88.821565,89.062500,64,"2024-2025 team-seasons, games 1-4 (stage-matched), n=64",false,false
qbIndex,BS,CHI,72.616502,9,0.20605848,9,85.973088,87.500000,64,"2024-2025 team-seasons, games 1-4 (stage-matched), n=64",false,false
qbIndex,BS,CIN,64.907666,12,0.13464827,12,73.889858,76.562500,64,"2024-2025 team-seasons, games 1-4 (stage-matched), n=64",false,false
qbIndex,BS,CLE,52.425969,17,0.07487724,15,58.111207,60.937500,64,"2024-2025 team-seasons, games 1-4 (stage-matched), n=64",false,false
qbIndex,BS,DAL,78.984659,7,0.25878826,5,91.621740,90.625000,64,"2024-2025 team-seasons, games 1-4 (stage-matched), n=64",false,false
qbIndex,BS,DEN,39.272739,21,-0.01446812,23,32.933941,29.687500,64,"2024-2025 team-seasons, games 1-4 (stage-matched), n=64",false,false
qbIndex,BS,DET,83.197591,4,0.22237854,7,87.969009,89.062500,64,"2024-2025 team-seasons, games 1-4 (stage-matched), n=64",false,false
qbIndex,BS,GB,45.963230,19,-0.00111776,20,36.034069,34.375000,64,"2024-2025 team-seasons, games 1-4 (stage-matched), n=64",false,false
qbIndex,BS,HOU,61.620007,13,0.06542603,16,55.218441,59.375000,64,"2024-2025 team-seasons, games 1-4 (stage-matched), n=64",false,false
qbIndex,BS,IND,21.056514,30,-0.16081776,29,13.704062,15.625000,64,"2024-2025 team-seasons, games 1-4 (stage-matched), n=64",false,false
qbIndex,BS,JAX,84.977312,3,0.29678431,3,94.634446,93.750000,64,"2024-2025 team-seasons, games 1-4 (stage-matched), n=64",false,false
qbIndex,BS,KC,81.569381,5,0.21331832,8,86.891390,89.062500,64,"2024-2025 team-seasons, games 1-4 (stage-matched), n=64",false,false
qbIndex,BS,LAC,17.826830,31,-0.16318703,30,13.502042,15.625000,64,"2024-2025 team-seasons, games 1-4 (stage-matched), n=64",false,false
qbIndex,BS,LAR,56.841364,15,0.03914044,18,47.136866,45.312500,64,"2024-2025 team-seasons, games 1-4 (stage-matched), n=64",false,false
qbIndex,BS,LV,65.836393,11,0.16146051,11,79.157033,76.562500,64,"2024-2025 team-seasons, games 1-4 (stage-matched), n=64",false,false
qbIndex,BS,MIA,22.004847,27,-0.12308937,27,17.041907,18.750000,64,"2024-2025 team-seasons, games 1-4 (stage-matched), n=64",false,false
qbIndex,BS,MIN,21.928654,28,-0.07964156,24,21.822159,23.437500,64,"2024-2025 team-seasons, games 1-4 (stage-matched), n=64",false,false
qbIndex,BS,NE,52.251228,18,-0.00480855,22,35.145489,32.812500,64,"2024-2025 team-seasons, games 1-4 (stage-matched), n=64",false,false
qbIndex,BS,NO,54.364188,16,0.04131738,17,52.986314,53.125000,64,"2024-2025 team-seasons, games 1-3 (stage-matched), n=64",false,false
qbIndex,BS,NYG,43.527918,20,0.08364165,14,60.735162,62.500000,64,"2024-2025 team-seasons, games 1-4 (stage-matched), n=64",false,false
qbIndex,BS,NYJ,57.005006,14,0.10312987,13,66.243912,70.312500,64,"2024-2025 team-seasons, games 1-4 (stage-matched), n=64",false,false
qbIndex,BS,PHI,23.301182,26,-0.10400041,26,18.961451,18.750000,64,"2024-2025 team-seasons, games 1-4 (stage-matched), n=64",false,false
qbIndex,BS,PIT,27.724065,24,-0.14283918,28,15.250859,17.187500,64,"2024-2025 team-seasons, games 1-4 (stage-matched), n=64",false,false
qbIndex,BS,SEA,80.223003,6,0.19327634,10,84.232798,84.375000,64,"2024-2025 team-seasons, games 1-4 (stage-matched), n=64",false,false
qbIndex,BS,SF,92.876506,1,0.51544512,1,100.000000,100.000000,64,"2024-2025 team-seasons, games 1-4 (stage-matched), n=64",false,true
qbIndex,BS,TB,17.246115,32,-0.20515833,31,9.844116,12.500000,64,"2024-2025 team-seasons, games 1-4 (stage-matched), n=64",false,false
qbIndex,BS,TEN,27.327377,25,-0.08616565,25,21.002595,20.312500,64,"2024-2025 team-seasons, games 1-4 (stage-matched), n=64",false,false
qbIndex,BS,WAS,36.904596,22,0.03266781,19,45.205583,43.750000,64,"2024-2025 team-seasons, games 1-4 (stage-matched), n=64",false,false
qbIndex,CS,ARI,36.787940,23,-0.00202860,21,33.507816,32.812500,64,"2024-2025 team-seasons, games 1-4 (stage-matched), n=64",false,false
qbIndex,CS,ATL,21.077652,29,-0.37626530,32,0.406404,0.000000,64,"2024-2025 team-seasons, games 1-3 (stage-matched), n=64",true,false
qbIndex,CS,BAL,87.174431,2,0.36088901,2,97.309175,96.875000,64,"2024-2025 team-seasons, games 1-4 (stage-matched), n=64",false,false
qbIndex,CS,BUF,73.543612,8,0.26494746,4,90.614198,90.625000,64,"2024-2025 team-seasons, games 1-4 (stage-matched), n=64",false,false
qbIndex,CS,CAR,70.184539,10,0.23002249,6,89.137198,89.062500,64,"2024-2025 team-seasons, games 1-4 (stage-matched), n=64",false,false
qbIndex,CS,CHI,72.616502,9,0.20605848,9,87.518075,87.500000,64,"2024-2025 team-seasons, games 1-4 (stage-matched), n=64",false,false
qbIndex,CS,CIN,64.907666,12,0.13464827,12,75.936141,76.562500,64,"2024-2025 team-seasons, games 1-4 (stage-matched), n=64",false,false
qbIndex,CS,CLE,52.425969,17,0.07487724,15,60.983520,60.937500,64,"2024-2025 team-seasons, games 1-4 (stage-matched), n=64",false,false
qbIndex,CS,DAL,78.984659,7,0.25878826,5,90.377222,90.625000,64,"2024-2025 team-seasons, games 1-4 (stage-matched), n=64",false,false
qbIndex,CS,DEN,39.272739,21,-0.01446812,23,30.369307,29.687500,64,"2024-2025 team-seasons, games 1-4 (stage-matched), n=64",false,false
qbIndex,CS,DET,83.197591,4,0.22237854,7,88.774735,89.062500,64,"2024-2025 team-seasons, games 1-4 (stage-matched), n=64",false,false
qbIndex,CS,GB,45.963230,19,-0.00111776,20,33.718490,34.375000,64,"2024-2025 team-seasons, games 1-4 (stage-matched), n=64",false,false
qbIndex,CS,HOU,61.620007,13,0.06542603,16,58.668055,59.375000,64,"2024-2025 team-seasons, games 1-4 (stage-matched), n=64",false,false
qbIndex,CS,IND,21.056514,30,-0.16081776,29,16.362575,15.625000,64,"2024-2025 team-seasons, games 1-4 (stage-matched), n=64",false,false
qbIndex,CS,JAX,84.977312,3,0.29678431,3,93.315756,93.750000,64,"2024-2025 team-seasons, games 1-4 (stage-matched), n=64",false,false
qbIndex,CS,KC,81.569381,5,0.21331832,8,88.345115,89.062500,64,"2024-2025 team-seasons, games 1-4 (stage-matched), n=64",false,false
qbIndex,CS,LAC,17.826830,31,-0.16318703,30,16.280497,15.625000,64,"2024-2025 team-seasons, games 1-4 (stage-matched), n=64",false,false
qbIndex,CS,LAR,56.841364,15,0.03914044,18,45.028777,45.312500,64,"2024-2025 team-seasons, games 1-4 (stage-matched), n=64",false,false
qbIndex,CS,LV,65.836393,11,0.16146051,11,77.234120,76.562500,64,"2024-2025 team-seasons, games 1-4 (stage-matched), n=64",false,false
qbIndex,CS,MIA,22.004847,27,-0.12308937,27,18.508540,18.750000,64,"2024-2025 team-seasons, games 1-4 (stage-matched), n=64",false,false
qbIndex,CS,MIN,21.928654,28,-0.07964156,24,22.750126,23.437500,64,"2024-2025 team-seasons, games 1-4 (stage-matched), n=64",false,false
qbIndex,CS,NE,52.251228,18,-0.00480855,22,33.118707,32.812500,64,"2024-2025 team-seasons, games 1-4 (stage-matched), n=64",false,false
qbIndex,CS,NO,54.364188,16,0.04131738,17,53.341192,53.125000,64,"2024-2025 team-seasons, games 1-3 (stage-matched), n=64",false,false
qbIndex,CS,NYG,43.527918,20,0.08364165,14,63.151137,62.500000,64,"2024-2025 team-seasons, games 1-4 (stage-matched), n=64",false,false
qbIndex,CS,NYJ,57.005006,14,0.10312987,13,71.007878,70.312500,64,"2024-2025 team-seasons, games 1-4 (stage-matched), n=64",false,false
qbIndex,CS,PHI,23.301182,26,-0.10400041,26,19.215999,18.750000,64,"2024-2025 team-seasons, games 1-4 (stage-matched), n=64",false,false
qbIndex,CS,PIT,27.724065,24,-0.14283918,28,17.598867,17.187500,64,"2024-2025 team-seasons, games 1-4 (stage-matched), n=64",false,false
qbIndex,CS,SEA,80.223003,6,0.19327634,10,84.784056,84.375000,64,"2024-2025 team-seasons, games 1-4 (stage-matched), n=64",false,false
qbIndex,CS,SF,92.876506,1,0.51544512,1,99.905802,100.000000,64,"2024-2025 team-seasons, games 1-4 (stage-matched), n=64",false,true
qbIndex,CS,TB,17.246115,32,-0.20515833,31,13.225903,12.500000,64,"2024-2025 team-seasons, games 1-4 (stage-matched), n=64",false,false
qbIndex,CS,TEN,27.327377,25,-0.08616565,25,21.079508,20.312500,64,"2024-2025 team-seasons, games 1-4 (stage-matched), n=64",false,false
qbIndex,CS,WAS,36.904596,22,0.03266781,19,43.415655,43.750000,64,"2024-2025 team-seasons, games 1-4 (stage-matched), n=64",false,false
qbIndex,AC,ARI,36.787940,23,-0.00202860,21,37.730462,37.723214,896,"2024-2025 every 4-game window at any stage, n=896",false,false
qbIndex,AC,ATL,21.077652,29,-0.37626530,32,1.312462,1.354167,960,"2024-2025 every 3-game window at any stage, n=960",false,false
qbIndex,AC,BAL,87.174431,2,0.36088901,2,96.272424,96.205357,896,"2024-2025 every 4-game window at any stage, n=896",false,false
qbIndex,AC,BUF,73.543612,8,0.26494746,4,88.496462,88.504464,896,"2024-2025 every 4-game window at any stage, n=896",false,false
qbIndex,AC,CAR,70.184539,10,0.23002249,6,84.188018,84.151786,896,"2024-2025 every 4-game window at any stage, n=896",false,false
qbIndex,AC,CHI,72.616502,9,0.20605848,9,80.995194,80.915179,896,"2024-2025 every 4-game window at any stage, n=896",false,false
qbIndex,AC,CIN,64.907666,12,0.13464827,12,67.541262,67.522321,896,"2024-2025 every 4-game window at any stage, n=896",false,false
qbIndex,AC,CLE,52.425969,17,0.07487724,15,53.902383,53.906250,896,"2024-2025 every 4-game window at any stage, n=896",false,false
qbIndex,AC,DAL,78.984659,7,0.25878826,5,87.860875,87.834821,896,"2024-2025 every 4-game window at any stage, n=896",false,false
qbIndex,AC,DEN,39.272739,21,-0.01446812,23,34.533348,34.598214,896,"2024-2025 every 4-game window at any stage, n=896",false,false
qbIndex,AC,DET,83.197591,4,0.22237854,7,83.184162,83.147321,896,"2024-2025 every 4-game window at any stage, n=896",false,false
qbIndex,AC,GB,45.963230,19,-0.00111776,20,38.310553,38.281250,896,"2024-2025 every 4-game window at any stage, n=896",false,false
qbIndex,AC,HOU,61.620007,13,0.06542603,16,51.987984,52.008929,896,"2024-2025 every 4-game window at any stage, n=896",false,false
qbIndex,AC,IND,21.056514,30,-0.16081776,29,13.344146,13.392857,896,"2024-2025 every 4-game window at any stage, n=896",false,false
qbIndex,AC,JAX,84.977312,3,0.29678431,3,91.936441,91.852679,896,"2024-2025 every 4-game window at any stage, n=896",false,false
qbIndex,AC,KC,81.569381,5,0.21331832,8,82.279434,82.254464,896,"2024-2025 every 4-game window at any stage, n=896",false,false
qbIndex,AC,LAC,17.826830,31,-0.16318703,30,13.140530,13.169643,896,"2024-2025 every 4-game window at any stage, n=896",false,false
qbIndex,AC,LAR,56.841364,15,0.03914044,18,46.273941,46.316964,896,"2024-2025 every 4-game window at any stage, n=896",false,false
qbIndex,AC,LV,65.836393,11,0.16146051,11,73.131564,73.102679,896,"2024-2025 every 4-game window at any stage, n=896",false,false
qbIndex,AC,MIA,22.004847,27,-0.12308937,27,17.394457,17.410714,896,"2024-2025 every 4-game window at any stage, n=896",false,false
qbIndex,AC,MIN,21.928654,28,-0.07964156,24,23.597212,23.660714,896,"2024-2025 every 4-game window at any stage, n=896",false,false
qbIndex,AC,NE,52.251228,18,-0.00480855,22,37.181246,37.165179,896,"2024-2025 every 4-game window at any stage, n=896",false,false
qbIndex,AC,NO,54.364188,16,0.04131738,17,47.603650,47.604167,960,"2024-2025 every 3-game window at any stage, n=960",false,false
qbIndex,AC,NYG,43.527918,20,0.08364165,14,55.898634,55.915179,896,"2024-2025 every 4-game window at any stage, n=896",false,false
qbIndex,AC,NYJ,57.005006,14,0.10312987,13,60.925635,60.937500,896,"2024-2025 every 4-game window at any stage, n=896",false,false
qbIndex,AC,PHI,23.301182,26,-0.10400041,26,19.922128,19.977679,896,"2024-2025 every 4-game window at any stage, n=896",false,false
qbIndex,AC,PIT,27.724065,24,-0.14283918,28,14.800238,14.843750,896,"2024-2025 every 4-game window at any stage, n=896",false,false
qbIndex,AC,SEA,80.223003,6,0.19327634,10,78.757488,78.683036,896,"2024-2025 every 4-game window at any stage, n=896",false,false
qbIndex,AC,SF,92.876506,1,0.51544512,1,99.983357,99.888393,896,"2024-2025 every 4-game window at any stage, n=896",false,false
qbIndex,AC,TB,17.246115,32,-0.20515833,31,8.772697,8.816964,896,"2024-2025 every 4-game window at any stage, n=896",false,false
qbIndex,AC,TEN,27.327377,25,-0.08616565,25,22.888581,22.879464,896,"2024-2025 every 4-game window at any stage, n=896",false,false
qbIndex,AC,WAS,36.904596,22,0.03266781,19,45.259866,45.312500,896,"2024-2025 every 4-game window at any stage, n=896",false,false
qbIndex,BC,ARI,36.787940,23,-0.00202860,21,37.981279,37.723214,896,"2024-2025 every 4-game window at any stage, n=896",false,false
qbIndex,BC,ATL,21.077652,29,-0.37626530,32,1.759955,1.354167,960,"2024-2025 every 3-game window at any stage, n=960",false,false
qbIndex,BC,BAL,87.174431,2,0.36088901,2,95.897146,96.205357,896,"2024-2025 every 4-game window at any stage, n=896",false,false
qbIndex,BC,BUF,73.543612,8,0.26494746,4,88.066731,88.504464,896,"2024-2025 every 4-game window at any stage, n=896",false,false
qbIndex,BC,CAR,70.184539,10,0.23002249,6,83.712847,84.151786,896,"2024-2025 every 4-game window at any stage, n=896",false,false
qbIndex,BC,CHI,72.616502,9,0.20605848,9,80.208864,80.915179,896,"2024-2025 every 4-game window at any stage, n=896",false,false
qbIndex,BC,CIN,64.907666,12,0.13464827,12,67.290131,67.522321,896,"2024-2025 every 4-game window at any stage, n=896",false,false
qbIndex,BC,CLE,52.425969,17,0.07487724,15,54.347479,53.906250,896,"2024-2025 every 4-game window at any stage, n=896",false,false
qbIndex,BC,DAL,78.984659,7,0.25878826,5,87.361774,87.834821,896,"2024-2025 every 4-game window at any stage, n=896",false,false
qbIndex,BC,DEN,39.272739,21,-0.01446812,23,35.523008,34.598214,896,"2024-2025 every 4-game window at any stage, n=896",false,false
qbIndex,BC,DET,83.197591,4,0.22237854,7,82.641696,83.147321,896,"2024-2025 every 4-game window at any stage, n=896",false,false
qbIndex,BC,GB,45.963230,19,-0.00111776,20,38.164125,38.281250,896,"2024-2025 every 4-game window at any stage, n=896",false,false
qbIndex,BC,HOU,61.620007,13,0.06542603,16,52.262608,52.008929,896,"2024-2025 every 4-game window at any stage, n=896",false,false
qbIndex,BC,IND,21.056514,30,-0.16081776,29,13.600884,13.392857,896,"2024-2025 every 4-game window at any stage, n=896",false,false
qbIndex,BC,JAX,84.977312,3,0.29678431,3,91.298820,91.852679,896,"2024-2025 every 4-game window at any stage, n=896",false,false
qbIndex,BC,KC,81.569381,5,0.21331832,8,81.315683,82.254464,896,"2024-2025 every 4-game window at any stage, n=896",false,false
qbIndex,BC,LAC,17.826830,31,-0.16318703,30,13.350933,13.169643,896,"2024-2025 every 4-game window at any stage, n=896",false,false
qbIndex,BC,LAR,56.841364,15,0.03914044,18,46.547943,46.316964,896,"2024-2025 every 4-game window at any stage, n=896",false,false
qbIndex,BC,LV,65.836393,11,0.16146051,11,72.558970,73.102679,896,"2024-2025 every 4-game window at any stage, n=896",false,false
qbIndex,BC,MIA,22.004847,27,-0.12308937,27,17.984705,17.410714,896,"2024-2025 every 4-game window at any stage, n=896",false,false
qbIndex,BC,MIN,21.928654,28,-0.07964156,24,24.114957,23.660714,896,"2024-2025 every 4-game window at any stage, n=896",false,false
qbIndex,BC,NE,52.251228,18,-0.00480855,22,37.425513,37.165179,896,"2024-2025 every 4-game window at any stage, n=896",false,false
qbIndex,BC,NO,54.364188,16,0.04131738,17,47.703059,47.604167,960,"2024-2025 every 3-game window at any stage, n=960",false,false
qbIndex,BC,NYG,43.527918,20,0.08364165,14,56.286935,55.915179,896,"2024-2025 every 4-game window at any stage, n=896",false,false
qbIndex,BC,NYJ,57.005006,14,0.10312987,13,60.583599,60.937500,896,"2024-2025 every 4-game window at any stage, n=896",false,false
qbIndex,BC,PHI,23.301182,26,-0.10400041,26,20.530852,19.977679,896,"2024-2025 every 4-game window at any stage, n=896",false,false
qbIndex,BC,PIT,27.724065,24,-0.14283918,28,15.589685,14.843750,896,"2024-2025 every 4-game window at any stage, n=896",false,false
qbIndex,BC,SEA,80.223003,6,0.19327634,10,78.164701,78.683036,896,"2024-2025 every 4-game window at any stage, n=896",false,false
qbIndex,BC,SF,92.876506,1,0.51544512,1,99.971571,99.888393,896,"2024-2025 every 4-game window at any stage, n=896",false,false
qbIndex,BC,TB,17.246115,32,-0.20515833,31,9.335550,8.816964,896,"2024-2025 every 4-game window at any stage, n=896",false,false
qbIndex,BC,TEN,27.327377,25,-0.08616565,25,23.118630,22.879464,896,"2024-2025 every 4-game window at any stage, n=896",false,false
qbIndex,BC,WAS,36.904596,22,0.03266781,19,45.165985,45.312500,896,"2024-2025 every 4-game window at any stage, n=896",false,false
qbIndex,CC,ARI,36.787940,23,-0.00202860,21,37.744155,37.723214,896,"2024-2025 every 4-game window at any stage, n=896",false,false
qbIndex,CC,ATL,21.077652,29,-0.37626530,32,1.363178,1.354167,960,"2024-2025 every 3-game window at any stage, n=960",false,false
qbIndex,CC,BAL,87.174431,2,0.36088901,2,96.220781,96.205357,896,"2024-2025 every 4-game window at any stage, n=896",false,false
qbIndex,CC,BUF,73.543612,8,0.26494746,4,88.453497,88.504464,896,"2024-2025 every 4-game window at any stage, n=896",false,false
qbIndex,CC,CAR,70.184539,10,0.23002249,6,84.149862,84.151786,896,"2024-2025 every 4-game window at any stage, n=896",false,false
qbIndex,CC,CHI,72.616502,9,0.20605848,9,80.960601,80.915179,896,"2024-2025 every 4-game window at any stage, n=896",false,false
qbIndex,CC,CIN,64.907666,12,0.13464827,12,67.521685,67.522321,896,"2024-2025 every 4-game window at any stage, n=896",false,false
qbIndex,CC,CLE,52.425969,17,0.07487724,15,53.898028,53.906250,896,"2024-2025 every 4-game window at any stage, n=896",false,false
qbIndex,CC,DAL,78.984659,7,0.25878826,5,87.818620,87.834821,896,"2024-2025 every 4-game window at any stage, n=896",false,false
qbIndex,CC,DEN,39.272739,21,-0.01446812,23,34.550609,34.598214,896,"2024-2025 every 4-game window at any stage, n=896",false,false
qbIndex,CC,DET,83.197591,4,0.22237854,7,83.147126,83.147321,896,"2024-2025 every 4-game window at any stage, n=896",false,false
qbIndex,CC,GB,45.963230,19,-0.00111776,20,38.323599,38.281250,896,"2024-2025 every 4-game window at any stage, n=896",false,false
qbIndex,CC,HOU,61.620007,13,0.06542603,16,51.985765,52.008929,896,"2024-2025 every 4-game window at any stage, n=896",false,false
qbIndex,CC,IND,21.056514,30,-0.16081776,29,13.385056,13.392857,896,"2024-2025 every 4-game window at any stage, n=896",false,false
qbIndex,CC,JAX,84.977312,3,0.29678431,3,91.889637,91.852679,896,"2024-2025 every 4-game window at any stage, n=896",false,false
qbIndex,CC,KC,81.569381,5,0.21331832,8,82.243407,82.254464,896,"2024-2025 every 4-game window at any stage, n=896",false,false
qbIndex,CC,LAC,17.826830,31,-0.16318703,30,13.181668,13.169643,896,"2024-2025 every 4-game window at any stage, n=896",false,false
qbIndex,CC,LAR,56.841364,15,0.03914044,18,46.278099,46.316964,896,"2024-2025 every 4-game window at any stage, n=896",false,false
qbIndex,CC,LV,65.836393,11,0.16146051,11,73.105747,73.102679,896,"2024-2025 every 4-game window at any stage, n=896",false,false
qbIndex,CC,MIA,22.004847,27,-0.12308937,27,17.430847,17.410714,896,"2024-2025 every 4-game window at any stage, n=896",false,false
qbIndex,CC,MIN,21.928654,28,-0.07964156,24,23.626680,23.660714,896,"2024-2025 every 4-game window at any stage, n=896",false,false
qbIndex,CC,NE,52.251228,18,-0.00480855,22,37.195553,37.165179,896,"2024-2025 every 4-game window at any stage, n=896",false,false
qbIndex,CC,NO,54.364188,16,0.04131738,17,47.606146,47.604167,960,"2024-2025 every 3-game window at any stage, n=960",false,false
qbIndex,CC,NYG,43.527918,20,0.08364165,14,55.892051,55.915179,896,"2024-2025 every 4-game window at any stage, n=896",false,false
qbIndex,CC,NYJ,57.005006,14,0.10312987,13,60.913441,60.937500,896,"2024-2025 every 4-game window at any stage, n=896",false,false
qbIndex,CC,PHI,23.301182,26,-0.10400041,26,19.955697,19.977679,896,"2024-2025 every 4-game window at any stage, n=896",false,false
qbIndex,CC,PIT,27.724065,24,-0.14283918,28,14.839523,14.843750,896,"2024-2025 every 4-game window at any stage, n=896",false,false
qbIndex,CC,SEA,80.223003,6,0.19327634,10,78.725392,78.683036,896,"2024-2025 every 4-game window at any stage, n=896",false,false
qbIndex,CC,SF,92.876506,1,0.51544512,1,99.927572,99.888393,896,"2024-2025 every 4-game window at any stage, n=896",false,false
qbIndex,CC,TB,17.246115,32,-0.20515833,31,8.818710,8.816964,896,"2024-2025 every 4-game window at any stage, n=896",false,false
qbIndex,CC,TEN,27.327377,25,-0.08616565,25,22.918839,22.879464,896,"2024-2025 every 4-game window at any stage, n=896",false,false
qbIndex,CC,WAS,36.904596,22,0.03266781,19,45.265156,45.312500,896,"2024-2025 every 4-game window at any stage, n=896",false,false
qbIndex,AF,ARI,36.787940,23,-0.00202860,21,32.617463,32.812500,64,"2024-2025 full seasons (17 games), n=64",false,false
qbIndex,AF,ATL,21.077652,29,-0.37626530,32,0.000000,0.000000,64,"2024-2025 full seasons (17 games), n=64",true,false
qbIndex,AF,BAL,87.174431,2,0.36088901,2,100.000000,100.000000,64,"2024-2025 full seasons (17 games), n=64",false,true
qbIndex,AF,BUF,73.543612,8,0.26494746,4,94.418993,93.750000,64,"2024-2025 full seasons (17 games), n=64",false,false
qbIndex,AF,CAR,70.184539,10,0.23002249,6,92.550848,92.187500,64,"2024-2025 full seasons (17 games), n=64",false,false
qbIndex,AF,CHI,72.616502,9,0.20605848,9,90.915401,90.625000,64,"2024-2025 full seasons (17 games), n=64",false,false
qbIndex,AF,CIN,64.907666,12,0.13464827,12,74.405864,73.437500,64,"2024-2025 full seasons (17 games), n=64",false,false
qbIndex,AF,CLE,52.425969,17,0.07487724,15,56.913213,56.250000,64,"2024-2025 full seasons (17 games), n=64",false,false
qbIndex,AF,DAL,78.984659,7,0.25878826,5,94.118862,93.750000,64,"2024-2025 full seasons (17 games), n=64",false,false
qbIndex,AF,DEN,39.272739,21,-0.01446812,23,29.728847,29.687500,64,"2024-2025 full seasons (17 games), n=64",false,false
qbIndex,AF,DET,83.197591,4,0.22237854,7,92.112024,92.187500,64,"2024-2025 full seasons (17 games), n=64",false,false
qbIndex,AF,GB,45.963230,19,-0.00111776,20,32.994439,32.812500,64,"2024-2025 full seasons (17 games), n=64",false,false
qbIndex,AF,HOU,61.620007,13,0.06542603,16,53.396701,53.125000,64,"2024-2025 full seasons (17 games), n=64",false,false
qbIndex,AF,IND,21.056514,30,-0.16081776,29,6.192497,6.250000,64,"2024-2025 full seasons (17 games), n=64",false,false
qbIndex,AF,JAX,84.977312,3,0.29678431,3,100.000000,100.000000,64,"2024-2025 full seasons (17 games), n=64",false,true
qbIndex,AF,KC,81.569381,5,0.21331832,8,91.454021,90.625000,64,"2024-2025 full seasons (17 games), n=64",false,false
qbIndex,AF,LAC,17.826830,31,-0.16318703,30,6.012929,6.250000,64,"2024-2025 full seasons (17 games), n=64",false,false
qbIndex,AF,LAR,56.841364,15,0.03914044,18,48.303850,48.437500,64,"2024-2025 full seasons (17 games), n=64",false,false
qbIndex,AF,LV,65.836393,11,0.16146051,11,81.528788,81.250000,64,"2024-2025 full seasons (17 games), n=64",false,false
qbIndex,AF,MIA,22.004847,27,-0.12308937,27,10.232734,10.937500,64,"2024-2025 full seasons (17 games), n=64",false,false
qbIndex,AF,MIN,21.928654,28,-0.07964156,24,15.222960,15.625000,64,"2024-2025 full seasons (17 games), n=64",false,false
qbIndex,AF,NE,52.251228,18,-0.00480855,22,31.545930,31.250000,64,"2024-2025 full seasons (17 games), n=64",false,false
qbIndex,AF,NO,54.364188,16,0.04131738,17,48.961408,48.437500,64,"2024-2025 full seasons (17 games), n=64",false,false
qbIndex,AF,NYG,43.527918,20,0.08364165,14,61.830712,60.937500,64,"2024-2025 full seasons (17 games), n=64",false,false
qbIndex,AF,NYJ,57.005006,14,0.10312987,13,72.048475,71.875000,64,"2024-2025 full seasons (17 games), n=64",false,false
qbIndex,AF,PHI,23.301182,26,-0.10400041,26,12.318493,12.500000,64,"2024-2025 full seasons (17 games), n=64",false,false
qbIndex,AF,PIT,27.724065,24,-0.14283918,28,7.737593,7.812500,64,"2024-2025 full seasons (17 games), n=64",false,false
qbIndex,AF,SEA,80.223003,6,0.19327634,10,88.750398,87.500000,64,"2024-2025 full seasons (17 games), n=64",false,false
qbIndex,AF,SF,92.876506,1,0.51544512,1,100.000000,100.000000,64,"2024-2025 full seasons (17 games), n=64",false,true
qbIndex,AF,TB,17.246115,32,-0.20515833,31,1.472186,1.562500,64,"2024-2025 full seasons (17 games), n=64",false,false
qbIndex,AF,TEN,27.327377,25,-0.08616565,25,14.312823,15.625000,64,"2024-2025 full seasons (17 games), n=64",false,false
qbIndex,AF,WAS,36.904596,22,0.03266781,19,45.550231,45.312500,64,"2024-2025 full seasons (17 games), n=64",false,false
qbIndex,BF,ARI,36.787940,23,-0.00202860,21,35.879644,32.812500,64,"2024-2025 full seasons (17 games), n=64",false,false
qbIndex,BF,ATL,21.077652,29,-0.37626530,32,0.000000,0.000000,64,"2024-2025 full seasons (17 games), n=64",true,false
qbIndex,BF,BAL,87.174431,2,0.36088901,2,100.000000,100.000000,64,"2024-2025 full seasons (17 games), n=64",false,true
qbIndex,BF,BUF,73.543612,8,0.26494746,4,97.384255,93.750000,64,"2024-2025 full seasons (17 games), n=64",false,false
qbIndex,BF,CAR,70.184539,10,0.23002249,6,93.591637,92.187500,64,"2024-2025 full seasons (17 games), n=64",false,false
qbIndex,BF,CHI,72.616502,9,0.20605848,9,90.326360,90.625000,64,"2024-2025 full seasons (17 games), n=64",false,false
qbIndex,BF,CIN,64.907666,12,0.13464827,12,76.404130,73.437500,64,"2024-2025 full seasons (17 games), n=64",false,false
qbIndex,BF,CLE,52.425969,17,0.07487724,15,59.696984,56.250000,64,"2024-2025 full seasons (17 games), n=64",false,false
qbIndex,BF,DAL,78.984659,7,0.25878826,5,96.784940,93.750000,64,"2024-2025 full seasons (17 games), n=64",false,false
qbIndex,BF,DEN,39.272739,21,-0.01446812,23,32.382088,29.687500,64,"2024-2025 full seasons (17 games), n=64",false,false
qbIndex,BF,DET,83.197591,4,0.22237854,7,92.617269,92.187500,64,"2024-2025 full seasons (17 games), n=64",false,false
qbIndex,BF,GB,45.963230,19,-0.00111776,20,36.142342,32.812500,64,"2024-2025 full seasons (17 games), n=64",false,false
qbIndex,BF,HOU,61.620007,13,0.06542603,16,56.743829,53.125000,64,"2024-2025 full seasons (17 games), n=64",false,false
qbIndex,BF,IND,21.056514,30,-0.16081776,29,6.243576,6.250000,64,"2024-2025 full seasons (17 games), n=64",false,false
qbIndex,BF,JAX,84.977312,3,0.29678431,3,100.000000,100.000000,64,"2024-2025 full seasons (17 games), n=64",false,true
qbIndex,BF,KC,81.569381,5,0.21331832,8,91.382542,90.625000,64,"2024-2025 full seasons (17 games), n=64",false,false
qbIndex,BF,LAC,17.826830,31,-0.16318703,30,6.003277,6.250000,64,"2024-2025 full seasons (17 games), n=64",false,false
qbIndex,BF,LAR,56.841364,15,0.03914044,18,48.417689,48.437500,64,"2024-2025 full seasons (17 games), n=64",false,false
qbIndex,BF,LV,65.836393,11,0.16146051,11,82.407787,81.250000,64,"2024-2025 full seasons (17 games), n=64",false,false
qbIndex,BF,MIA,22.004847,27,-0.12308937,27,10.642697,10.937500,64,"2024-2025 full seasons (17 games), n=64",false,false
qbIndex,BF,MIN,21.928654,28,-0.07964156,24,17.423926,15.625000,64,"2024-2025 full seasons (17 games), n=64",false,false
qbIndex,BF,NE,52.251228,18,-0.00480855,22,35.083209,31.250000,64,"2024-2025 full seasons (17 games), n=64",false,false
qbIndex,BF,NO,54.364188,16,0.04131738,17,49.106101,48.437500,64,"2024-2025 full seasons (17 games), n=64",false,false
qbIndex,BF,NYG,43.527918,20,0.08364165,14,62.385902,60.937500,64,"2024-2025 full seasons (17 games), n=64",false,false
qbIndex,BF,NYJ,57.005006,14,0.10312987,13,68.114269,71.875000,64,"2024-2025 full seasons (17 games), n=64",false,false
qbIndex,BF,PHI,23.301182,26,-0.10400041,26,13.352605,12.500000,64,"2024-2025 full seasons (17 games), n=64",false,false
qbIndex,BF,PIT,27.724065,24,-0.14283918,28,8.199702,7.812500,64,"2024-2025 full seasons (17 games), n=64",false,false
qbIndex,BF,SEA,80.223003,6,0.19327634,10,88.313458,87.500000,64,"2024-2025 full seasons (17 games), n=64",false,false
qbIndex,BF,SF,92.876506,1,0.51544512,1,100.000000,100.000000,64,"2024-2025 full seasons (17 games), n=64",false,true
qbIndex,BF,TB,17.246115,32,-0.20515833,31,2.408856,1.562500,64,"2024-2025 full seasons (17 games), n=64",false,false
qbIndex,BF,TEN,27.327377,25,-0.08616565,25,16.258715,15.625000,64,"2024-2025 full seasons (17 games), n=64",false,false
qbIndex,BF,WAS,36.904596,22,0.03266781,19,46.379370,45.312500,64,"2024-2025 full seasons (17 games), n=64",false,false
qbIndex,CF,ARI,36.787940,23,-0.00202860,21,32.889065,32.812500,64,"2024-2025 full seasons (17 games), n=64",false,false
qbIndex,CF,ATL,21.077652,29,-0.37626530,32,0.035902,0.000000,64,"2024-2025 full seasons (17 games), n=64",true,false
qbIndex,CF,BAL,87.174431,2,0.36088901,2,99.787927,100.000000,64,"2024-2025 full seasons (17 games), n=64",false,true
qbIndex,CF,BUF,73.543612,8,0.26494746,4,93.724946,93.750000,64,"2024-2025 full seasons (17 games), n=64",false,false
qbIndex,CF,CAR,70.184539,10,0.23002249,6,91.885991,92.187500,64,"2024-2025 full seasons (17 games), n=64",false,false
qbIndex,CF,CHI,72.616502,9,0.20605848,9,90.276097,90.625000,64,"2024-2025 full seasons (17 games), n=64",false,false
qbIndex,CF,CIN,64.907666,12,0.13464827,12,74.024523,73.437500,64,"2024-2025 full seasons (17 games), n=64",false,false
qbIndex,CF,CLE,52.425969,17,0.07487724,15,56.805194,56.250000,64,"2024-2025 full seasons (17 games), n=64",false,false
qbIndex,CF,DAL,78.984659,7,0.25878826,5,93.429505,93.750000,64,"2024-2025 full seasons (17 games), n=64",false,false
qbIndex,CF,DEN,39.272739,21,-0.01446812,23,30.045584,29.687500,64,"2024-2025 full seasons (17 games), n=64",false,false
qbIndex,CF,DET,83.197591,4,0.22237854,7,91.454024,92.187500,64,"2024-2025 full seasons (17 games), n=64",false,false
qbIndex,CF,GB,45.963230,19,-0.00111776,20,33.260151,32.812500,64,"2024-2025 full seasons (17 games), n=64",false,false
qbIndex,CF,HOU,61.620007,13,0.06542603,16,53.343627,53.125000,64,"2024-2025 full seasons (17 games), n=64",false,false
qbIndex,CF,IND,21.056514,30,-0.16081776,29,6.876989,6.250000,64,"2024-2025 full seasons (17 games), n=64",false,false
qbIndex,CF,JAX,84.977312,3,0.29678431,3,99.227579,100.000000,64,"2024-2025 full seasons (17 games), n=64",false,true
qbIndex,CF,KC,81.569381,5,0.21331832,8,90.806301,90.625000,64,"2024-2025 full seasons (17 games), n=64",false,false
qbIndex,CF,LAC,17.826830,31,-0.16318703,30,6.700227,6.250000,64,"2024-2025 full seasons (17 games), n=64",false,false
qbIndex,CF,LAR,56.841364,15,0.03914044,18,48.330352,48.437500,64,"2024-2025 full seasons (17 games), n=64",false,false
qbIndex,CF,LV,65.836393,11,0.16146051,11,81.036150,81.250000,64,"2024-2025 full seasons (17 games), n=64",false,false
qbIndex,CF,MIA,22.004847,27,-0.12308937,27,10.854098,10.937500,64,"2024-2025 full seasons (17 games), n=64",false,false
qbIndex,CF,MIN,21.928654,28,-0.07964156,24,15.766352,15.625000,64,"2024-2025 full seasons (17 games), n=64",false,false
qbIndex,CF,NE,52.251228,18,-0.00480855,22,31.834275,31.250000,64,"2024-2025 full seasons (17 games), n=64",false,false
qbIndex,CF,NO,54.364188,16,0.04131738,17,48.977636,48.437500,64,"2024-2025 full seasons (17 games), n=64",false,false
qbIndex,CF,NYG,43.527918,20,0.08364165,14,61.645857,60.937500,64,"2024-2025 full seasons (17 games), n=64",false,false
qbIndex,CF,NYJ,57.005006,14,0.10312987,13,71.703967,71.875000,64,"2024-2025 full seasons (17 games), n=64",false,false
qbIndex,CF,PHI,23.301182,26,-0.10400041,26,12.907266,12.500000,64,"2024-2025 full seasons (17 games), n=64",false,false
qbIndex,CF,PIT,27.724065,24,-0.14283918,28,8.397943,7.812500,64,"2024-2025 full seasons (17 games), n=64",false,false
qbIndex,CF,SEA,80.223003,6,0.19327634,10,88.144923,87.500000,64,"2024-2025 full seasons (17 games), n=64",false,false
qbIndex,CF,SF,92.876506,1,0.51544512,1,99.996379,100.000000,64,"2024-2025 full seasons (17 games), n=64",false,true
qbIndex,CF,TB,17.246115,32,-0.20515833,31,2.230433,1.562500,64,"2024-2025 full seasons (17 games), n=64",false,false
qbIndex,CF,TEN,27.327377,25,-0.08616565,25,14.870436,15.625000,64,"2024-2025 full seasons (17 games), n=64",false,false
qbIndex,CF,WAS,36.904596,22,0.03266781,19,45.619759,45.312500,64,"2024-2025 full seasons (17 games), n=64",false,false
